table,variable,value,label
hh,is_complete,0,Record is not complete
hh,is_complete,1,Record is complete
hh,is_complete,995,Missing Response
hh,sample_segment,1,Cook County - General (urban)
hh,sample_segment,2,Cook County - General (suburban and rural)
hh,sample_segment,3,Cook County - Hard-to-reach
hh,sample_segment,4,Cook County - Walk/bike/transit
hh,sample_segment,5,DuPage County - General
hh,sample_segment,6,DuPage County - Hard-to-reach
hh,sample_segment,7,DuPage County - Walk/bike/transit
hh,sample_segment,8,Kane County - General
hh,sample_segment,9,Kane County - Hard-to-reach
hh,sample_segment,10,Kane County - Walk/bike/transit
hh,sample_segment,11,Kendall County - General
hh,sample_segment,14,Lake County - General
hh,sample_segment,15,Lake County - Hard-to-reach
hh,sample_segment,16,Lake County - Walk/bike/transit
hh,sample_segment,17,McHenry County - General
hh,sample_segment,18,McHenry County - Hard-to-reach
hh,sample_segment,19,McHenry County - Walk/bike/transit
hh,sample_segment,20,Will County - General
hh,sample_segment,21,Will County - Hard-to-reach
hh,sample_segment,22,Will County - Walk/bike/transit
hh,sample_segment,23,Spanish-speaking
hh,sample_segment,99,admin
hh,sample_segment,8888,Non-probability sample
hh,num_days_complete,0,Household/person does not have any completed days
hh,num_days_complete,1,1 completed day
hh,num_days_complete,2,2 completed days
hh,num_days_complete,3,3 completed days
hh,num_days_complete,4,4 completed days
hh,num_days_complete,5,5 completed days
hh,num_days_complete,6,6 completed days
hh,num_days_complete,7,7 completed days
hh,num_days_complete_weekday,0,Household does not have a completed weekday
hh,num_days_complete_weekday,1,1 completed weekday
hh,num_days_complete_weekday,2,2 completed weekdays
hh,num_days_complete_weekday,3,3 completed weekdays
hh,num_days_complete_weekday,4,4 completed weekdays
hh,num_days_complete_weekday,5,5 completed weekdays
hh,num_complete_mon,0,Household does not have a completed Monday
hh,num_complete_mon,1,Household has a completed Monday
hh,num_complete_tue,0,Household does not have a completed Tuesday
hh,num_complete_tue,1,Household has a completed Tuesday
hh,num_complete_wed,0,Household does not have a completed Wednesday
hh,num_complete_wed,1,Household has a completed Wednesday
hh,num_complete_thu,0,Household does not have a completed Thursday
hh,num_complete_thu,1,Household has a completed Thursday
hh,num_complete_fri,0,Household does not have a completed Friday
hh,num_complete_fri,1,Household has a completed Friday
hh,num_days_complete_weekend,0,Household does not have a completed weekend day
hh,num_days_complete_weekend,1,1 completed weekend day
hh,num_days_complete_weekend,2,2 completed weekend days
hh,num_complete_sat,0,Household does not have a completed Saturday
hh,num_complete_sat,1,Household has a completed Saturday
hh,num_complete_sun,0,Household does not have a completed Sunday
hh,num_complete_sun,1,Household has a completed Sunday
hh,num_people,1,1 person in household
hh,num_people,2,2 people in household
hh,num_people,3,3 people in household
hh,num_people,4,4 people in household
hh,num_people,5,5 people in household
hh,num_people,6,6 people in household
hh,num_people,7,7 people in household
hh,num_people,8,8 people in household
hh,num_people,9,9 people in household
hh,num_people,10,10 people in household
hh,num_people,11,11 people in household
hh,num_people,12,12 people in household
hh,num_people,13,13 or more people in household
hh,num_surveyable,1,1 surveyable person in household
hh,num_surveyable,2,2 surveyable persons in household
hh,num_surveyable,3,3 surveyable persons in household
hh,num_surveyable,4,4 surveyable persons in household
hh,num_surveyable,5,5 surveyable persons in household
hh,num_surveyable,6,6 surveyable persons in household
hh,num_surveyable,7,7 surveyable persons in household
hh,num_surveyable,8,8 surveyable persons in household
hh,num_surveyable,9,9 surveyable persons in household
hh,num_surveyable,10,10 surveyable persons in household
hh,num_surveyable,11,11 surveyable persons in household
hh,num_surveyable,12,12 surveyable persons in household
hh,num_surveyable,13,13 or more surveyable persons in household
hh,num_participants,1,1 participant in household
hh,num_participants,2,2  participants in household
hh,num_participants,3,3  participants in household
hh,num_participants,4,4  participants in household
hh,num_participants,5,5  participants in household
hh,num_participants,6,6  participants in household
hh,num_participants,7,7  participants in household
hh,num_participants,8,8  participants in household
hh,num_participants,9,9  participants in household
hh,num_participants,10,10 participants in household
hh,num_participants,11,11 participants in household
hh,num_participants,12,12 participants in household
hh,num_participants,13,13 or more  participants in household
hh,num_adults,1,1 adult in household
hh,num_adults,2,2 adults in household
hh,num_adults,3,3 adults in household
hh,num_adults,4,4 adults in household
hh,num_adults,5,5 adults in household
hh,num_adults,6,6 adults in household
hh,num_adults,7,7 adults in household
hh,num_adults,8,8 adults in household
hh,num_adults,9,9 adults in household
hh,num_adults,10,10 adults in houseold
hh,num_adults,11,11 adults in househld
hh,num_adults,12,12 adults in household
hh,num_adults,13,13 or more adults in household
hh,num_kids,0,0 children in household
hh,num_kids,1,1 child in household
hh,num_kids,2,2 children in household
hh,num_kids,3,3 children in household
hh,num_kids,4,4 children in household
hh,num_kids,5,5 children in household
hh,num_kids,6,6 children in household
hh,num_kids,7,7 children in household
hh,num_kids,8,8 children in household
hh,num_kids,9,9 children in household
hh,num_kids,10,10 children in household
hh,num_kids,11,11 children in household
hh,num_kids,12,12 or more children in household
hh,num_workers,0,0 workers in household
hh,num_workers,1,1 worker in household
hh,num_workers,2,2 workers in household
hh,num_workers,3,3 workers in household
hh,num_workers,4,4 workers in household
hh,num_workers,5,5 workers in household
hh,num_workers,6,6 workers in household
hh,num_workers,7,7 workers in household
hh,num_workers,8,8 workers in household
hh,num_workers,9,9 workers in household
hh,num_workers,10,10 workers in household
hh,num_workers,11,11 workers in household
hh,num_workers,12,12 workers in household
hh,num_workers,13,13 or more workers in household
hh,num_students,0,0 students in household
hh,num_students,1,1 student in household
hh,num_students,2,2 students in household
hh,num_students,3,3 students in household
hh,num_students,4,4 students in household
hh,num_students,5,5 students in household
hh,num_students,6,6 students in household
hh,num_students,7,7 students in household
hh,num_students,8,8 students in household
hh,num_students,9,9 students in household
hh,num_students,10,10 students in household
hh,num_students,11,11 students in household
hh,num_students,12,12 students in household
hh,num_students,13,13 or more students in household
hh,num_vehicles,0,0 (no vehicles in my household) in household
hh,num_vehicles,1,1 vehicle in household
hh,num_vehicles,2,2 vehicles in household
hh,num_vehicles,3,3 vehicles in household
hh,num_vehicles,4,4 vehicles in household
hh,num_vehicles,5,5 vehicles in household
hh,num_vehicles,6,6 vehicles in household
hh,num_vehicles,7,7 vehicles in household
hh,num_vehicles,8,8 vehicles in household
hh,num_vehicles,9,9 vehicles in household
hh,num_vehicles,10,10 vehicles in household
hh,num_vehicles,11,11 vehicles in household
hh,num_vehicles,12,12 or more vehicles in household
hh,num_bicycle,0,No bicycles in household
hh,num_bicycle,1,1 bicycle in household
hh,num_bicycle,2,2 bicycle in household
hh,num_bicycle,3,3 bicycle in household
hh,num_bicycle,4,4 bicycle in household
hh,num_bicycle,5,5 bicycle in household
hh,num_bicycle,6,6 bicycle in household
hh,num_bicycle,7,7 bicycle in household
hh,num_bicycle,8,8 or more bicycles in household
hh,num_bicycle,995,Missing Response
hh,bicycle_type_1,0,Not selected
hh,bicycle_type_1,1,Selected
hh,bicycle_type_1,995,Missing Response
hh,bicycle_type_2,0,Not selected
hh,bicycle_type_2,1,Selected
hh,bicycle_type_2,995,Missing Response
hh,bicycle_type_3,0,Not selected
hh,bicycle_type_3,1,Selected
hh,bicycle_type_3,995,Missing Response
hh,bicycle_type_997,0,Not selected
hh,bicycle_type_997,1,Selected
hh,bicycle_type_997,995,Missing Response
hh,income_detailed,1,"Less than $15,000"
hh,income_detailed,2,"$15,000-$24,999"
hh,income_detailed,3,"$25,000-$29,999"
hh,income_detailed,4,"$30,000-$34,999"
hh,income_detailed,5,"$35,000-$49,999"
hh,income_detailed,6,"$50,000-$59,999"
hh,income_detailed,7,"$60,000-$74,999"
hh,income_detailed,8,"$75,000-$99,999"
hh,income_detailed,9,"$100,000-$149,999"
hh,income_detailed,10,"$150,000-$199,999"
hh,income_detailed,11,"$200,000-$249,999"
hh,income_detailed,12,"$250,000 or more"
hh,income_detailed,999,Prefer not to answer
hh,income_broad,1,"Under $30,000"
hh,income_broad,2,"$30,000-$59,999"
hh,income_broad,3,"$60,000-$99,999"
hh,income_broad,4,"$100,000-$149,999"
hh,income_broad,5,"$150,000 or more"
hh,income_broad,999,Prefer not to answer
hh,residence_type,1,Single-family detached house
hh,residence_type,2,"Single-family attached house (duplex, rowhouse, or townhouse)"
hh,residence_type,3,An apartment or condo
hh,residence_type,4,Manufactured home/mobile home/trailer
hh,residence_type,5,"Boat, RV, or van"
hh,residence_type,6,"Dorm, group quarters, or institutional housing"
hh,residence_type,7,Other
hh,residence_type,995,Missing Response
hh,residence_rent_own,1,Owns residence without current mortgage
hh,residence_rent_own,2,Owns residence with mortgage
hh,residence_rent_own,3,Rents residence
hh,residence_rent_own,4,Residence provided by job or military
hh,residence_rent_own,5,Occupies residence without payment or rent
hh,residence_rent_own,995,Missing Response
hh,residence_rent_own,997,Other
hh,residence_rent_own,999,Prefer not to answer
person,bike_freq,1,6-7 days a week
person,bike_freq,2,5 days a week
person,bike_freq,3,4 days a week
person,bike_freq,4,3 days a week
person,bike_freq,5,2 days a week
person,bike_freq,6,1 day a week
person,bike_freq,7,1-3 days a month
person,bike_freq,8,Less than monthly
person,bike_freq,995,Missing Response
person,bike_freq,996,Never
person,bike_store,1,"Inside house/apartment (includes garage, porch, storage area)"
person,bike_store,2,Bike rack
person,bike_store,3,Bike locker
person,bike_store,4,Secured bike room
person,bike_store,5,"Locked to other object (e.g., post, tree)"
person,bike_store,6,Bike-share designated docking station
person,bike_store,7,Unlocked on-street
person,bike_store,995,Missing Response
person,bike_store,997,Other
person,hh_is_complete,0,No
person,hh_is_complete,1,Yes
person,is_participant,0,No
person,is_participant,1,Yes
person,surveyable,0,Not surveyable
person,surveyable,1,Surveyable
person,is_proxy,0,Person is NOT a proxy reporter for another person
person,is_proxy,1,Person is a proxy reporter for another person
person,has_proxy,0,No
person,has_proxy,1,Yes
person,second_home,0,Does not regularly spend night at second home
person,second_home,1,Regularly spends night at second home
person,second_home,995,Missing Response
person,tenure,1,Less than a year
person,tenure,2,1-2 years
person,tenure,3,2-5 years
person,tenure,4,5-10 years
person,tenure,5,10-20 years
person,tenure,6,20-50 years
person,tenure,7,50 or more years
person,tenure,995,Missing Response
person,prev_residence_type,1,Single-family detached house
person,prev_residence_type,2,"Single-family attached house (duplex, rowhouse, or townhouse)"
person,prev_residence_type,3,An apartment or condo
person,prev_residence_type,4,Manufactured home/mobile home/trailer
person,prev_residence_type,5,"Boat, RV, or van"
person,prev_residence_type,6,"Dorm, group quarters, or institutional housing"
person,prev_residence_type,7,Other
person,prev_residence_type,995,Missing Response
person,prev_residence_zip,1,Provided ZIP
person,prev_residence_zip,2,Don't know
person,prev_residence_zip,995,Missing response
person,prev_zip_in_region,0,Previous residence was not in the study area
person,prev_zip_in_region,1,Previous residence was in the study area
person,prev_zip_in_region,995,Missing Response
person,relationship,0,Self
person,relationship,1,"Spouse, partner"
person,relationship,2,"Child, child in-law"
person,relationship,3,"Parent, parent in-law"
person,relationship,4,"Sibling, sibling in-law"
person,relationship,5,Grandparent
person,relationship,6,Grandchild
person,relationship,7,"Other relative (e.g., cousin)"
person,relationship,8,"Nonrelative (e.g., friend, roommate, household help)"
person,age,1,Under 5
person,age,2,5-11
person,age,3,12-15
person,age,4,16-17
person,age,5,18-24
person,age,6,25-34
person,age,7,35-44
person,age,8,45-54
person,age,9,55-64
person,age,10,65-74
person,age,11,75-84
person,age,12,85 or older
person,gender,1,Female
person,gender,2,Male
person,gender,3,Non-binary
person,gender,995,Missing Response
person,gender,997,Other/prefer to self-describe
person,gender,999,Prefer not to answer
person,race,1,African American or Black
person,race,2,American Indian or Alaska Native
person,race,3,Asian
person,race,4,Native Hawaiian or Other Pacific Islander
person,race,5,White
person,race,6,Other race
person,race,7,Two or more races
person,race,995,Missing Response
person,race,999,Prefer not to answer
person,race_1,0,Not selected
person,race_1,1,Selected
person,race_1,995,Missing Response
person,race_2,0,Not selected
person,race_2,1,Selected
person,race_2,995,Missing Response
person,race_3,0,Not selected
person,race_3,1,Selected
person,race_3,995,Missing Response
person,race_4,0,Not selected
person,race_4,1,Selected
person,race_4,995,Missing Response
person,race_5,0,Not selected
person,race_5,1,Selected
person,race_5,995,Missing Response
person,race_997,0,Not selected
person,race_997,1,Selected
person,race_997,995,Missing Response
person,race_999,0,Not selected
person,race_999,1,Selected
person,race_999,995,Missing Response
person,ethnicity,0,"Not of Hispanic, Latino, or Spanish origin"
person,ethnicity,1,"Hispanic, Latino, or Spanish origin"
person,ethnicity,995,Missing Response
person,ethnicity,999,Prefer not to answer
person,ethnicity_1,0,Not selected
person,ethnicity_1,1,Selected
person,ethnicity_1,995,Missing Response
person,ethnicity_2,0,Not selected
person,ethnicity_2,1,Selected
person,ethnicity_2,995,Missing Response
person,ethnicity_3,0,Not selected
person,ethnicity_3,1,Selected
person,ethnicity_3,995,Missing Response
person,ethnicity_4,0,Not selected
person,ethnicity_4,1,Selected
person,ethnicity_4,995,Missing Response
person,ethnicity_997,0,Not selected
person,ethnicity_997,1,Selected
person,ethnicity_997,995,Missing Response
person,ethnicity_999,0,Not selected
person,ethnicity_999,1,Selected
person,ethnicity_999,995,Missing Response
person,employment,1,"Employed full-time (35 hours or more per week, paid)"
person,employment,2,"Employed part-time (less than 35 hours per week, paid)"
person,employment,3,Self-employed
person,employment,5,Retired
person,employment,6,Unemployed and looking for work
person,employment,7,Volunteer or intern (unpaid)
person,employment,8,"Employed, but not currently working (e.g., on leave, furloughed 100%)"
person,employment,9,Homemaker
person,employment,10,Disabled non-worker
person,employment,11,"Not employed and not looking for work (e.g., student)"
person,employment,995,Missing Response
person,num_jobs,1,1 job
person,num_jobs,2,2 jobs
person,num_jobs,3,3 jobs
person,num_jobs,4,4 jobs
person,num_jobs,5,5 jobs
person,num_jobs,6,6 jobs
person,num_jobs,7,7 jobs
person,num_jobs,8,8 jobs
person,num_jobs,9,9 or more jobs
person,num_jobs,995,Missing Response
person,job_type,1,Go to one work location ONLY (outside of home)
person,job_type,2,Work location regularly varies (different offices/jobsites)
person,job_type,3,"Work ONLY from home or remotely (telework, self-employed)"
person,job_type,4,"Drive for ride-hail or food delivery service (e.g., Uber, Lyft, UberEats, DoorDash)"
person,job_type,5,"Drive for parcel delivery service (e.g., UPS, FedEx)"
person,job_type,6,Drive for other reason
person,job_type,7,Telework some days and travel to a work location some days
person,job_type,995,Missing Response
person,job_type_2,1,Go to one work location ONLY (outside of home)
person,job_type_2,2,Work location regularly varies (different offices/jobsites)
person,job_type_2,3,"Work ONLY from home or remotely (telework, self-employed)"
person,job_type_2,4,"Drive for ride-hail or food delivery service (e.g., Uber, Lyft, UberEats, DoorDash)"
person,job_type_2,5,"Drive for parcel delivery service (e.g., UPS, FedEx)"
person,job_type_2,6,Drive for other reason
person,job_type_2,7,Telework some days and travel to a work location some days
person,job_type_2,995,Missing Response
person,job_type_3,1,Go to one work location ONLY (outside of home)
person,job_type_3,2,Work location regularly varies (different offices/jobsites)
person,job_type_3,3,"Work ONLY from home or remotely (telework, self-employed)"
person,job_type_3,4,"Drive for ride-hail or food delivery service (e.g., Uber, Lyft, UberEats, DoorDash)"
person,job_type_3,5,"Drive for parcel delivery service (e.g., UPS, FedEx)"
person,job_type_3,6,Drive for other reason
person,job_type_3,7,Telework some days and travel to a work location some days
person,job_type_3,995,Missing Response
person,work_flex,0,No
person,work_flex,1,Yes
person,work_flex,995,Missing Response
person,work_flex,998,Don't know
person,industry,1,Accommodation and Food Services
person,industry,2,Administrative and Support and Waste Management and Remediation Services
person,industry,3,"Agriculture, Forestry, Fishing and Hunting"
person,industry,4,"Arts, Entertainment, and Recreation"
person,industry,5,Construction
person,industry,6,Education Services
person,industry,7,Finance and Insurance
person,industry,8,Health Care and Social Assistance
person,industry,9,Information
person,industry,10,Management of Companies and Enterprises
person,industry,11,Manufacturing
person,industry,12,"Mining, Quarrying, and Oil and Gas Extraction"
person,industry,13,"Professional, Scientific, and Technical Services"
person,industry,14,Public Administration
person,industry,15,Real Estate and Rental and Leasing
person,industry,16,Retail Trade
person,industry,17,Transportation and Warehousing
person,industry,18,Utilities
person,industry,19,Wholesale Trade
person,industry,20,Other Services (except Public Administration)
person,industry,995,Missing Response
person,occupation,1,Architecture and Engineering
person,occupation,2,"Arts, Design, Entertainment, Sports, and Media"
person,occupation,3,Building and Grounds Cleaning and Maintenance
person,occupation,4,Business and Financial Operations
person,occupation,5,Community and Social Service
person,occupation,6,Computer and Mathematical
person,occupation,7,Construction and Extraction
person,occupation,8,Educational Instruction and Library
person,occupation,9,"Farming, Fishing, and Forestry"
person,occupation,10,Food Preparation and Serving Related
person,occupation,11,Healthcare Practitioners and Technical
person,occupation,12,Healthcare Support
person,occupation,13,"Installation, Maintenance, and Repair"
person,occupation,14,Legal
person,occupation,15,"Life, Physical, and Social science"
person,occupation,16,Management
person,occupation,17,Military Specific
person,occupation,18,Office and Administrative Support
person,occupation,19,Personal Care and Service
person,occupation,20,Production
person,occupation,21,Protective Service
person,occupation,22,Sales and Related
person,occupation,23,Transportation and Material Moving
person,occupation,24,Other
person,occupation,995,Missing Response
person,commute_freq,1,6-7 days a week
person,commute_freq,2,5 days a week
person,commute_freq,3,4 days a week
person,commute_freq,4,3 days a week
person,commute_freq,5,2 days a week
person,commute_freq,6,1 day a week
person,commute_freq,7,1-3 days a month
person,commute_freq,8,Less than monthly
person,commute_freq,995,Missing Response
person,commute_freq,996,Never
person,telework_freq,1,6-7 days a week
person,telework_freq,2,5 days a week
person,telework_freq,3,4 days a week
person,telework_freq,4,3 days a week
person,telework_freq,5,2 days a week
person,telework_freq,6,1 day a week
person,telework_freq,7,1 day every 2 weeks
person,telework_freq,8,1-3 days a month
person,telework_freq,9,Less than monthly
person,telework_freq,995,Missing Response
person,telework_freq,996,Never
person,telework_days_1,0,Not selected
person,telework_days_1,1,Selected
person,telework_days_1,995,Missing Response
person,telework_days_2,0,Not selected
person,telework_days_2,1,Selected
person,telework_days_2,995,Missing Response
person,telework_days_3,0,Not selected
person,telework_days_3,1,Selected
person,telework_days_3,995,Missing Response
person,telework_days_4,0,Not selected
person,telework_days_4,1,Selected
person,telework_days_4,995,Missing Response
person,telework_days_5,0,Not selected
person,telework_days_5,1,Selected
person,telework_days_5,995,Missing Response
person,telework_days_6,0,Not selected
person,telework_days_6,1,Selected
person,telework_days_6,995,Missing Response
person,telework_days_7,0,Not selected
person,telework_days_7,1,Selected
person,telework_days_7,995,Missing Response
person,telework_days_8,0,Not selected
person,telework_days_8,1,Selected
person,telework_days_8,995,Missing Response
person,telework_change,1,I telework more days per week now
person,telework_change,2,I telework fewer days per week now
person,telework_change,3,I telework about as often as I did one year ago
person,telework_change,995,Missing Response
person,telework_offered,0,No
person,telework_offered,1,Yes
person,telework_offered,995,Missing Response
person,telework_offered,998,I don't know
person,telework_freq_pre_covid,1,6-7 days a week
person,telework_freq_pre_covid,2,5 days a week
person,telework_freq_pre_covid,3,4 days a week
person,telework_freq_pre_covid,4,3 days a week
person,telework_freq_pre_covid,5,2 days a week
person,telework_freq_pre_covid,6,1 day a week
person,telework_freq_pre_covid,7,1-3 days a month
person,telework_freq_pre_covid,8,Less than monthly
person,telework_freq_pre_covid,995,Missing Response
person,telework_freq_pre_covid,996,None
person,work_home_decision,0,No
person,work_home_decision,1,Yes
person,work_home_decision,995,Missing Response
person,work_home_decision,998,I don't know
person,work_home_decision_factor_1,0,Not selected
person,work_home_decision_factor_1,1,Selected
person,work_home_decision_factor_1,995,Missing Response
person,work_home_decision_factor_2,0,Not selected
person,work_home_decision_factor_2,1,Selected
person,work_home_decision_factor_2,995,Missing Response
person,work_home_decision_factor_3,0,Not selected
person,work_home_decision_factor_3,1,Selected
person,work_home_decision_factor_3,995,Missing Response
person,work_home_decision_factor_4,0,Not selected
person,work_home_decision_factor_4,1,Selected
person,work_home_decision_factor_4,995,Missing Response
person,work_home_decision_factor_5,0,Not selected
person,work_home_decision_factor_5,1,Selected
person,work_home_decision_factor_5,995,Missing Response
person,work_home_decision_factor_997,0,Not selected
person,work_home_decision_factor_997,1,Selected
person,work_home_decision_factor_997,995,Missing Response
person,volunteer_freq,1,6-7 days a week
person,volunteer_freq,2,5 days a week
person,volunteer_freq,3,4 days a week
person,volunteer_freq,4,3 days a week
person,volunteer_freq,5,2 days a week
person,volunteer_freq,6,1 day a week
person,volunteer_freq,7,1-3 days a month
person,volunteer_freq,8,Less than monthly
person,volunteer_freq,995,Missing Response
person,volunteer_freq,996,Never
person,work_mode,1,Walk (or jog/wheelchair)
person,work_mode,21,Carpool/vanpool
person,work_mode,26,Private shuttle bus
person,work_mode,27,Paratransit
person,work_mode,46,"Bus (CTA, PACE, other service provider)"
person,work_mode,58,"Train (CTA, METRA, NICTD, Amtrak)"
person,work_mode,100,Household vehicle (or motorcycle) as the driver
person,work_mode,101,"Other vehicle (e.g., friend's car, rental, work car) as the passenger"
person,work_mode,103,Bicycle or e-bicycle
person,work_mode,104,Other
person,work_mode,106,Uber/Lyft/Via
person,work_mode,107,"Micromobility (e.g., scooter, moped, skateboard)"
person,work_mode,109,Dial-a-Ride
person,work_mode,110,Call-n-Ride
person,work_mode,111,Household vehicle (or motorcycle) as the passenger
person,work_mode,112,"Other vehicle (e.g., friend's car, rental, work car) as the driver"
person,work_mode,113,Taxi
person,work_mode,114,Car service
person,work_mode,995,Missing Response
person,work_mode_access,1,Walk (or jog/wheelchair)
person,work_mode_access,2,Drive and park my own household's vehicle (or motorcycle)
person,work_mode_access,3,Drive and park another vehicle (or motorcycle)
person,work_mode_access,4,Get dropped off in my own household's vehicle (or motorcycle)
person,work_mode_access,5,Get dropped off in another vehicle (or motorcycle)
person,work_mode_access,6,"Uber/Lyft/Via, taxi, or car service"
person,work_mode_access,7,Bicycle
person,work_mode_access,8,"Micromobility (e.g., scooter, moped, skateboard"
person,work_mode_access,995,Missing Response
person,work_mode_access,997,Other
person,commute_subsidy_1,0,Not selected
person,commute_subsidy_1,1,Selected
person,commute_subsidy_1,995,Missing Response
person,commute_subsidy_2,0,Not selected
person,commute_subsidy_2,1,Selected
person,commute_subsidy_2,995,Missing Response
person,commute_subsidy_996,0,Not selected
person,commute_subsidy_996,1,Selected
person,commute_subsidy_996,995,Missing Response
person,commute_subsidy_997,0,Not selected
person,commute_subsidy_997,1,Selected
person,commute_subsidy_997,995,Missing Response
person,parking_subsidy,1,Free (fully subsidized) parking at work
person,parking_subsidy,2,Employer pays 25% or less of my parking costs
person,parking_subsidy,3,Employer pays between 26% and 75% of my parking costs
person,parking_subsidy,4,Employer pays between 76% and 99% of my parking costs
person,parking_subsidy,5,Employer deducts pre-tax earnings to apply to my parking costs
person,parking_subsidy,995,Missing Response
person,parking_subsidy,997,Other
person,transit_subsidy,1,Free (fully subsidized) transit fares
person,transit_subsidy,2,Employer pays 25% or less of my transit fares
person,transit_subsidy,3,Employer pays between 26% and 75% of my transit fares
person,transit_subsidy,4,Employer pays between 76% and 99% of my transit fares
person,transit_subsidy,5,Employer deducts pre-tax earnings to apply to my transit fares
person,transit_subsidy,995,Missing Response
person,transit_subsidy,997,Other
person,benefit_use_1,0,Not selected
person,benefit_use_1,1,Selected
person,benefit_use_1,995,Missing Response
person,benefit_use_2,0,Not selected
person,benefit_use_2,1,Selected
person,benefit_use_2,995,Missing Response
person,benefit_use_3,0,Not selected
person,benefit_use_3,1,Selected
person,benefit_use_3,995,Missing Response
person,benefit_use_4,0,Not selected
person,benefit_use_4,1,Selected
person,benefit_use_4,995,Missing Response
person,benefit_use_996,0,Not selected
person,benefit_use_996,1,Selected
person,benefit_use_996,995,Missing Response
person,work_walk_freq,1,7 days
person,work_walk_freq,2,6 days
person,work_walk_freq,3,5 days
person,work_walk_freq,4,4 days
person,work_walk_freq,5,3 days
person,work_walk_freq,6,2 days
person,work_walk_freq,7,1 day
person,work_walk_freq,995,Missing Response
person,work_walk_freq,996,Never
person,work_bike_freq,1,7 days
person,work_bike_freq,2,6 days
person,work_bike_freq,3,5 days
person,work_bike_freq,4,4 days
person,work_bike_freq,5,3 days
person,work_bike_freq,6,2 days
person,work_bike_freq,7,1 day
person,work_bike_freq,995,Missing Response
person,work_bike_freq,996,Never
person,work_carpool_freq,1,7 days
person,work_carpool_freq,2,6 days
person,work_carpool_freq,3,5 days
person,work_carpool_freq,4,4 days
person,work_carpool_freq,5,3 days
person,work_carpool_freq,6,2 days
person,work_carpool_freq,7,1 day
person,work_carpool_freq,995,Missing Response
person,work_carpool_freq,996,Never
person,education,1,Less than high school
person,education,2,High school graduate/GED
person,education,3,Some college
person,education,4,Vocational/technical training
person,education,5,Associate degree
person,education,6,Bachelor's degree
person,education,7,Graduate/post-graduate degree
person,education,8,Some other degree
person,education,995,Missing Response
person,education,999,Prefer not to answer
person,student,0,"Full-time student, currently attending some or all classes in-person"
person,student,1,"Part-time student, currently attending some or all classes in-person"
person,student,2,Not a student
person,student,3,"Part-time student, ONLY online classes"
person,student,4,"Full-time student, ONLY online classes"
person,student,995,Missing Response
person,school_type,1,Daycare outside home
person,school_type,2,Preschool
person,school_type,3,Cared for at home
person,school_type,4,"Elementary school (public, private, charter)"
person,school_type,5,"Middle school (public, private, charter)"
person,school_type,6,"High school (public, private, charter)"
person,school_type,7,Home school
person,school_type,8,Vocational/technical school
person,school_type,9,2-year college
person,school_type,10,4-year college
person,school_type,11,Graduate or professional school
person,school_type,995,Missing Response
person,school_type,997,Other
person,school_freq,1,6-7 days a week
person,school_freq,2,5 days a week
person,school_freq,3,4 days a week
person,school_freq,4,3 days a week
person,school_freq,5,2 days a week
person,school_freq,6,1 day a week
person,school_freq,7,1-3 days per month
person,school_freq,8,Less than monthly
person,school_freq,995,Missing Response
person,school_freq,996,Never
person,remote_class_freq,1,6-7 days a week
person,remote_class_freq,2,5 days a week
person,remote_class_freq,3,4 days a week
person,remote_class_freq,4,3 days a week
person,remote_class_freq,5,2 days a week
person,remote_class_freq,6,1 day a week
person,remote_class_freq,7,1-3 days a month
person,remote_class_freq,8,Less than monthly
person,remote_class_freq,995,Missing Response
person,remote_class_freq,996,Never
person,school_mode,1,Walk (or jog/wheelchair)
person,school_mode,21,Carpool/vanpool
person,school_mode,24,School bus
person,school_mode,26,Private shuttle bus
person,school_mode,27,Paratransit
person,school_mode,46,"Bus (CTA, PACE, other service provider)"
person,school_mode,58,"Train (CTA, METRA, NICTD, Amtrak)"
person,school_mode,100,Household vehicle (or motorcycle) as the driver
person,school_mode,101,"Other vehicle (e.g., friend's car, rental, work car) as the driver"
person,school_mode,103,Bicycle or e-bicycle
person,school_mode,104,Other
person,school_mode,106,"Uber/Lyft, taxi, or car service"
person,school_mode,107,"Micromobility (e.g., scooter, moped, skateboard)"
person,school_mode,109,Dial-a-Ride
person,school_mode,110,Call-n-Ride
person,school_mode,111,Household vehicle (or motorcycle) as the passenger
person,school_mode,112,"Other vehicle (e.g., friend's car, rental, work car) as the passenger"
person,school_mode,113,Taxi
person,school_mode,114,Car service
person,school_mode,995,Missing Response
person,school_mode_driver,1,Household member 1
person,school_mode_driver,2,Household member 2
person,school_mode_driver,3,Household member 3
person,school_mode_driver,4,Household member 4
person,school_mode_driver,5,Household member 5
person,school_mode_driver,6,Household member 6
person,school_mode_driver,995,Missing Response
person,school_mode_driver,997,Someone else
person,school_park_ride,0,No
person,school_park_ride,1,Yes
person,school_park_ride,995,Missing Response
person,share_1,0,Not selected
person,share_1,1,Selected
person,share_1,995,Missing Response
person,share_2,0,Not selected
person,share_2,1,Selected
person,share_2,995,Missing Response
person,share_3,0,Not selected
person,share_3,1,Selected
person,share_3,995,Missing Response
person,share_4,0,Not selected
person,share_4,1,Selected
person,share_4,995,Missing Response
person,share_5,0,Not selected
person,share_5,1,Selected
person,share_5,995,Missing Response
person,share_6,0,Not selected
person,share_6,1,Selected
person,share_6,995,Missing Response
person,share_7,0,Not selected
person,share_7,1,Selected
person,share_7,995,Missing Response
person,share_996,0,Not selected
person,share_996,1,Selected
person,share_996,995,Missing Response
person,tnc_freq,1,6-7 days a week
person,tnc_freq,2,5 days a week
person,tnc_freq,3,4 days a week
person,tnc_freq,4,3 days a week
person,tnc_freq,5,2 days a week
person,tnc_freq,6,1 day a week
person,tnc_freq,7,1-3 days a month
person,tnc_freq,8,Less than monthly
person,tnc_freq,995,Missing Response
person,taxi_freq,1,6-7 days a week
person,taxi_freq,2,5 days a week
person,taxi_freq,3,4 days a week
person,taxi_freq,4,3 days a week
person,taxi_freq,5,2 days a week
person,taxi_freq,6,1 day a week
person,taxi_freq,7,1-3 days a month
person,taxi_freq,8,Less than monthly
person,taxi_freq,995,Missing Response
person,bikeshare_freq,1,6-7 days a week
person,bikeshare_freq,2,5 days a week
person,bikeshare_freq,3,4 days a week
person,bikeshare_freq,4,3 days a week
person,bikeshare_freq,5,2 days a week
person,bikeshare_freq,6,1 day a week
person,bikeshare_freq,7,1-3 days a month
person,bikeshare_freq,8,Less than monthly
person,bikeshare_freq,995,Missing Response
person,bike_store_1,0,Not selected
person,bike_store_1,1,Selected
person,bike_store_1,995,Missing response
person,bike_store_2,0,Not selected
person,bike_store_2,1,Selected
person,bike_store_2,995,Missing response
person,bike_store_3,0,Not selected
person,bike_store_3,1,Selected
person,bike_store_3,995,Missing response
person,bike_store_4,0,Not selected
person,bike_store_4,1,Selected
person,bike_store_4,995,Missing response
person,bike_store_5,0,Not selected
person,bike_store_5,1,Selected
person,bike_store_5,995,Missing response
person,bike_store_6,0,Not selected
person,bike_store_6,1,Selected
person,bike_store_6,995,Missing response
person,bike_store_7,0,Not selected
person,bike_store_7,1,Selected
person,bike_store_7,995,Missing response
person,bike_store_997,0,Not selected
person,bike_store_997,1,Selected
person,bike_store_997,995,Missing response
person,micromobility_devices_1,0,Not selected
person,micromobility_devices_1,1,Selected
person,micromobility_devices_1,995,Missing Response
person,micromobility_devices_2,0,Not selected
person,micromobility_devices_2,1,Selected
person,micromobility_devices_2,995,Missing Response
person,micromobility_devices_3,0,Not selected
person,micromobility_devices_3,1,Selected
person,micromobility_devices_3,995,Missing Response
person,micromobility_devices_997,0,Not selected
person,micromobility_devices_997,1,Selected
person,micromobility_devices_997,995,Missing Response
person,micromobility_devices_999,0,Not selected
person,micromobility_devices_999,1,Selected
person,micromobility_devices_999,995,Missing Response
person,transit_freq,1,6-7 days a week
person,transit_freq,2,5 days a week
person,transit_freq,3,4 days a week
person,transit_freq,4,3 days a week
person,transit_freq,5,2 days a week
person,transit_freq,6,1 day a week
person,transit_freq,7,1-3 days a month
person,transit_freq,8,Less than monthly
person,transit_freq,995,Missing Response
person,transit_freq,996,Never
person,transit_freq_change,1,I use transit more often now
person,transit_freq_change,2,I use transit less often now
person,transit_freq_change,3,I use transit about as often as I did one year ago
person,transit_freq_change,995,Missing Response
person,transit_freq_work,1,6-7 days a week
person,transit_freq_work,2,5 days a week
person,transit_freq_work,3,4 days a week
person,transit_freq_work,4,3 days a week
person,transit_freq_work,5,2 days a week
person,transit_freq_work,6,1 day a week
person,transit_freq_work,7,1-3 days a month
person,transit_freq_work,8,Less than monthly
person,transit_freq_work,995,Missing Response
person,transit_freq_work,996,Never
person,transit_pass_0,0,Not selected
person,transit_pass_0,1,Selected
person,transit_pass_0,995,Missing Response
person,transit_pass_1,0,Not selected
person,transit_pass_1,1,Selected
person,transit_pass_1,995,Missing Response
person,transit_pass_2,0,Not selected
person,transit_pass_2,1,Selected
person,transit_pass_2,995,Missing Response
person,transit_pass_3,0,Not selected
person,transit_pass_3,1,Selected
person,transit_pass_3,995,Missing Response
person,transit_pass_4,0,Not selected
person,transit_pass_4,1,Selected
person,transit_pass_4,995,Missing Response
person,transit_pass_5,0,Not selected
person,transit_pass_5,1,Selected
person,transit_pass_5,995,Missing Response
person,transit_fare_program_1,0,Not selected
person,transit_fare_program_1,1,Selected
person,transit_fare_program_1,995,Missing Response
person,transit_fare_program_2,0,Not selected
person,transit_fare_program_2,1,Selected
person,transit_fare_program_2,995,Missing Response
person,transit_fare_program_3,0,Not selected
person,transit_fare_program_3,1,Selected
person,transit_fare_program_3,995,Missing Response
person,transit_fare_program_4,0,Not selected
person,transit_fare_program_4,1,Selected
person,transit_fare_program_4,995,Missing Response
person,transit_fare_program_5,0,Not selected
person,transit_fare_program_5,1,Selected
person,transit_fare_program_5,995,Missing Response
person,transit_fare_program_6,0,Not selected
person,transit_fare_program_6,1,Selected
person,transit_fare_program_6,995,Missing Response
person,transit_fare_program_7,0,Not selected
person,transit_fare_program_7,1,Selected
person,transit_fare_program_7,995,Missing Response
person,transit_fare_program_8,0,Not selected
person,transit_fare_program_8,1,Selected
person,transit_fare_program_8,995,Missing Response
person,transit_fare_program_996,0,Not selected
person,transit_fare_program_996,1,Selected
person,transit_fare_program_996,995,Missing Response
person,transit_fare_program_997,0,Not selected
person,transit_fare_program_997,1,Selected
person,transit_fare_program_997,995,Missing Response
person,transit_fare_program_998,0,Not selected
person,transit_fare_program_998,1,Selected
person,transit_fare_program_998,995,Missing Response
person,barriers_1,0,Not selected
person,barriers_1,1,Selected
person,barriers_1,995,Missing Response
person,barriers_2,0,Not selected
person,barriers_2,1,Selected
person,barriers_2,995,Missing Response
person,barriers_3,0,Not selected
person,barriers_3,1,Selected
person,barriers_3,995,Missing Response
person,barriers_4,0,Not selected
person,barriers_4,1,Selected
person,barriers_4,995,Missing Response
person,barriers_5,0,Not selected
person,barriers_5,1,Selected
person,barriers_5,995,Missing Response
person,barriers_6,0,Not selected
person,barriers_6,1,Selected
person,barriers_6,995,Missing Response
person,barriers_996,0,Not selected
person,barriers_996,1,Selected
person,barriers_996,995,Missing Response
person,barriers_997,0,Not selected
person,barriers_997,1,Selected
person,barriers_997,995,Missing Response
person,barriers_999,0,Not selected
person,barriers_999,1,Selected
person,barriers_999,995,Missing Response
person,problem,1,Too much traffic
person,problem,2,Too many large trucks on the road
person,problem,3,Not enough public transportation options
person,problem,4,Roads and bridges are in poor condition
person,problem,5,Buses or trains do not run frequently enough
person,problem,6,Buses or trains are not reliable
person,problem,7,Too hard to find parking
person,problem,8,Walking/biking is too hard
person,problem,995,Missing Response
person,problem,997,Other
person,limits,0,No
person,limits,1,Yes
person,limits,995,Missing Response
person,limits,996,Not sure
person,can_drive,0,"No, person does NOT drive"
person,can_drive,1,"Yes, person drives"
person,can_drive,995,Missing Response
person,vehicle,6,Household vehicle #1
person,vehicle,7,Household vehicle #2
person,vehicle,8,Household vehicle #3
person,vehicle,9,Household vehicle #4
person,vehicle,10,Household vehicle #5
person,vehicle,18,"A carshare vehicle (e.g., ZipCar)"
person,vehicle,995,Missing Response
person,vehicle,996,None (I do not drive a vehicle)
person,vehicle,997,Other vehicle
person,home_vehicle_park,1,Home driveway/garage
person,home_vehicle_park,2,Parking lot/garage
person,home_vehicle_park,3,On-street parking
person,home_vehicle_park,995,Missing Response
person,home_vehicle_park_space,0,"No, person does NOT have an assigned parking spot"
person,home_vehicle_park_space,1,"Yes, person does have an assigned parking spot"
person,home_vehicle_park_space,995,Missing Response
person,home_vehicle_park_pay,0,"No, person does NOT pay to park vehicle at home"
person,home_vehicle_park_pay,1,"Yes, person pays to park vehicle at home"
person,home_vehicle_park_pay,995,Missing Response
person,ev_typical_charge_1,0,Not selected
person,ev_typical_charge_1,1,Selected
person,ev_typical_charge_1,995,Missing Response
person,ev_typical_charge_2,0,Not selected
person,ev_typical_charge_2,1,Selected
person,ev_typical_charge_2,995,Missing Response
person,ev_typical_charge_3,0,Not selected
person,ev_typical_charge_3,1,Selected
person,ev_typical_charge_3,995,Missing Response
person,ev_typical_charge_4,0,Not selected
person,ev_typical_charge_4,1,Selected
person,ev_typical_charge_4,995,Missing Response
person,ev_typical_charge_5,0,Not selected
person,ev_typical_charge_5,1,Selected
person,ev_typical_charge_5,995,Missing Response
person,ev_typical_charge_6,0,Not selected
person,ev_typical_charge_6,1,Selected
person,ev_typical_charge_6,995,Missing Response
person,ev_typical_charge_996,0,Not selected
person,ev_typical_charge_996,1,Selected
person,ev_typical_charge_996,995,Missing Response
person,ev_typical_charge_997,0,Not selected
person,ev_typical_charge_997,1,Selected
person,ev_typical_charge_997,995,Missing Response
person,ev_purchase_barrier,1,Strongly agree
person,ev_purchase_barrier,2,Somewhat agree
person,ev_purchase_barrier,3,Neither agree nor disagree
person,ev_purchase_barrier,4,Somewhat disagree
person,ev_purchase_barrier,5,Strongly disagree
person,ev_purchase_barrier,995,Missing Response
person,ev_purchase_barrier,996,Don't know
person,disability,0,"Person does not have a condition, impairment, or disability that affects travel or requires special equipment or devices"
person,disability,1,"Person has a condition, impairment, or disability that affects travel or requires special equipment or devices"
person,disability,995,Missing Response
person,disability,999,Prefer not to answer
person,disability_travel_1,1,Always
person,disability_travel_1,2,Often
person,disability_travel_1,3,Sometimes
person,disability_travel_1,4,Rarely
person,disability_travel_1,5,Never
person,disability_travel_1,995,Missing Response
person,disability_travel_1,997,Other
person,disability_travel_1_mode_1,0,Not selected
person,disability_travel_1_mode_1,1,Selected
person,disability_travel_1_mode_1,995,Missing Response
person,disability_travel_1_mode_2,0,Not selected
person,disability_travel_1_mode_2,1,Selected
person,disability_travel_1_mode_2,995,Missing Response
person,disability_travel_1_mode_3,0,Not selected
person,disability_travel_1_mode_3,1,Selected
person,disability_travel_1_mode_3,995,Missing Response
person,disability_travel_1_mode_4,0,Not selected
person,disability_travel_1_mode_4,1,Selected
person,disability_travel_1_mode_4,995,Missing Response
person,disability_travel_1_mode_5,0,Not selected
person,disability_travel_1_mode_5,1,Selected
person,disability_travel_1_mode_5,995,Missing Response
person,disability_travel_1_mode_6,0,Not selected
person,disability_travel_1_mode_6,1,Selected
person,disability_travel_1_mode_6,995,Missing Response
person,disability_travel_1_mode_7,0,Not selected
person,disability_travel_1_mode_7,1,Selected
person,disability_travel_1_mode_7,995,Missing Response
person,disability_travel_1_mode_8,0,Not selected
person,disability_travel_1_mode_8,1,Selected
person,disability_travel_1_mode_8,995,Missing Response
person,disability_travel_1_mode_9,0,Not selected
person,disability_travel_1_mode_9,1,Selected
person,disability_travel_1_mode_9,995,Missing Response
person,disability_travel_1_why_1,0,Not selected
person,disability_travel_1_why_1,1,Selected
person,disability_travel_1_why_1,995,Missing Response
person,disability_travel_1_why_2,0,Not selected
person,disability_travel_1_why_2,1,Selected
person,disability_travel_1_why_2,995,Missing Response
person,disability_travel_1_why_3,0,Not selected
person,disability_travel_1_why_3,1,Selected
person,disability_travel_1_why_3,995,Missing Response
person,disability_travel_1_why_997,0,Not selected
person,disability_travel_1_why_997,1,Selected
person,disability_travel_1_why_997,995,Missing Response
person,disability_travel_2,1,Always
person,disability_travel_2,2,Often
person,disability_travel_2,3,Sometimes
person,disability_travel_2,4,Rarely
person,disability_travel_2,995,Missing Response
person,disability_travel_2,996,Never
person,disability_type_1_1,0,Not selected
person,disability_type_1_1,1,Selected
person,disability_type_1_1,995,Missing Response
person,disability_type_1_2,0,Not selected
person,disability_type_1_2,1,Selected
person,disability_type_1_2,995,Missing Response
person,disability_type_1_3,0,Not selected
person,disability_type_1_3,1,Selected
person,disability_type_1_3,995,Missing Response
person,disability_type_1_4,0,Not selected
person,disability_type_1_4,1,Selected
person,disability_type_1_4,995,Missing Response
person,disability_type_1_5,0,Not selected
person,disability_type_1_5,1,Selected
person,disability_type_1_5,995,Missing Response
person,disability_type_1_997,0,Not selected
person,disability_type_1_997,1,Selected
person,disability_type_1_997,995,Missing response
person,disability_type_1_999,0,Not selected
person,disability_type_1_999,1,Selected
person,disability_type_1_999,995,Missing Response
person,disability_type_2_1,0,Not selected
person,disability_type_2_1,1,Selected
person,disability_type_2_1,995,Missing Response
person,disability_type_2_2,0,Not selected
person,disability_type_2_2,1,Selected
person,disability_type_2_2,995,Missing Response
person,disability_type_2_3,0,Not selected
person,disability_type_2_3,1,Selected
person,disability_type_2_3,995,Missing Response
person,disability_type_2_4,0,Not selected
person,disability_type_2_4,1,Selected
person,disability_type_2_4,995,Missing Response
person,disability_type_2_5,0,Not selected
person,disability_type_2_5,1,Selected
person,disability_type_2_5,995,Missing Response
person,disability_type_2_6,0,Not selected
person,disability_type_2_6,1,Selected
person,disability_type_2_6,995,Missing Response
person,disability_type_2_7,0,Not selected
person,disability_type_2_7,1,Selected
person,disability_type_2_7,995,Missing Response
person,disability_type_2_8,0,Not selected
person,disability_type_2_8,1,Selected
person,disability_type_2_8,995,Missing Response
person,disability_type_2_9,0,Not selected
person,disability_type_2_9,1,Selected
person,disability_type_2_9,995,Missing Response
person,disability_type_2_10,0,Not selected
person,disability_type_2_10,1,Selected
person,disability_type_2_10,995,Missing Response
person,disability_type_2_996,0,Not selected
person,disability_type_2_996,1,Selected
person,disability_type_2_996,995,Missing Response
person,disability_type_2_998,0,Not selected
person,disability_type_2_998,1,Selected
person,disability_type_2_998,995,Missing Response
person,disability_type_2_999,0,Not selected
person,disability_type_2_999,1,Selected
person,disability_type_2_999,995,Missing Response
person,disability_transit_1_ask,1,Always
person,disability_transit_1_ask,2,Often
person,disability_transit_1_ask,3,Sometimes
person,disability_transit_1_ask,4,Rarely
person,disability_transit_1_ask,5,Not applicable - I don't use public transportation
person,disability_transit_1_ask,995,Missing Response
person,disability_transit_1_ask,996,Never
person,disability_transit_1_type_1,0,Not selected
person,disability_transit_1_type_1,1,Selected
person,disability_transit_1_type_1,995,Missing Response
person,disability_transit_1_type_2,0,Not selected
person,disability_transit_1_type_2,1,Selected
person,disability_transit_1_type_2,995,Missing Response
person,disability_transit_1_type_3,0,Not selected
person,disability_transit_1_type_3,1,Selected
person,disability_transit_1_type_3,995,Missing Response
person,disability_transit_1_type_4,0,Not selected
person,disability_transit_1_type_4,1,Selected
person,disability_transit_1_type_4,995,Missing Response
person,disability_transit_1_type_997,0,Not selected
person,disability_transit_1_type_997,1,Selected
person,disability_transit_1_type_997,995,Missing Response
person,disability_transit_1,1,Always
person,disability_transit_1,2,Often
person,disability_transit_1,3,Sometimes
person,disability_transit_1,4,Rarely
person,disability_transit_1,5,Never
person,disability_transit_1,995,Missing Response
person,disability_transit_2,1,Very satisfied
person,disability_transit_2,2,Moderately satisfied
person,disability_transit_2,3,Neither satisfied nor dissatisfied
person,disability_transit_2,4,Moderately dissatisfied
person,disability_transit_2,5,Very dissatisfied
person,disability_transit_2,995,Missing Response
person,participate,0,No
person,participate,1,Yes
person,participate,995,Missing Response
person,person_type,1,Full Time Worker
person,person_type,2,Part Time Worker
person,person_type,3,University Student
person,person_type,4,Non Working Adult
person,person_type,5,Retired
person,person_type,6,Driving Student
person,person_type,7,Non Driving Student
person,person_type,8,Pre School Child
vehicle,year,1980,1980 or earlier
vehicle,year,1981,1981
vehicle,year,1982,1982
vehicle,year,1983,1983
vehicle,year,1984,1984
vehicle,year,1985,1985
vehicle,year,1986,1986
vehicle,year,1987,1987
vehicle,year,1988,1988
vehicle,year,1989,1989
vehicle,year,1990,1990
vehicle,year,1991,1991
vehicle,year,1992,1992
vehicle,year,1993,1993
vehicle,year,1994,1994
vehicle,year,1995,1995
vehicle,year,1996,1996
vehicle,year,1997,1997
vehicle,year,1998,1998
vehicle,year,1999,1999
vehicle,year,2000,2000
vehicle,year,2001,2001
vehicle,year,2002,2002
vehicle,year,2003,2003
vehicle,year,2004,2004
vehicle,year,2005,2005
vehicle,year,2006,2006
vehicle,year,2007,2007
vehicle,year,2008,2008
vehicle,year,2009,2009
vehicle,year,2010,2010
vehicle,year,2011,2011
vehicle,year,2012,2012
vehicle,year,2013,2013
vehicle,year,2014,2014
vehicle,year,2015,2015
vehicle,year,2016,2016
vehicle,year,2017,2017
vehicle,year,2018,2018
vehicle,year,2019,2019
vehicle,year,2020,2020
vehicle,year,2021,2021
vehicle,year,2022,2022
vehicle,year,2023,2023
vehicle,year,2024,2024
vehicle,year,2025,2025
vehicle,year,2026,2026
vehicle,fuel_type,1,Gas
vehicle,fuel_type,2,Hybrid (HEV)
vehicle,fuel_type,3,Plug-in hybrid (PHEV)
vehicle,fuel_type,4,Electric (EV)
vehicle,fuel_type,5,Diesel
vehicle,fuel_type,6,Flex fuel (FFV)
vehicle,fuel_type,7,"Other (e.g., natural gas, bio-diesel)"
day,travel_dow,1,Monday
day,travel_dow,2,Tuesday
day,travel_dow,3,Wednesday
day,travel_dow,4,Thursday
day,travel_dow,5,Friday
day,travel_dow,6,Saturday
day,travel_dow,7,Sunday
day,hh_day_complete,0,No
day,hh_day_complete,1,Yes
day,summary_complete,0,No
day,summary_complete,1,Yes
day,summary_complete,995,Missing Response
day,proxy_complete,0,No
day,proxy_complete,1,Yes
day,proxy_complete,995,Missing Response
day,begin_day,1,Home
day,begin_day,2,Someone else's home
day,begin_day,3,Work
day,begin_day,4,"Another home (e.g., other parent, second home)"
day,begin_day,5,"Traveling (e.g., red-eye flight)"
day,begin_day,7,"Temporary lodging (e.g., hotel, vacation rental)"
day,begin_day,995,Missing Response
day,begin_day,997,Other
day,end_day,1,Home
day,end_day,2,Someone else's home
day,end_day,3,Work
day,end_day,4,"Another home (e.g., other parent, second home)"
day,end_day,5,"Traveling (e.g., red-eye flight)"
day,end_day,7,"Temporary lodging (e.g., hotel, vacation rental)"
day,end_day,995,Missing Response
day,end_day,997,Other
day,school_daily,0,No
day,school_daily,1,Yes
day,school_daily,995,Missing Response
day,attend_school_1,0,Not selected
day,attend_school_1,1,Selected
day,attend_school_1,995,Missing Response
day,attend_school_2,0,Not selected
day,attend_school_2,1,Selected
day,attend_school_2,995,Missing Response
day,attend_school_3,0,Not selected
day,attend_school_3,1,Selected
day,attend_school_3,995,Missing Response
day,attend_school_998,0,Not selected
day,attend_school_998,1,Selected
day,attend_school_998,995,Missing Response
day,attend_school_999,0,Not selected
day,attend_school_999,1,Selected
day,attend_school_999,995,Missing Response
day,attend_school_no_1,0,Not selected
day,attend_school_no_1,1,Selected
day,attend_school_no_1,995,Missing Response
day,attend_school_no_2,0,Not selected
day,attend_school_no_2,1,Selected
day,attend_school_no_2,995,Missing Response
day,attend_school_no_3,0,Not selected
day,attend_school_no_3,1,Selected
day,attend_school_no_3,995,Missing Response
day,attend_school_no_4,0,Not selected
day,attend_school_no_4,1,Selected
day,attend_school_no_4,995,Missing Response
day,attend_school_no_5,0,Not selected
day,attend_school_no_5,1,Selected
day,attend_school_no_5,995,Missing Response
day,attend_school_no_6,0,Not selected
day,attend_school_no_6,1,Selected
day,attend_school_no_6,995,Missing Response
day,attend_school_no_998,0,Not selected
day,attend_school_no_998,1,Selected
day,attend_school_no_998,995,Missing Response
day,attend_school_no_999,0,Not selected
day,attend_school_no_999,1,Selected
day,attend_school_no_999,995,Missing Response
day,telecommute_time,0,0 (no time spent teleworking)
day,telecommute_time,15,15 minutes
day,telecommute_time,30,30 minutes
day,telecommute_time,45,45 minutes
day,telecommute_time,60,1 hour
day,telecommute_time,75,1 hour 15 minutes
day,telecommute_time,90,1 hour 30 minutes
day,telecommute_time,105,1 hour 45 minutes
day,telecommute_time,120,2 hours
day,telecommute_time,135,2 hours 15 minutes
day,telecommute_time,150,2 hours 30 minutes
day,telecommute_time,165,2 hours 45 minutes
day,telecommute_time,180,3 hours
day,telecommute_time,195,3 hours 15 minutes
day,telecommute_time,210,3 hours 30 minutes
day,telecommute_time,225,3 hours 45 minutes
day,telecommute_time,240,4 hours
day,telecommute_time,255,4 hours 15 minutes
day,telecommute_time,270,4 hours 30 minutes
day,telecommute_time,285,4 hours 45 minutes
day,telecommute_time,300,5 hours
day,telecommute_time,315,5 hours 15 minutes
day,telecommute_time,330,5 hours 30 minutes
day,telecommute_time,345,5 hours 45 minutes
day,telecommute_time,360,6 hours
day,telecommute_time,375,6 hours 15 minutes
day,telecommute_time,390,6 hours 30 minutes
day,telecommute_time,405,6 hours 45 minutes
day,telecommute_time,420,7 hours
day,telecommute_time,435,7 hours 15 minutes
day,telecommute_time,450,7 hours 30 minutes
day,telecommute_time,465,7 hours 45 minutes
day,telecommute_time,480,8 hours
day,telecommute_time,495,8 hours 15 minutes
day,telecommute_time,510,8 hours 30 minutes
day,telecommute_time,525,8 hours 45 minuted
day,telecommute_time,540,9 hours
day,telecommute_time,555,9 hours 15 minutes
day,telecommute_time,570,9 hours 30 minutes
day,telecommute_time,585,9 hours 45 minutes
day,telecommute_time,600,10 hours or more
day,telecommute_time,995,Missing Response
day,delivery_2,0,Not selected
day,delivery_2,1,Selected
day,delivery_2,995,Missing Response
day,delivery_4,0,Not selected
day,delivery_4,1,Selected
day,delivery_4,995,Missing Response
day,delivery_5,0,Not selected
day,delivery_5,1,Selected
day,delivery_5,995,Missing Response
day,delivery_8,0,Not selected
day,delivery_8,1,Selected
day,delivery_8,995,Missing Response
day,delivery_996,0,Not selected
day,delivery_996,1,Selected
day,delivery_996,995,Missing Response
day,no_travel_1,0,Not selected
day,no_travel_1,1,Selected
day,no_travel_1,995,Missing Response
day,no_travel_2,0,Not selected
day,no_travel_2,1,Selected
day,no_travel_2,995,Missing Response
day,no_travel_3,0,Not selected
day,no_travel_3,1,Selected
day,no_travel_3,995,Missing Response
day,no_travel_4,0,Not selected
day,no_travel_4,1,Selected
day,no_travel_4,995,Missing Response
day,no_travel_5,0,Not selected
day,no_travel_5,1,Selected
day,no_travel_5,995,Missing Response
day,no_travel_6,0,Not selected
day,no_travel_6,1,Selected
day,no_travel_6,995,Missing Response
day,no_travel_7,0,Not selected
day,no_travel_7,1,Selected
day,no_travel_7,995,Missing Response
day,no_travel_8,0,Not selected
day,no_travel_8,1,Selected
day,no_travel_8,995,Missing Response
day,no_travel_9,0,Not selected
day,no_travel_9,1,Selected
day,no_travel_9,995,Missing Response
day,no_travel_11,0,Not selected
day,no_travel_11,1,Selected
day,no_travel_11,995,Missing Response
day,no_travel_12,0,Not selected
day,no_travel_12,1,Selected
day,no_travel_12,995,Missing Response
day,no_travel_13,0,Not selected
day,no_travel_13,1,Selected
day,no_travel_13,995,Missing Response
day,no_travel_99,0,Not selected
day,no_travel_99,1,Selected
day,no_travel_99,995,Missing Response
day,typical_day,0,No
day,typical_day,1,Yes
day,typical_day,995,Missing Response
day,daily_activity_pattern,1,Mandatory
day,daily_activity_pattern,2,Non Mandatory
day,daily_activity_pattern,3,Home
trip_unlinked,day_is_complete,0,No
trip_unlinked,day_is_complete,1,Yes
trip_unlinked,trip_survey_complete,0,No
trip_unlinked,trip_survey_complete,1,Yes
trip_unlinked,trip_survey_complete,995,Missing Response
trip_unlinked,depart_dow,1,Monday
trip_unlinked,depart_dow,2,Tuesday
trip_unlinked,depart_dow,3,Wednesday
trip_unlinked,depart_dow,4,Thursday
trip_unlinked,depart_dow,5,Friday
trip_unlinked,depart_dow,6,Saturday
trip_unlinked,depart_dow,7,Sunday
trip_unlinked,arrive_dow,1,Monday
trip_unlinked,arrive_dow,2,Tuesday
trip_unlinked,arrive_dow,3,Wednesday
trip_unlinked,arrive_dow,4,Thursday
trip_unlinked,arrive_dow,5,Friday
trip_unlinked,arrive_dow,6,Saturday
trip_unlinked,arrive_dow,7,Sunday
trip_unlinked,flag_speed,0,No
trip_unlinked,flag_speed,1,Yes
trip_unlinked,flag_speed,995,Missing Response
trip_unlinked,flag_distance,0,No
trip_unlinked,flag_distance,1,Yes
trip_unlinked,flag_distance,995,Missing Response
trip_unlinked,flag_duration,0,No
trip_unlinked,flag_duration,1,Yes
trip_unlinked,flag_duration,995,Missing Response
trip_unlinked,o_in_region,0,No
trip_unlinked,o_in_region,1,Yes
trip_unlinked,o_location_type,-1,Not imputable
trip_unlinked,o_location_type,1,Home
trip_unlinked,o_location_type,2,Work
trip_unlinked,o_location_type,3,School
trip_unlinked,o_location_type,4,Other
trip_unlinked,o_location_type,995,Missing Response
trip_unlinked,d_in_region,0,Trip destintation is NOT in the survey region
trip_unlinked,d_in_region,1,Trip destination is in the survey region
trip_unlinked,d_location_type,-1,Not imputable
trip_unlinked,d_location_type,1,Home
trip_unlinked,d_location_type,2,Work
trip_unlinked,d_location_type,3,School
trip_unlinked,d_location_type,4,Other
trip_unlinked,d_location_type,995,Missing Response
trip_unlinked,mode_1,1,Walk (or jog/wheelchair)
trip_unlinked,mode_1,2,Standard bicycle (my household's)
trip_unlinked,mode_1,3,"Borrowed bicycle (e.g., a friend's)"
trip_unlinked,mode_1,4,Other rented bicycle
trip_unlinked,mode_1,5,Other
trip_unlinked,mode_1,6,Household vehicle 1
trip_unlinked,mode_1,7,Household vehicle 2
trip_unlinked,mode_1,8,Household vehicle 3
trip_unlinked,mode_1,9,Household vehicle 4
trip_unlinked,mode_1,10,Household vehicle 5
trip_unlinked,mode_1,11,Household vehicle 6
trip_unlinked,mode_1,12,Household vehicle 7
trip_unlinked,mode_1,13,Household vehicle 8
trip_unlinked,mode_1,14,Household vehicle 9
trip_unlinked,mode_1,15,Household vehicle 10
trip_unlinked,mode_1,16,Other vehicle in household
trip_unlinked,mode_1,17,Rental car
trip_unlinked,mode_1,18,"Carshare service (e.g., Zipcar)"
trip_unlinked,mode_1,21,Carpool/vanpool
trip_unlinked,mode_1,22,Other vehicle (not my household's)
trip_unlinked,mode_1,24,School bus
trip_unlinked,mode_1,31,Airplane/helicopter
trip_unlinked,mode_1,32,Other public ferry or water taxi
trip_unlinked,mode_1,33,Car from work
trip_unlinked,mode_1,34,Friend/relative/colleague's car
trip_unlinked,mode_1,36,Regular taxi
trip_unlinked,mode_1,37,"Uber, Lyft, Via, or other smartphone-app ride service"
trip_unlinked,mode_1,43,Skateboard or rollerblade
trip_unlinked,mode_1,44,Golf cart
trip_unlinked,mode_1,45,ATV
trip_unlinked,mode_1,47,Other motorcycle in household
trip_unlinked,mode_1,49,Private limo
trip_unlinked,mode_1,50,Private car
trip_unlinked,mode_1,54,Other motorcycle (not my household's)
trip_unlinked,mode_1,59,"Peer-to-peer car rental (e.g., Turo)"
trip_unlinked,mode_1,60,Other hired car service
trip_unlinked,mode_1,69,Divvy bike
trip_unlinked,mode_1,74,Segway
trip_unlinked,mode_1,75,Other micromobility device
trip_unlinked,mode_1,76,"Carpool match (e.g., Waze Carpool)"
trip_unlinked,mode_1,77,Personal scooter or moped (not shared)
trip_unlinked,mode_1,80,"Other boat (e.g., kayak)"
trip_unlinked,mode_1,81,Snowmobile
trip_unlinked,mode_1,82,Electric bicycle (my household's)
trip_unlinked,mode_1,83,"Scooter-share (e.g., Lime)"
trip_unlinked,mode_1,501,CTA bus
trip_unlinked,mode_1,502,PACE bus
trip_unlinked,mode_1,504,Dial-a-Ride
trip_unlinked,mode_1,505,Call-n-Ride
trip_unlinked,mode_1,506,Paratransit
trip_unlinked,mode_1,507,CTA 'L' train
trip_unlinked,mode_1,508,METRA commuter rail
trip_unlinked,mode_1,509,NICTD train
trip_unlinked,mode_1,510,Another type of train
trip_unlinked,mode_1,511,"Intercity bus (e.g., Greyhound)"
trip_unlinked,mode_1,512,"Intercity rail (e.g., Amtrak)"
trip_unlinked,mode_1,513,Other bus
trip_unlinked,mode_1,514,Other rail
trip_unlinked,mode_1,995,Missing Response
trip_unlinked,mode_2,1,Walk (or jog/wheelchair)
trip_unlinked,mode_2,2,Standard bicycle (my household's)
trip_unlinked,mode_2,3,"Borrowed bicycle (e.g., a friend's)"
trip_unlinked,mode_2,4,Other rented bicycle
trip_unlinked,mode_2,5,Other
trip_unlinked,mode_2,6,Household vehicle 1
trip_unlinked,mode_2,7,Household vehicle 2
trip_unlinked,mode_2,8,Household vehicle 3
trip_unlinked,mode_2,9,Household vehicle 4
trip_unlinked,mode_2,10,Household vehicle 5
trip_unlinked,mode_2,11,Household vehicle 6
trip_unlinked,mode_2,12,Household vehicle 7
trip_unlinked,mode_2,13,Household vehicle 8
trip_unlinked,mode_2,14,Household vehicle 9
trip_unlinked,mode_2,15,Household vehicle 10
trip_unlinked,mode_2,16,Other vehicle in household
trip_unlinked,mode_2,17,Rental car
trip_unlinked,mode_2,18,"Carshare service (e.g., Zipcar)"
trip_unlinked,mode_2,21,Carpool/vanpool
trip_unlinked,mode_2,22,Other vehicle (not my household's)
trip_unlinked,mode_2,24,School bus
trip_unlinked,mode_2,31,Airplane/helicopter
trip_unlinked,mode_2,32,Other public ferry or water taxi
trip_unlinked,mode_2,33,Car from work
trip_unlinked,mode_2,34,Friend/relative/colleague's car
trip_unlinked,mode_2,36,Regular taxi
trip_unlinked,mode_2,37,"Uber, Lyft, Via, or other smartphone-app ride service"
trip_unlinked,mode_2,43,Skateboard or rollerblade
trip_unlinked,mode_2,44,Golf cart
trip_unlinked,mode_2,45,ATV
trip_unlinked,mode_2,47,Other motorcycle in household
trip_unlinked,mode_2,49,Private limo
trip_unlinked,mode_2,50,Private car
trip_unlinked,mode_2,54,Other motorcycle (not my household's)
trip_unlinked,mode_2,59,"Peer-to-peer car rental (e.g., Turo)"
trip_unlinked,mode_2,60,Other hired car service
trip_unlinked,mode_2,69,Divvy bike
trip_unlinked,mode_2,74,Segway
trip_unlinked,mode_2,75,Other micromobility device
trip_unlinked,mode_2,76,"Carpool match (e.g., Waze Carpool)"
trip_unlinked,mode_2,77,Personal scooter or moped (not shared)
trip_unlinked,mode_2,80,"Other boat (e.g., kayak)"
trip_unlinked,mode_2,81,Snowmobile
trip_unlinked,mode_2,82,Electric bicycle (my household's)
trip_unlinked,mode_2,83,"Scooter-share (e.g., Lime)"
trip_unlinked,mode_2,501,CTA bus
trip_unlinked,mode_2,502,PACE bus
trip_unlinked,mode_2,504,Dial-a-Ride
trip_unlinked,mode_2,505,Call-n-Ride
trip_unlinked,mode_2,506,Paratransit
trip_unlinked,mode_2,507,CTA 'L' train
trip_unlinked,mode_2,508,METRA commuter rail
trip_unlinked,mode_2,509,NICTD train
trip_unlinked,mode_2,510,Another type of train
trip_unlinked,mode_2,511,"Intercity bus (e.g., Greyhound)"
trip_unlinked,mode_2,512,"Intercity rail (e.g., Amtrak)"
trip_unlinked,mode_2,513,Other bus
trip_unlinked,mode_2,514,Other rail
trip_unlinked,mode_2,995,Missing Response
trip_unlinked,mode_3,1,Walk (or jog/wheelchair)
trip_unlinked,mode_3,2,Standard bicycle (my household's)
trip_unlinked,mode_3,3,"Borrowed bicycle (e.g., a friend's)"
trip_unlinked,mode_3,4,Other rented bicycle
trip_unlinked,mode_3,5,Other
trip_unlinked,mode_3,6,Household vehicle 1
trip_unlinked,mode_3,7,Household vehicle 2
trip_unlinked,mode_3,8,Household vehicle 3
trip_unlinked,mode_3,9,Household vehicle 4
trip_unlinked,mode_3,10,Household vehicle 5
trip_unlinked,mode_3,11,Household vehicle 6
trip_unlinked,mode_3,12,Household vehicle 7
trip_unlinked,mode_3,13,Household vehicle 8
trip_unlinked,mode_3,14,Household vehicle 9
trip_unlinked,mode_3,15,Household vehicle 10
trip_unlinked,mode_3,16,Other vehicle in household
trip_unlinked,mode_3,17,Rental car
trip_unlinked,mode_3,18,"Carshare service (e.g., Zipcar)"
trip_unlinked,mode_3,21,Carpool/vanpool
trip_unlinked,mode_3,22,Other vehicle (not my household's)
trip_unlinked,mode_3,24,School bus
trip_unlinked,mode_3,31,Airplane/helicopter
trip_unlinked,mode_3,32,Other public ferry or water taxi
trip_unlinked,mode_3,33,Car from work
trip_unlinked,mode_3,34,Friend/relative/colleague's car
trip_unlinked,mode_3,36,Regular taxi
trip_unlinked,mode_3,37,"Uber, Lyft, Via, or other smartphone-app ride service"
trip_unlinked,mode_3,43,Skateboard or rollerblade
trip_unlinked,mode_3,44,Golf cart
trip_unlinked,mode_3,45,ATV
trip_unlinked,mode_3,47,Other motorcycle in household
trip_unlinked,mode_3,49,Private limo
trip_unlinked,mode_3,50,Private car
trip_unlinked,mode_3,54,Other motorcycle (not my household's)
trip_unlinked,mode_3,59,"Peer-to-peer car rental (e.g., Turo)"
trip_unlinked,mode_3,60,Other hired car service
trip_unlinked,mode_3,69,Divvy bike
trip_unlinked,mode_3,74,Segway
trip_unlinked,mode_3,75,Other micromobility device
trip_unlinked,mode_3,76,"Carpool match (e.g., Waze Carpool)"
trip_unlinked,mode_3,77,Personal scooter or moped (not shared)
trip_unlinked,mode_3,80,"Other boat (e.g., kayak)"
trip_unlinked,mode_3,81,Snowmobile
trip_unlinked,mode_3,82,Electric bicycle (my household's)
trip_unlinked,mode_3,83,"Scooter-share (e.g., Lime)"
trip_unlinked,mode_3,501,CTA bus
trip_unlinked,mode_3,502,PACE bus
trip_unlinked,mode_3,504,Dial-a-Ride
trip_unlinked,mode_3,505,Call-n-Ride
trip_unlinked,mode_3,506,Paratransit
trip_unlinked,mode_3,507,CTA 'L' train
trip_unlinked,mode_3,508,METRA commuter rail
trip_unlinked,mode_3,509,NICTD train
trip_unlinked,mode_3,510,Another type of train
trip_unlinked,mode_3,511,"Intercity bus (e.g., Greyhound)"
trip_unlinked,mode_3,512,"Intercity rail (e.g., Amtrak)"
trip_unlinked,mode_3,513,Other bus
trip_unlinked,mode_3,514,Other rail
trip_unlinked,mode_3,995,Missing Response
trip_unlinked,mode_4,1,Walk (or jog/wheelchair)
trip_unlinked,mode_4,2,Standard bicycle (my household's)
trip_unlinked,mode_4,3,"Borrowed bicycle (e.g., a friend's)"
trip_unlinked,mode_4,4,Other rented bicycle
trip_unlinked,mode_4,5,Other
trip_unlinked,mode_4,6,Household vehicle 1
trip_unlinked,mode_4,7,Household vehicle 2
trip_unlinked,mode_4,8,Household vehicle 3
trip_unlinked,mode_4,9,Household vehicle 4
trip_unlinked,mode_4,10,Household vehicle 5
trip_unlinked,mode_4,11,Household vehicle 6
trip_unlinked,mode_4,12,Household vehicle 7
trip_unlinked,mode_4,13,Household vehicle 8
trip_unlinked,mode_4,14,Household vehicle 9
trip_unlinked,mode_4,15,Household vehicle 10
trip_unlinked,mode_4,16,Other vehicle in household
trip_unlinked,mode_4,17,Rental car
trip_unlinked,mode_4,18,"Carshare service (e.g., Zipcar)"
trip_unlinked,mode_4,21,Carpool/vanpool
trip_unlinked,mode_4,22,Other vehicle (not my household's)
trip_unlinked,mode_4,24,School bus
trip_unlinked,mode_4,31,Airplane/helicopter
trip_unlinked,mode_4,32,Other public ferry or water taxi
trip_unlinked,mode_4,33,Car from work
trip_unlinked,mode_4,34,Friend/relative/colleague's car
trip_unlinked,mode_4,36,Regular taxi
trip_unlinked,mode_4,37,"Uber, Lyft, Via, or other smartphone-app ride service"
trip_unlinked,mode_4,43,Skateboard or rollerblade
trip_unlinked,mode_4,44,Golf cart
trip_unlinked,mode_4,45,ATV
trip_unlinked,mode_4,47,Other motorcycle in household
trip_unlinked,mode_4,49,Private limo
trip_unlinked,mode_4,50,Private car
trip_unlinked,mode_4,54,Other motorcycle (not my household's)
trip_unlinked,mode_4,59,"Peer-to-peer car rental (e.g., Turo)"
trip_unlinked,mode_4,60,Other hired car service
trip_unlinked,mode_4,69,Divvy bike
trip_unlinked,mode_4,74,Segway
trip_unlinked,mode_4,75,Other micromobility device
trip_unlinked,mode_4,76,"Carpool match (e.g., Waze Carpool)"
trip_unlinked,mode_4,77,Personal scooter or moped (not shared)
trip_unlinked,mode_4,80,"Other boat (e.g., kayak)"
trip_unlinked,mode_4,81,Snowmobile
trip_unlinked,mode_4,82,Electric bicycle (my household's)
trip_unlinked,mode_4,83,"Scooter-share (e.g., Lime)"
trip_unlinked,mode_4,501,CTA bus
trip_unlinked,mode_4,502,PACE bus
trip_unlinked,mode_4,504,Dial-a-Ride
trip_unlinked,mode_4,505,Call-n-Ride
trip_unlinked,mode_4,506,Paratransit
trip_unlinked,mode_4,507,CTA 'L' train
trip_unlinked,mode_4,508,METRA commuter rail
trip_unlinked,mode_4,509,NICTD train
trip_unlinked,mode_4,510,Another type of train
trip_unlinked,mode_4,511,"Intercity bus (e.g., Greyhound)"
trip_unlinked,mode_4,512,"Intercity rail (e.g., Amtrak)"
trip_unlinked,mode_4,513,Other bus
trip_unlinked,mode_4,514,Other rail
trip_unlinked,mode_4,995,Missing Response
trip_unlinked,mode_5,1,Walk (or jog/wheelchair)
trip_unlinked,mode_5,2,Standard bicycle (my household's)
trip_unlinked,mode_5,3,"Borrowed bicycle (e.g., a friend's)"
trip_unlinked,mode_5,4,Other rented bicycle
trip_unlinked,mode_5,5,Other
trip_unlinked,mode_5,6,Household vehicle 1
trip_unlinked,mode_5,7,Household vehicle 2
trip_unlinked,mode_5,8,Household vehicle 3
trip_unlinked,mode_5,9,Household vehicle 4
trip_unlinked,mode_5,10,Household vehicle 5
trip_unlinked,mode_5,11,Household vehicle 6
trip_unlinked,mode_5,12,Household vehicle 7
trip_unlinked,mode_5,13,Household vehicle 8
trip_unlinked,mode_5,14,Household vehicle 9
trip_unlinked,mode_5,15,Household vehicle 10
trip_unlinked,mode_5,16,Other vehicle in household
trip_unlinked,mode_5,17,Rental car
trip_unlinked,mode_5,18,"Carshare service (e.g., Zipcar)"
trip_unlinked,mode_5,21,Carpool/vanpool
trip_unlinked,mode_5,22,Other vehicle (not my household's)
trip_unlinked,mode_5,24,School bus
trip_unlinked,mode_5,31,Airplane/helicopter
trip_unlinked,mode_5,32,Other public ferry or water taxi
trip_unlinked,mode_5,33,Car from work
trip_unlinked,mode_5,34,Friend/relative/colleague's car
trip_unlinked,mode_5,36,Regular taxi
trip_unlinked,mode_5,37,"Uber, Lyft, Via, or other smartphone-app ride service"
trip_unlinked,mode_5,43,Skateboard or rollerblade
trip_unlinked,mode_5,44,Golf cart
trip_unlinked,mode_5,45,ATV
trip_unlinked,mode_5,47,Other motorcycle in household
trip_unlinked,mode_5,49,Private limo
trip_unlinked,mode_5,50,Private car
trip_unlinked,mode_5,54,Other motorcycle (not my household's)
trip_unlinked,mode_5,59,"Peer-to-peer car rental (e.g., Turo)"
trip_unlinked,mode_5,60,Other hired car service
trip_unlinked,mode_5,69,Divvy bike
trip_unlinked,mode_5,74,Segway
trip_unlinked,mode_5,75,Other micromobility device
trip_unlinked,mode_5,76,"Carpool match (e.g., Waze Carpool)"
trip_unlinked,mode_5,77,Personal scooter or moped (not shared)
trip_unlinked,mode_5,80,"Other boat (e.g., kayak)"
trip_unlinked,mode_5,81,Snowmobile
trip_unlinked,mode_5,82,Electric bicycle (my household's)
trip_unlinked,mode_5,83,"Scooter-share (e.g., Lime)"
trip_unlinked,mode_5,501,CTA bus
trip_unlinked,mode_5,502,PACE bus
trip_unlinked,mode_5,504,Dial-a-Ride
trip_unlinked,mode_5,505,Call-n-Ride
trip_unlinked,mode_5,506,Paratransit
trip_unlinked,mode_5,507,CTA 'L' train
trip_unlinked,mode_5,508,METRA commuter rail
trip_unlinked,mode_5,509,NICTD train
trip_unlinked,mode_5,510,Another type of train
trip_unlinked,mode_5,511,"Intercity bus (e.g., Greyhound)"
trip_unlinked,mode_5,512,"Intercity rail (e.g., Amtrak)"
trip_unlinked,mode_5,513,Other bus
trip_unlinked,mode_5,514,Other rail
trip_unlinked,mode_5,995,Missing Response
trip_unlinked,mode_6,1,Walk (or jog/wheelchair)
trip_unlinked,mode_6,2,Standard bicycle (my household's)
trip_unlinked,mode_6,3,"Borrowed bicycle (e.g., a friend's)"
trip_unlinked,mode_6,4,Other rented bicycle
trip_unlinked,mode_6,5,Other
trip_unlinked,mode_6,6,Household vehicle 1
trip_unlinked,mode_6,7,Household vehicle 2
trip_unlinked,mode_6,8,Household vehicle 3
trip_unlinked,mode_6,9,Household vehicle 4
trip_unlinked,mode_6,10,Household vehicle 5
trip_unlinked,mode_6,11,Household vehicle 6
trip_unlinked,mode_6,12,Household vehicle 7
trip_unlinked,mode_6,13,Household vehicle 8
trip_unlinked,mode_6,14,Household vehicle 9
trip_unlinked,mode_6,15,Household vehicle 10
trip_unlinked,mode_6,16,Other vehicle in household
trip_unlinked,mode_6,17,Rental car
trip_unlinked,mode_6,18,"Carshare service (e.g., Zipcar)"
trip_unlinked,mode_6,21,Carpool/vanpool
trip_unlinked,mode_6,22,Other vehicle (not my household's)
trip_unlinked,mode_6,24,School bus
trip_unlinked,mode_6,31,Airplane/helicopter
trip_unlinked,mode_6,32,Other public ferry or water taxi
trip_unlinked,mode_6,33,Car from work
trip_unlinked,mode_6,34,Friend/relative/colleague's car
trip_unlinked,mode_6,36,Regular taxi
trip_unlinked,mode_6,37,"Uber, Lyft, Via, or other smartphone-app ride service"
trip_unlinked,mode_6,43,Skateboard or rollerblade
trip_unlinked,mode_6,44,Golf cart
trip_unlinked,mode_6,45,ATV
trip_unlinked,mode_6,47,Other motorcycle in household
trip_unlinked,mode_6,49,Private limo
trip_unlinked,mode_6,50,Private car
trip_unlinked,mode_6,54,Other motorcycle (not my household's)
trip_unlinked,mode_6,59,"Peer-to-peer car rental (e.g., Turo)"
trip_unlinked,mode_6,60,Other hired car service
trip_unlinked,mode_6,69,Divvy bike
trip_unlinked,mode_6,74,Segway
trip_unlinked,mode_6,75,Other micromobility device
trip_unlinked,mode_6,76,"Carpool match (e.g., Waze Carpool)"
trip_unlinked,mode_6,77,Personal scooter or moped (not shared)
trip_unlinked,mode_6,80,"Other boat (e.g., kayak)"
trip_unlinked,mode_6,81,Snowmobile
trip_unlinked,mode_6,82,Electric bicycle (my household's)
trip_unlinked,mode_6,83,"Scooter-share (e.g., Lime)"
trip_unlinked,mode_6,501,CTA bus
trip_unlinked,mode_6,502,PACE bus
trip_unlinked,mode_6,504,Dial-a-Ride
trip_unlinked,mode_6,505,Call-n-Ride
trip_unlinked,mode_6,506,Paratransit
trip_unlinked,mode_6,507,CTA 'L' train
trip_unlinked,mode_6,508,METRA commuter rail
trip_unlinked,mode_6,509,NICTD train
trip_unlinked,mode_6,510,Another type of train
trip_unlinked,mode_6,511,"Intercity bus (e.g., Greyhound)"
trip_unlinked,mode_6,512,"Intercity rail (e.g., Amtrak)"
trip_unlinked,mode_6,513,Other bus
trip_unlinked,mode_6,514,Other rail
trip_unlinked,mode_6,995,Missing Response
trip_unlinked,mode_priority,1,Walk (or jog/wheelchair)
trip_unlinked,mode_priority,2,Standard bicycle (my household's)
trip_unlinked,mode_priority,3,"Borrowed bicycle (e.g., a friend's)"
trip_unlinked,mode_priority,4,Other rented bicycle
trip_unlinked,mode_priority,5,Other
trip_unlinked,mode_priority,6,Household vehicle 1
trip_unlinked,mode_priority,7,Household vehicle 2
trip_unlinked,mode_priority,8,Household vehicle 3
trip_unlinked,mode_priority,9,Household vehicle 4
trip_unlinked,mode_priority,10,Household vehicle 5
trip_unlinked,mode_priority,11,Household vehicle 6
trip_unlinked,mode_priority,12,Household vehicle 7
trip_unlinked,mode_priority,13,Household vehicle 8
trip_unlinked,mode_priority,14,Household vehicle 9
trip_unlinked,mode_priority,15,Household vehicle 10
trip_unlinked,mode_priority,16,Other vehicle in household
trip_unlinked,mode_priority,17,Rental car
trip_unlinked,mode_priority,18,"Carshare service (e.g., Zipcar)"
trip_unlinked,mode_priority,21,Carpool/vanpool
trip_unlinked,mode_priority,22,Other vehicle (not my household's)
trip_unlinked,mode_priority,24,School bus
trip_unlinked,mode_priority,31,Airplane/helicopter
trip_unlinked,mode_priority,32,Other public ferry or water taxi
trip_unlinked,mode_priority,33,Car from work
trip_unlinked,mode_priority,34,Friend/relative/colleague's car
trip_unlinked,mode_priority,36,Regular taxi
trip_unlinked,mode_priority,37,"Uber, Lyft, Via, or other smartphone-app ride service"
trip_unlinked,mode_priority,43,Skateboard or rollerblade
trip_unlinked,mode_priority,44,Golf cart
trip_unlinked,mode_priority,45,ATV
trip_unlinked,mode_priority,47,Other motorcycle in household
trip_unlinked,mode_priority,49,Private limo
trip_unlinked,mode_priority,50,Private car
trip_unlinked,mode_priority,54,Other motorcycle (not my household's)
trip_unlinked,mode_priority,59,"Peer-to-peer car rental (e.g., Turo)"
trip_unlinked,mode_priority,60,Other hired car service
trip_unlinked,mode_priority,69,Divvy bike
trip_unlinked,mode_priority,74,Segway
trip_unlinked,mode_priority,75,Other micromobility device
trip_unlinked,mode_priority,76,"Carpool match (e.g., Waze Carpool)"
trip_unlinked,mode_priority,77,Personal scooter or moped (not shared)
trip_unlinked,mode_priority,80,"Other boat (e.g., kayak)"
trip_unlinked,mode_priority,81,Snowmobile
trip_unlinked,mode_priority,82,Electric bicycle (my household's)
trip_unlinked,mode_priority,83,"Scooter-share (e.g., Lime)"
trip_unlinked,mode_priority,501,CTA bus
trip_unlinked,mode_priority,502,PACE bus
trip_unlinked,mode_priority,504,Dial-a-Ride
trip_unlinked,mode_priority,505,Call-n-Ride
trip_unlinked,mode_priority,506,Paratransit
trip_unlinked,mode_priority,507,CTA 'L' train
trip_unlinked,mode_priority,508,METRA commuter rail
trip_unlinked,mode_priority,509,NICTD train
trip_unlinked,mode_priority,510,Another type of train
trip_unlinked,mode_priority,511,"Intercity bus (e.g., Greyhound)"
trip_unlinked,mode_priority,512,"Intercity rail (e.g., Amtrak)"
trip_unlinked,mode_priority,513,Other bus
trip_unlinked,mode_priority,514,Other rail
trip_unlinked,mode_priority,995,Missing Response
trip_unlinked,mode_type,1,Walk
trip_unlinked,mode_type,2,Bike
trip_unlinked,mode_type,4,Scooter share
trip_unlinked,mode_type,5,Taxi
trip_unlinked,mode_type,6,TNC
trip_unlinked,mode_type,7,Other
trip_unlinked,mode_type,8,Car
trip_unlinked,mode_type,9,Carshare
trip_unlinked,mode_type,10,School bus
trip_unlinked,mode_type,11,Shuttle/vanpool
trip_unlinked,mode_type,12,Ferry
trip_unlinked,mode_type,13,Transit
trip_unlinked,mode_type,14,Long distance passenger
trip_unlinked,mode_type,995,Missing Response
trip_unlinked,transit_access,1,Walked (or jogged/wheelchair)
trip_unlinked,transit_access,2,Bicycle
trip_unlinked,transit_access,5,"Micromobility (e.g., scooter, moped, skateboard)"
trip_unlinked,transit_access,7,"Uber/Lyft/Via, taxi, or car service"
trip_unlinked,transit_access,8,Drove and parked my own household's vehicle (or motorcycle)
trip_unlinked,transit_access,9,Drove and parked another vehicle (or motorcycle)
trip_unlinked,transit_access,10,Got dropped off in my own household's vehicle (or motorcycle)
trip_unlinked,transit_access,11,Got dropped off in another vehicle (or motorcycle)
trip_unlinked,transit_access,995,Missing Response
trip_unlinked,transit_access,997,Other
trip_unlinked,transit_egress,1,Walked (or jogged/wheelchair)
trip_unlinked,transit_egress,2,Bicycle
trip_unlinked,transit_egress,5,"Micromobility (e.g., scooter, moped, skateboard)"
trip_unlinked,transit_egress,7,"Uber/Lyft/Via, taxi, or car service"
trip_unlinked,transit_egress,8,Drove my own household's vehicle (or motorcycle)
trip_unlinked,transit_egress,9,Drove another vehicle (or motorcycle)
trip_unlinked,transit_egress,10,Got picked up in my own household's vehicle (or motorcycle)
trip_unlinked,transit_egress,11,Got picked up in another vehicle (or motorcycle)
trip_unlinked,transit_egress,995,Missing Response
trip_unlinked,transit_egress,997,Other
trip_unlinked,transit_veh_avail,0,No
trip_unlinked,transit_veh_avail,1,Yes
trip_unlinked,transit_veh_avail,995,Missing Response
trip_unlinked,toll,1,"Yes, I paid tolls at 6 or more plazas"
trip_unlinked,toll,2,"Yes, I paid tolls at 5 plazas"
trip_unlinked,toll,3,"Yes, I paid tolls at 4 plazas"
trip_unlinked,toll,4,"Yes, I paid tolls at 3 plazas"
trip_unlinked,toll,5,"Yes, I paid tolls at 2 plazas"
trip_unlinked,toll,6,"Yes, I paid tolls at 1 plaza"
trip_unlinked,toll,7,No
trip_unlinked,toll,995,Missing Response
trip_unlinked,toll,998,Don't know
trip_unlinked,tollway_1,0,Not selected
trip_unlinked,tollway_1,1,Selected
trip_unlinked,tollway_1,995,Missing Response
trip_unlinked,tollway_2,0,Not selected
trip_unlinked,tollway_2,1,Selected
trip_unlinked,tollway_2,995,Missing Response
trip_unlinked,tollway_3,0,Not selected
trip_unlinked,tollway_3,1,Selected
trip_unlinked,tollway_3,995,Missing Response
trip_unlinked,tollway_997,0,Not selected
trip_unlinked,tollway_997,1,Selected
trip_unlinked,tollway_997,995,Missing Response
trip_unlinked,tollway_998,0,Not selected
trip_unlinked,tollway_998,1,Selected
trip_unlinked,tollway_998,995,Missing Response
trip_unlinked,park_location,1,Driveway/garage
trip_unlinked,park_location,3,On-site parking lot or garage
trip_unlinked,park_location,4,On-street parking
trip_unlinked,park_location,5,Park & Ride lot
trip_unlinked,park_location,6,"Didn't park (waited, drop-off, drive-thru, gas)"
trip_unlinked,park_location,7,Other
trip_unlinked,park_location,8,Off-site parking lot or garage
trip_unlinked,park_location,995,Missing Response
trip_unlinked,park_type,1,Free parking (no cost at all)
trip_unlinked,park_type,2,Used a parking pass (any type)
trip_unlinked,park_type,3,"Paid via cash, credit card, or ticket(s)"
trip_unlinked,park_type,4,"Parking reservation service (e.g., SpotHero, ParkMobile)"
trip_unlinked,park_type,6,Other
trip_unlinked,park_type,995,Missing Response
trip_unlinked,park_pay,1,$ per hour:
trip_unlinked,park_pay,2,$ per day:
trip_unlinked,park_pay,3,$ per week:
trip_unlinked,park_pay,4,$ per month:
trip_unlinked,park_pay,5,$ per semester:
trip_unlinked,park_pay,6,$ per year:
trip_unlinked,park_pay,7,Don't know
trip_unlinked,park_pay,995,Missing Response
trip_unlinked,ev_charge_station,1,No
trip_unlinked,ev_charge_station,2,"Yes, and I did NOT charge the vehicle here before my next trip"
trip_unlinked,ev_charge_station,3,"Yes, and I charged the vehicle here before my next trip"
trip_unlinked,ev_charge_station,995,Missing Response
trip_unlinked,ev_charge_station,998,Don't know
trip_unlinked,ev_charge_station_level_1,0,Not selected
trip_unlinked,ev_charge_station_level_1,1,Selected
trip_unlinked,ev_charge_station_level_1,995,Missing Response
trip_unlinked,ev_charge_station_level_2,0,Not selected
trip_unlinked,ev_charge_station_level_2,1,Selected
trip_unlinked,ev_charge_station_level_2,995,Missing Response
trip_unlinked,ev_charge_station_level_3,0,Not selected
trip_unlinked,ev_charge_station_level_3,1,Selected
trip_unlinked,ev_charge_station_level_3,995,Missing Response
trip_unlinked,ev_charge_station_level_998,0,Not selected
trip_unlinked,ev_charge_station_level_998,1,Selected
trip_unlinked,ev_charge_station_level_998,995,Missing Response
trip_unlinked,ev_charge_station_decision,1,Agree
trip_unlinked,ev_charge_station_decision,2,Neutral
trip_unlinked,ev_charge_station_decision,3,Disagree
trip_unlinked,ev_charge_station_decision,995,Missing Response
trip_unlinked,tnc_type,1,"Pooled (e.g., UberPool, Lyft Line, Via)"
trip_unlinked,tnc_type,2,"Regular (e.g., UberX, UberXL, Lyft, LyftXL)"
trip_unlinked,tnc_type,3,"Premium (e.g., UberBlack, Lyft Lux)"
trip_unlinked,tnc_type,995,Missing Response
trip_unlinked,tnc_type,998,Don't know
trip_unlinked,taxi_type,1,I paid the fare myself (no reimbursement)
trip_unlinked,taxi_type,2,Employer paid (I am reimbursed)
trip_unlinked,taxi_type,3,Split/shared fare with other(s)
trip_unlinked,taxi_type,4,Someone else paid 100% (all of fare)
trip_unlinked,taxi_type,5,Other
trip_unlinked,taxi_type,995,Missing Response
trip_unlinked,num_routes,1,1 transit route
trip_unlinked,num_routes,2,2 transit routes
trip_unlinked,num_routes,3,3 transit routes
trip_unlinked,num_routes,4,4 transit routes or more
trip_unlinked,num_routes,995,Missing Response
trip_unlinked,mode_transit_1,1,CTA bus
trip_unlinked,mode_transit_1,2,PACE bus
trip_unlinked,mode_transit_1,4,Dial-a-Ride
trip_unlinked,mode_transit_1,5,Call-n-Ride
trip_unlinked,mode_transit_1,6,Paratransit
trip_unlinked,mode_transit_1,7,CTA 'L' train
trip_unlinked,mode_transit_1,8,METRA commuter rail
trip_unlinked,mode_transit_1,9,NICTD train
trip_unlinked,mode_transit_1,10,Another type of train
trip_unlinked,mode_transit_1,11,"Intercity bus (e.g., Greyhound)"
trip_unlinked,mode_transit_1,12,"Intercity rail (e.g., Amtrak)"
trip_unlinked,mode_transit_1,13,Other bus
trip_unlinked,mode_transit_1,14,Other rail
trip_unlinked,mode_transit_1,995,Missing Response
trip_unlinked,mode_transit_route_1,1,CTA Bus
trip_unlinked,mode_transit_route_1,2,PACE bus
trip_unlinked,mode_transit_route_1,3,CTA 'L' train
trip_unlinked,mode_transit_route_1,4,METRA commuter rail
trip_unlinked,mode_transit_route_1,5,Red Line
trip_unlinked,mode_transit_route_1,6,Purple Line
trip_unlinked,mode_transit_route_1,7,Yellow Line
trip_unlinked,mode_transit_route_1,8,Blue Line
trip_unlinked,mode_transit_route_1,9,Pink Line
trip_unlinked,mode_transit_route_1,10,Green Line
trip_unlinked,mode_transit_route_1,11,Orange Line
trip_unlinked,mode_transit_route_1,12,Brown Line
trip_unlinked,mode_transit_route_1,13,Burlington Northern
trip_unlinked,mode_transit_route_1,14,Heritage Corrdior
trip_unlinked,mode_transit_route_1,15,Milwaukee North
trip_unlinked,mode_transit_route_1,16,Milwaukee West
trip_unlinked,mode_transit_route_1,17,Metra Electric
trip_unlinked,mode_transit_route_1,18,North Central Service
trip_unlinked,mode_transit_route_1,19,Rock Island
trip_unlinked,mode_transit_route_1,20,Southwest Service
trip_unlinked,mode_transit_route_1,21,Union Pacific North
trip_unlinked,mode_transit_route_1,22,Union Pacific Northwest
trip_unlinked,mode_transit_route_1,23,Union Pacific West
trip_unlinked,mode_transit_route_1,24,1 - Bronzeville/Union Station
trip_unlinked,mode_transit_route_1,25,2 - Hyde Park Express
trip_unlinked,mode_transit_route_1,26,3 - King Drive
trip_unlinked,mode_transit_route_1,27,4 - Cottage Grove
trip_unlinked,mode_transit_route_1,28,X4 - Cottage Grove Express
trip_unlinked,mode_transit_route_1,29,5 - South Shore Night Bus
trip_unlinked,mode_transit_route_1,30,6 - Jackson Park Express
trip_unlinked,mode_transit_route_1,31,7 - Harrison
trip_unlinked,mode_transit_route_1,32,8 - Halsted
trip_unlinked,mode_transit_route_1,33,8A - South Halsted
trip_unlinked,mode_transit_route_1,34,9 - Ashland
trip_unlinked,mode_transit_route_1,35,X9 - Ashland Express
trip_unlinked,mode_transit_route_1,36,11 - Lincoln
trip_unlinked,mode_transit_route_1,37,12 - Roosevelt
trip_unlinked,mode_transit_route_1,38,J14 - Jeffery Jump
trip_unlinked,mode_transit_route_1,39,15 - Jeffery Local
trip_unlinked,mode_transit_route_1,40,18 - 16th/18th
trip_unlinked,mode_transit_route_1,41,20 - Madison
trip_unlinked,mode_transit_route_1,42,21 - Cermak
trip_unlinked,mode_transit_route_1,43,22 - Clark
trip_unlinked,mode_transit_route_1,44,24 - Wentworth
trip_unlinked,mode_transit_route_1,45,26 - South Shore Express
trip_unlinked,mode_transit_route_1,46,28 - Stony Island
trip_unlinked,mode_transit_route_1,47,29 - State
trip_unlinked,mode_transit_route_1,48,31 - 31st
trip_unlinked,mode_transit_route_1,49,30 - South Chicago
trip_unlinked,mode_transit_route_1,50,34 - South Michigan
trip_unlinked,mode_transit_route_1,51,35 - 31st/35th
trip_unlinked,mode_transit_route_1,52,36 - Broadway
trip_unlinked,mode_transit_route_1,53,37 - Sedgwick
trip_unlinked,mode_transit_route_1,54,39 - Pershing
trip_unlinked,mode_transit_route_1,55,43 - 43rd
trip_unlinked,mode_transit_route_1,56,44 - Wallace/Racine
trip_unlinked,mode_transit_route_1,57,47 - 47th
trip_unlinked,mode_transit_route_1,58,48 - South Damen
trip_unlinked,mode_transit_route_1,59,49 - Western
trip_unlinked,mode_transit_route_1,60,49B - North Western
trip_unlinked,mode_transit_route_1,61,X49 - Western Express
trip_unlinked,mode_transit_route_1,62,50 - Damen
trip_unlinked,mode_transit_route_1,63,51 - 51st
trip_unlinked,mode_transit_route_1,64,52 - Kedzie
trip_unlinked,mode_transit_route_1,65,52A - South Kedzie
trip_unlinked,mode_transit_route_1,66,53 - Pulaski
trip_unlinked,mode_transit_route_1,67,53A - South Pulaski
trip_unlinked,mode_transit_route_1,68,54 - Cicero
trip_unlinked,mode_transit_route_1,69,54A - North Cicero/Skokie Blvd.
trip_unlinked,mode_transit_route_1,70,54B - South Cicero
trip_unlinked,mode_transit_route_1,71,55 - Garfield
trip_unlinked,mode_transit_route_1,72,55A - 55th/Austin
trip_unlinked,mode_transit_route_1,73,55N - 55th/Narragansett
trip_unlinked,mode_transit_route_1,74,56 - Milwaukee
trip_unlinked,mode_transit_route_1,75,57 - Laramie
trip_unlinked,mode_transit_route_1,76,59 - 59th/61st
trip_unlinked,mode_transit_route_1,77,60 - Blue Island/26th
trip_unlinked,mode_transit_route_1,78,62 - Archer
trip_unlinked,mode_transit_route_1,79,62H - Archer/Harlem
trip_unlinked,mode_transit_route_1,80,63 - 63rd
trip_unlinked,mode_transit_route_1,81,63W - West 63rd
trip_unlinked,mode_transit_route_1,82,65 - Grand
trip_unlinked,mode_transit_route_1,83,66 - Chicago
trip_unlinked,mode_transit_route_1,84,67 - 67th/69th/71st
trip_unlinked,mode_transit_route_1,85,68 - Northwest Highway
trip_unlinked,mode_transit_route_1,86,70 - Division
trip_unlinked,mode_transit_route_1,87,71 - 71st/South Shore
trip_unlinked,mode_transit_route_1,88,72 - North
trip_unlinked,mode_transit_route_1,89,73 - Armitage
trip_unlinked,mode_transit_route_1,90,74 - Fullerton
trip_unlinked,mode_transit_route_1,91,75 - 74th/75th
trip_unlinked,mode_transit_route_1,92,76 - Diversey
trip_unlinked,mode_transit_route_1,93,77 - Belmont
trip_unlinked,mode_transit_route_1,94,78 - Montrose
trip_unlinked,mode_transit_route_1,95,79 - 79th
trip_unlinked,mode_transit_route_1,96,80 - Irving Park
trip_unlinked,mode_transit_route_1,97,81 - Lawrence
trip_unlinked,mode_transit_route_1,98,81W - West Lawrence
trip_unlinked,mode_transit_route_1,99,82 - Kimball/Homan
trip_unlinked,mode_transit_route_1,100,84 - Peterson
trip_unlinked,mode_transit_route_1,101,95 - 95th
trip_unlinked,mode_transit_route_1,102,85 - Central
trip_unlinked,mode_transit_route_1,103,85A - North Central
trip_unlinked,mode_transit_route_1,104,86 - Narragansett/Ridgeland
trip_unlinked,mode_transit_route_1,105,87 - 87th
trip_unlinked,mode_transit_route_1,106,88 - Higgins
trip_unlinked,mode_transit_route_1,107,90 - Harlem
trip_unlinked,mode_transit_route_1,108,91 - Austin
trip_unlinked,mode_transit_route_1,109,92 - Foster
trip_unlinked,mode_transit_route_1,110,93 - California/Dodge
trip_unlinked,mode_transit_route_1,111,94 - California
trip_unlinked,mode_transit_route_1,112,96 - Lunt
trip_unlinked,mode_transit_route_1,113,97 - Skokie
trip_unlinked,mode_transit_route_1,114,100 - Jeffery Manor Express
trip_unlinked,mode_transit_route_1,115,103 - West 103rd
trip_unlinked,mode_transit_route_1,116,106 - East 103rd
trip_unlinked,mode_transit_route_1,117,108 - Halsted/95th
trip_unlinked,mode_transit_route_1,118,111 - 111th/King Drive
trip_unlinked,mode_transit_route_1,119,111A - Pullman Shuttle
trip_unlinked,mode_transit_route_1,120,112 - Vincennes/111th
trip_unlinked,mode_transit_route_1,121,115 - Pullman/115th
trip_unlinked,mode_transit_route_1,122,119 - Michigan/119th
trip_unlinked,mode_transit_route_1,123,120 - Ogilvie/Streeterville Express
trip_unlinked,mode_transit_route_1,124,121 - Union/Streeterville Express
trip_unlinked,mode_transit_route_1,125,124 - Navy Pier
trip_unlinked,mode_transit_route_1,126,125 - Water Tower Express
trip_unlinked,mode_transit_route_1,127,126 - Jackson
trip_unlinked,mode_transit_route_1,128,134 - Stockton/LaSalle Express
trip_unlinked,mode_transit_route_1,129,135 - Clarendon/LaSalle Express
trip_unlinked,mode_transit_route_1,130,136 - Sheridan/LaSalle Express
trip_unlinked,mode_transit_route_1,131,143 - Stockton/Michigan Express
trip_unlinked,mode_transit_route_1,132,146 - Inner Lake Shore/Michigan Express
trip_unlinked,mode_transit_route_1,133,147 - Outer DuSable Lake Shore Express
trip_unlinked,mode_transit_route_1,134,148 - Clarendon/Michigan Express
trip_unlinked,mode_transit_route_1,135,151 - Sheridan
trip_unlinked,mode_transit_route_1,136,152 - Addison
trip_unlinked,mode_transit_route_1,137,155 - Devon
trip_unlinked,mode_transit_route_1,138,156 - LaSalle
trip_unlinked,mode_transit_route_1,139,157 - Streeterville/Taylor
trip_unlinked,mode_transit_route_1,140,165 - West 65th
trip_unlinked,mode_transit_route_1,141,169 - 69th/UPS Express
trip_unlinked,mode_transit_route_1,142,171 - U. of Chicago/Hyde Park
trip_unlinked,mode_transit_route_1,143,172 - U. of Chicago/Kenwood
trip_unlinked,mode_transit_route_1,144,192 - University of Chicago Hospitals Express
trip_unlinked,mode_transit_route_1,145,201 - Central/Ridge
trip_unlinked,mode_transit_route_1,146,206 - Evanston Circulator
trip_unlinked,mode_transit_route_1,147,100 - Pulse Milwaukee Line
trip_unlinked,mode_transit_route_1,148,101 - Pulse Dempster Line
trip_unlinked,mode_transit_route_1,149,208 - Golf Road
trip_unlinked,mode_transit_route_1,150,209 - Busse Highway
trip_unlinked,mode_transit_route_1,151,210 - Lincoln Avenue
trip_unlinked,mode_transit_route_1,152,213 - Green Bay Road
trip_unlinked,mode_transit_route_1,153,215 - Crawford-Howard
trip_unlinked,mode_transit_route_1,154,221 - Wolf Road
trip_unlinked,mode_transit_route_1,155,223 - Elk Grove - Rosemont CTA Station
trip_unlinked,mode_transit_route_1,156,225 - Central - Howard
trip_unlinked,mode_transit_route_1,157,226 - Oakton Street
trip_unlinked,mode_transit_route_1,158,230 - South Des Plaines
trip_unlinked,mode_transit_route_1,159,234 - Wheeling - Des Plaines
trip_unlinked,mode_transit_route_1,160,240 - Dee Road
trip_unlinked,mode_transit_route_1,161,241 - Greenwood - Talcott
trip_unlinked,mode_transit_route_1,162,250 - Dempster Street
trip_unlinked,mode_transit_route_1,163,270 - Milwaukee Avenue
trip_unlinked,mode_transit_route_1,164,272 - Milwaukee Avenue North
trip_unlinked,mode_transit_route_1,165,290 - Touhy Avenue
trip_unlinked,mode_transit_route_1,166,301 - Roosevelt Road
trip_unlinked,mode_transit_route_1,167,302 - Ogden - Stanley
trip_unlinked,mode_transit_route_1,168,303 - Forest Park - Rosemont
trip_unlinked,mode_transit_route_1,169,305 - East Roosevelt
trip_unlinked,mode_transit_route_1,170,307 - Harlem
trip_unlinked,mode_transit_route_1,171,308 - Medical Center
trip_unlinked,mode_transit_route_1,172,309 - Lake Street
trip_unlinked,mode_transit_route_1,173,310 - West Madison - Hillside
trip_unlinked,mode_transit_route_1,174,311 - Oak Park Avenue
trip_unlinked,mode_transit_route_1,175,313 - St. Charles Rd.
trip_unlinked,mode_transit_route_1,176,314 - Ridgeland Avenue
trip_unlinked,mode_transit_route_1,177,315 - Austin Boulevard
trip_unlinked,mode_transit_route_1,178,316 - Laramie Avenue
trip_unlinked,mode_transit_route_1,179,317 - Westchester
trip_unlinked,mode_transit_route_1,180,318 - West North Avenue
trip_unlinked,mode_transit_route_1,181,319 - Grand Avenue
trip_unlinked,mode_transit_route_1,182,322 - Cermak Road - 22nd St.
trip_unlinked,mode_transit_route_1,183,330 - Mannheim - LaGrange Roads
trip_unlinked,mode_transit_route_1,184,331 - Cumberland - 5th Avenue
trip_unlinked,mode_transit_route_1,185,332 - River Road - York Road
trip_unlinked,mode_transit_route_1,186,348 - Harvey - Riverdale - Blue Island
trip_unlinked,mode_transit_route_1,187,349 - South Western
trip_unlinked,mode_transit_route_1,188,350 - Sibley
trip_unlinked,mode_transit_route_1,189,352 - Halsted
trip_unlinked,mode_transit_route_1,190,353 - 95th/Dan Ryan CTA-Calumet City-Homewood Limited
trip_unlinked,mode_transit_route_1,191,354 - Harvey - Oak Forest Loop
trip_unlinked,mode_transit_route_1,192,356 - Harvey - Homewood - Tinley Park
trip_unlinked,mode_transit_route_1,193,357 - Lincoln Highway
trip_unlinked,mode_transit_route_1,194,358 - Torrence
trip_unlinked,mode_transit_route_1,195,359 - Robbins - South Kedzie Avenue
trip_unlinked,mode_transit_route_1,196,360 - Harvey-Amazon Monee
trip_unlinked,mode_transit_route_1,197,361 - Harvey - Laraway Crossings Express
trip_unlinked,mode_transit_route_1,198,364 - 159th Street
trip_unlinked,mode_transit_route_1,199,366 - Park Forest - Chicago Heights
trip_unlinked,mode_transit_route_1,200,367 - University Park - Park Forest
trip_unlinked,mode_transit_route_1,201,379 - Midway - Orland Park
trip_unlinked,mode_transit_route_1,202,381 - 95th Street
trip_unlinked,mode_transit_route_1,203,383 - South Cicero
trip_unlinked,mode_transit_route_1,204,384 - Narragansett - Ridgeland
trip_unlinked,mode_transit_route_1,205,385 - 87th / 111th / 127th
trip_unlinked,mode_transit_route_1,206,386 - South Harlem
trip_unlinked,mode_transit_route_1,207,390 - Midway CTA - UPS Hodgkins Limited
trip_unlinked,mode_transit_route_1,208,392 - Green Line Cicero CTA - UPS Hodgkins Limited
trip_unlinked,mode_transit_route_1,209,395 - 95th/Dan Ryan CTA - UPS Hodgkins Limited
trip_unlinked,mode_transit_route_1,210,410 - East Niles Local
trip_unlinked,mode_transit_route_1,211,411 - West Niles Local
trip_unlinked,mode_transit_route_1,212,412 - Niles North Circulator
trip_unlinked,mode_transit_route_1,213,421 - Wilmette Avenue
trip_unlinked,mode_transit_route_1,214,422 - Linden CTA/Glenview/Northbrook Court
trip_unlinked,mode_transit_route_1,215,423 - Linden CTA - The Glen - Harlem L CTA
trip_unlinked,mode_transit_route_1,216,471 - Highland Park-Northbrook Court
trip_unlinked,mode_transit_route_1,217,472 - Highland Park - Highwood
trip_unlinked,mode_transit_route_1,218,501 - West Jefferson
trip_unlinked,mode_transit_route_1,219,504 - South Joliet
trip_unlinked,mode_transit_route_1,220,505 - West Joliet Loop
trip_unlinked,mode_transit_route_1,221,507 - Plainfield
trip_unlinked,mode_transit_route_1,222,508 - East Joliet
trip_unlinked,mode_transit_route_1,223,509 - Joliet-Fairmont
trip_unlinked,mode_transit_route_1,224,511 - Joliet- Elwood -Centerpoint
trip_unlinked,mode_transit_route_1,225,512 - Joliet - Centerpoint
trip_unlinked,mode_transit_route_1,226,524 - West Aurora
trip_unlinked,mode_transit_route_1,227,530 - West Galena - Naperville
trip_unlinked,mode_transit_route_1,228,533 - Northeast Aurora
trip_unlinked,mode_transit_route_1,229,540 - Farnsworth Avenue
trip_unlinked,mode_transit_route_1,230,541 - Northeast Elgin
trip_unlinked,mode_transit_route_1,231,542 - Bluff City
trip_unlinked,mode_transit_route_1,232,543 - Dundee-Carpentersville
trip_unlinked,mode_transit_route_1,233,546 - Orange-Walnut
trip_unlinked,mode_transit_route_1,234,547 - Wing Park
trip_unlinked,mode_transit_route_1,235,548 - Highland
trip_unlinked,mode_transit_route_1,236,549 - South Randall
trip_unlinked,mode_transit_route_1,237,550 - Elgin Transportation Center - Crystal Lake
trip_unlinked,mode_transit_route_1,238,552 - North State - Spring Hill Mall
trip_unlinked,mode_transit_route_1,239,554 - Elgin - Woodfield
trip_unlinked,mode_transit_route_1,240,559 - Illinois Route 59
trip_unlinked,mode_transit_route_1,241,561 - Castlecrest via McAree
trip_unlinked,mode_transit_route_1,242,562 - Gurnee via Sunset
trip_unlinked,mode_transit_route_1,243,563 - Great Lakes Naval Station
trip_unlinked,mode_transit_route_1,244,564 - Jackson / 14th
trip_unlinked,mode_transit_route_1,245,565 - Grand Avenue
trip_unlinked,mode_transit_route_1,246,566 - McAree - Keller
trip_unlinked,mode_transit_route_1,247,568 - Belvidere
trip_unlinked,mode_transit_route_1,248,569 - Lewis
trip_unlinked,mode_transit_route_1,249,570 - Fox Lake - CLC
trip_unlinked,mode_transit_route_1,250,571 - Zion
trip_unlinked,mode_transit_route_1,251,572 - Washington
trip_unlinked,mode_transit_route_1,252,573 - Green Bay Road
trip_unlinked,mode_transit_route_1,253,574 - CLC - Hawthorn Mall
trip_unlinked,mode_transit_route_1,254,591 - Wheaton - Winfield On Demand
trip_unlinked,mode_transit_route_1,255,600 - Rosemont - Schaumburg Express
trip_unlinked,mode_transit_route_1,256,603 - Elgin Terminal - Rosemont Express
trip_unlinked,mode_transit_route_1,257,604 - Wheeling - Schaumburg
trip_unlinked,mode_transit_route_1,258,605 - I-90/Randall Rd. Station - Rosemont Express
trip_unlinked,mode_transit_route_1,259,606 - Rosemont - Schaumburg Limited
trip_unlinked,mode_transit_route_1,260,607 - I-90/Randall Rd. Station - Schaumburg Express
trip_unlinked,mode_transit_route_1,261,626 - Skokie - Buffalo Grove Limited
trip_unlinked,mode_transit_route_1,262,697 - Northwest Transportation Center - Harper College
trip_unlinked,mode_transit_route_1,263,711 - Wheaton-Addison
trip_unlinked,mode_transit_route_1,264,714 - College of DuPage-Naperville-Wheaton Connector
trip_unlinked,mode_transit_route_1,265,715 - Central DuPage
trip_unlinked,mode_transit_route_1,266,722 - Ogden Avenue
trip_unlinked,mode_transit_route_1,267,755 - Plainfield - West Loop Express
trip_unlinked,mode_transit_route_1,268,801 - Elgin-Geneva
trip_unlinked,mode_transit_route_1,269,802 - Aurora - Geneva via Lake Street
trip_unlinked,mode_transit_route_1,270,803 - Carpentersville Local
trip_unlinked,mode_transit_route_1,271,806 - Crystal Lake-Fox Lake
trip_unlinked,mode_transit_route_1,272,807 - Woodstock-McHenry
trip_unlinked,mode_transit_route_1,273,808 - Crystal Lake-Harvard
trip_unlinked,mode_transit_route_1,274,811 - Rosemont Entertainment Circulator
trip_unlinked,mode_transit_route_1,275,832 - Joliet - Orland Park
trip_unlinked,mode_transit_route_1,276,834 - Joliet - Downers Grove
trip_unlinked,mode_transit_route_1,277,850 - North Bolingbrook - East Loop Express
trip_unlinked,mode_transit_route_1,278,855 - Plainfield-East Loop Express
trip_unlinked,mode_transit_route_1,279,890 - Chicago Heights - UPS Hodgkins Limited
trip_unlinked,mode_transit_route_1,280,905 - Schaumburg Trolley
trip_unlinked,mode_transit_route_1,995,Missing Response
trip_unlinked,mode_train_access_1,21,Addison-Blue
trip_unlinked,mode_train_access_1,22,Austin-Blue
trip_unlinked,mode_train_access_1,23,Belmont-Blue
trip_unlinked,mode_train_access_1,24,California-O'Hare
trip_unlinked,mode_train_access_1,25,Chicago-Blue
trip_unlinked,mode_train_access_1,26,Cicero-Forest Park
trip_unlinked,mode_train_access_1,27,Clark/Lake (Subway)
trip_unlinked,mode_train_access_1,28,Clinton-Blue
trip_unlinked,mode_train_access_1,29,Cumberland
trip_unlinked,mode_train_access_1,30,Damen-O'Hare
trip_unlinked,mode_train_access_1,31,Division
trip_unlinked,mode_train_access_1,32,Forest Park
trip_unlinked,mode_train_access_1,33,Grand-Blue
trip_unlinked,mode_train_access_1,34,Harlem-Forest Park
trip_unlinked,mode_train_access_1,35,Harlem-O'Hare
trip_unlinked,mode_train_access_1,36,Illinois Medical District
trip_unlinked,mode_train_access_1,37,Irving Park-Blue
trip_unlinked,mode_train_access_1,38,Jackson-Blue
trip_unlinked,mode_train_access_1,39,Jefferson Park
trip_unlinked,mode_train_access_1,40,Kedzie-Homan
trip_unlinked,mode_train_access_1,41,LaSalle
trip_unlinked,mode_train_access_1,42,Logan Square
trip_unlinked,mode_train_access_1,43,Monroe-Blue
trip_unlinked,mode_train_access_1,44,Montrose-Blue
trip_unlinked,mode_train_access_1,45,O'Hare
trip_unlinked,mode_train_access_1,46,Oak Park-Blue
trip_unlinked,mode_train_access_1,47,Pulaski-Forest Park
trip_unlinked,mode_train_access_1,48,Racine
trip_unlinked,mode_train_access_1,49,Rosemont
trip_unlinked,mode_train_access_1,50,UIC-Halsted
trip_unlinked,mode_train_access_1,51,Washington-Blue
trip_unlinked,mode_train_access_1,52,Western-Forest Park
trip_unlinked,mode_train_access_1,53,Western-O'Hare
trip_unlinked,mode_train_access_1,54,Adams/Wabash-Brown
trip_unlinked,mode_train_access_1,55,Addison-Brown
trip_unlinked,mode_train_access_1,56,Armitage-Brown
trip_unlinked,mode_train_access_1,57,Belmont-Brown
trip_unlinked,mode_train_access_1,58,Chicago-Brown
trip_unlinked,mode_train_access_1,59,Clark/Lake (Elevated)-Brown
trip_unlinked,mode_train_access_1,60,Damen-Brown
trip_unlinked,mode_train_access_1,61,Diversey-Brown
trip_unlinked,mode_train_access_1,62,Francisco
trip_unlinked,mode_train_access_1,63,Fullerton-Brown
trip_unlinked,mode_train_access_1,64,Harold Washington Library-Brown
trip_unlinked,mode_train_access_1,65,Irving Park-Brown
trip_unlinked,mode_train_access_1,66,Kedzie-Brown
trip_unlinked,mode_train_access_1,67,Kimball
trip_unlinked,mode_train_access_1,68,LaSalle/Van Buren-Brown
trip_unlinked,mode_train_access_1,69,Merchandise Mart-Brown
trip_unlinked,mode_train_access_1,70,Montrose-Brown
trip_unlinked,mode_train_access_1,71,Paulina
trip_unlinked,mode_train_access_1,72,Quincy-Brown
trip_unlinked,mode_train_access_1,73,Rockwell
trip_unlinked,mode_train_access_1,74,Sedgwick-Brown
trip_unlinked,mode_train_access_1,75,Southport
trip_unlinked,mode_train_access_1,76,State/Lake-Brown
trip_unlinked,mode_train_access_1,77,Washington/Wabash-Brown
trip_unlinked,mode_train_access_1,78,Washington/Wells-Brown
trip_unlinked,mode_train_access_1,79,Wellington-Brown
trip_unlinked,mode_train_access_1,80,Western-Brown
trip_unlinked,mode_train_access_1,81,35-Bronzeville-IIT
trip_unlinked,mode_train_access_1,82,43rd
trip_unlinked,mode_train_access_1,83,47th-Green
trip_unlinked,mode_train_access_1,84,51st
trip_unlinked,mode_train_access_1,85,Adams/Wabash-Green
trip_unlinked,mode_train_access_1,86,Ashland-Lake-Green
trip_unlinked,mode_train_access_1,87,Ashland/63rd
trip_unlinked,mode_train_access_1,88,Austin-Green
trip_unlinked,mode_train_access_1,89,California-Green
trip_unlinked,mode_train_access_1,90,Central-Green
trip_unlinked,mode_train_access_1,91,Cermak-McCormick Place
trip_unlinked,mode_train_access_1,92,Cicero-Green
trip_unlinked,mode_train_access_1,93,Clark/Lake (Elevated)-Green
trip_unlinked,mode_train_access_1,94,Clinton-Green
trip_unlinked,mode_train_access_1,95,Conservatory
trip_unlinked,mode_train_access_1,96,East 63rd-Cottage Grove
trip_unlinked,mode_train_access_1,97,Garfield-Green
trip_unlinked,mode_train_access_1,98,Halsted-Green
trip_unlinked,mode_train_access_1,99,Harlem-Green
trip_unlinked,mode_train_access_1,100,Indiana
trip_unlinked,mode_train_access_1,101,Kedzie-Green
trip_unlinked,mode_train_access_1,102,King Drive
trip_unlinked,mode_train_access_1,103,Laramie
trip_unlinked,mode_train_access_1,104,Morgan-Green
trip_unlinked,mode_train_access_1,105,Oak Park-Green
trip_unlinked,mode_train_access_1,106,Pulaski-Green
trip_unlinked,mode_train_access_1,107,Ridgeland
trip_unlinked,mode_train_access_1,108,Roosevelt (Elevated)-Green
trip_unlinked,mode_train_access_1,109,State/Lake-Green
trip_unlinked,mode_train_access_1,110,Washington/Wabash-Green
trip_unlinked,mode_train_access_1,111,35th/Archer
trip_unlinked,mode_train_access_1,112,Adams/Wabash-Orange
trip_unlinked,mode_train_access_1,113,Ashland-Orange
trip_unlinked,mode_train_access_1,114,Clark/Lake (Elevated)-Orange
trip_unlinked,mode_train_access_1,115,Halsted-Orange
trip_unlinked,mode_train_access_1,116,Harold Washington Library-Orange
trip_unlinked,mode_train_access_1,117,Kedzie-Orange
trip_unlinked,mode_train_access_1,118,LaSalle/Van Buren-Orange
trip_unlinked,mode_train_access_1,119,Midway
trip_unlinked,mode_train_access_1,120,Pulaski-Orange
trip_unlinked,mode_train_access_1,121,Quincy-Orange
trip_unlinked,mode_train_access_1,122,Roosevelt (Elevated)-Orange
trip_unlinked,mode_train_access_1,123,State/Lake-Orange
trip_unlinked,mode_train_access_1,124,Washington/Wabash-Orange
trip_unlinked,mode_train_access_1,125,Washington/Wells-Orange
trip_unlinked,mode_train_access_1,126,Western-Orange
trip_unlinked,mode_train_access_1,127,Adams/Wabash-Purple
trip_unlinked,mode_train_access_1,128,Armitage-Purple
trip_unlinked,mode_train_access_1,129,Belmont-Purple
trip_unlinked,mode_train_access_1,130,Central-Purple
trip_unlinked,mode_train_access_1,131,Chicago-Purple
trip_unlinked,mode_train_access_1,132,Clark/Lake (Elevated)-Purple
trip_unlinked,mode_train_access_1,133,Davis
trip_unlinked,mode_train_access_1,134,Dempster
trip_unlinked,mode_train_access_1,135,Diversey-Purple
trip_unlinked,mode_train_access_1,136,Foster
trip_unlinked,mode_train_access_1,137,Fullerton-Purple
trip_unlinked,mode_train_access_1,138,Harold Washington Library-Purple
trip_unlinked,mode_train_access_1,139,Howard-Purple
trip_unlinked,mode_train_access_1,140,LaSalle/Van Buren-Purple
trip_unlinked,mode_train_access_1,141,Linden
trip_unlinked,mode_train_access_1,142,Main
trip_unlinked,mode_train_access_1,143,Merchandise Mart-Purple
trip_unlinked,mode_train_access_1,144,Noyes
trip_unlinked,mode_train_access_1,145,Quincy-Purple
trip_unlinked,mode_train_access_1,146,Sedgwick-Purple
trip_unlinked,mode_train_access_1,147,South Boulevard
trip_unlinked,mode_train_access_1,148,State/Lake-Purple
trip_unlinked,mode_train_access_1,149,Washington/Wabash-Purple
trip_unlinked,mode_train_access_1,150,Washington/Wells-Purple
trip_unlinked,mode_train_access_1,151,Wellington-Purple
trip_unlinked,mode_train_access_1,152,Wilson-North Outer
trip_unlinked,mode_train_access_1,153,Wilson-South Outer
trip_unlinked,mode_train_access_1,154,18th
trip_unlinked,mode_train_access_1,155,54th/Cermak
trip_unlinked,mode_train_access_1,156,Adams/Wabash-Pink
trip_unlinked,mode_train_access_1,157,Ashland-Lake-Pink
trip_unlinked,mode_train_access_1,158,California-Cermak
trip_unlinked,mode_train_access_1,159,Central Park
trip_unlinked,mode_train_access_1,160,Cicero-Cermak
trip_unlinked,mode_train_access_1,161,Clark/Lake (Elevated)-Pink
trip_unlinked,mode_train_access_1,162,Clinton-Pink
trip_unlinked,mode_train_access_1,163,Damen-Cermak
trip_unlinked,mode_train_access_1,164,Harold Washington Library
trip_unlinked,mode_train_access_1,165,Kedzie-Cermak
trip_unlinked,mode_train_access_1,166,Kostner
trip_unlinked,mode_train_access_1,167,LaSalle/Van Buren-Pink
trip_unlinked,mode_train_access_1,168,Morgan-Pink
trip_unlinked,mode_train_access_1,169,Polk
trip_unlinked,mode_train_access_1,170,Pulaski-Cermak
trip_unlinked,mode_train_access_1,171,Quincy-Pink
trip_unlinked,mode_train_access_1,172,State/Lake-Pink
trip_unlinked,mode_train_access_1,173,Washington/Wabash-Pink
trip_unlinked,mode_train_access_1,174,Washington/Wells-Pink
trip_unlinked,mode_train_access_1,175,Western-Cermak
trip_unlinked,mode_train_access_1,176,47th-Red
trip_unlinked,mode_train_access_1,177,63rd
trip_unlinked,mode_train_access_1,178,69th
trip_unlinked,mode_train_access_1,179,79th
trip_unlinked,mode_train_access_1,180,87th
trip_unlinked,mode_train_access_1,181,95th
trip_unlinked,mode_train_access_1,182,Addison-Red
trip_unlinked,mode_train_access_1,183,Argyle
trip_unlinked,mode_train_access_1,184,Belmont-Red
trip_unlinked,mode_train_access_1,185,Bryn Mawr
trip_unlinked,mode_train_access_1,186,Cermak-Chinatown
trip_unlinked,mode_train_access_1,187,Chicago-Red
trip_unlinked,mode_train_access_1,188,Clark/Division
trip_unlinked,mode_train_access_1,189,Fullerton-Red
trip_unlinked,mode_train_access_1,190,Garfield-Red
trip_unlinked,mode_train_access_1,191,Grand-Red
trip_unlinked,mode_train_access_1,192,Granville
trip_unlinked,mode_train_access_1,193,Harrison
trip_unlinked,mode_train_access_1,194,Howard-Red
trip_unlinked,mode_train_access_1,195,Jackson-Red
trip_unlinked,mode_train_access_1,196,Jarvis
trip_unlinked,mode_train_access_1,197,Lake
trip_unlinked,mode_train_access_1,198,Loyola
trip_unlinked,mode_train_access_1,199,Monroe-Red
trip_unlinked,mode_train_access_1,200,Morse
trip_unlinked,mode_train_access_1,201,North/Clybourn
trip_unlinked,mode_train_access_1,202,Roosevelt (Subway)
trip_unlinked,mode_train_access_1,203,Sheridan
trip_unlinked,mode_train_access_1,204,Sox-35th
trip_unlinked,mode_train_access_1,205,Thorndale
trip_unlinked,mode_train_access_1,206,Wilson-North Inner
trip_unlinked,mode_train_access_1,207,Wilson-South Inner
trip_unlinked,mode_train_access_1,208,Dempster-Skokie
trip_unlinked,mode_train_access_1,209,Howard-Yellow
trip_unlinked,mode_train_access_1,210,Oakton-Skokie
trip_unlinked,mode_train_access_1,211,Aurora
trip_unlinked,mode_train_access_1,212,Belmont
trip_unlinked,mode_train_access_1,213,Berwyn
trip_unlinked,mode_train_access_1,214,Brookfield
trip_unlinked,mode_train_access_1,215,Chicago Union Station-BNSF
trip_unlinked,mode_train_access_1,216,Cicero
trip_unlinked,mode_train_access_1,217,Clarendon Hills
trip_unlinked,mode_train_access_1,218,Congress Park
trip_unlinked,mode_train_access_1,219,Downers Grove
trip_unlinked,mode_train_access_1,220,Fairview Ave.
trip_unlinked,mode_train_access_1,221,Halsted Street
trip_unlinked,mode_train_access_1,222,Harlem Ave.
trip_unlinked,mode_train_access_1,223,Highlands
trip_unlinked,mode_train_access_1,224,Hinsdale
trip_unlinked,mode_train_access_1,225,Hollywood
trip_unlinked,mode_train_access_1,226,LaGrange Road
trip_unlinked,mode_train_access_1,227,Lavergne
trip_unlinked,mode_train_access_1,228,Lisle
trip_unlinked,mode_train_access_1,229,Naperville
trip_unlinked,mode_train_access_1,230,Riverside
trip_unlinked,mode_train_access_1,231,Route 59
trip_unlinked,mode_train_access_1,232,Stone Ave.
trip_unlinked,mode_train_access_1,233,West Hinsdale
trip_unlinked,mode_train_access_1,234,Western Avenue
trip_unlinked,mode_train_access_1,235,Western Springs
trip_unlinked,mode_train_access_1,236,Westmont
trip_unlinked,mode_train_access_1,239,Lemont
trip_unlinked,mode_train_access_1,240,Lockport
trip_unlinked,mode_train_access_1,241,Romeoville
trip_unlinked,mode_train_access_1,242,Summit
trip_unlinked,mode_train_access_1,243,Willow Springs
trip_unlinked,mode_train_access_1,244,Chicago Union Station-MN
trip_unlinked,mode_train_access_1,245,Deerfield
trip_unlinked,mode_train_access_1,246,Edgebrook
trip_unlinked,mode_train_access_1,247,Forest Glen
trip_unlinked,mode_train_access_1,248,Fox Lake
trip_unlinked,mode_train_access_1,249,Glen/N. Glenview
trip_unlinked,mode_train_access_1,250,Glenview
trip_unlinked,mode_train_access_1,251,Golf
trip_unlinked,mode_train_access_1,252,Grayland
trip_unlinked,mode_train_access_1,253,Grayslake
trip_unlinked,mode_train_access_1,254,Healy
trip_unlinked,mode_train_access_1,255,Ingleside
trip_unlinked,mode_train_access_1,256,Lake Forest
trip_unlinked,mode_train_access_1,257,Lake-Cook
trip_unlinked,mode_train_access_1,258,Libertyville
trip_unlinked,mode_train_access_1,259,Long Lake
trip_unlinked,mode_train_access_1,260,Mayfair
trip_unlinked,mode_train_access_1,261,Morton Grove
trip_unlinked,mode_train_access_1,262,Northbrook
trip_unlinked,mode_train_access_1,263,Prairie Crossing
trip_unlinked,mode_train_access_1,264,Round Lake
trip_unlinked,mode_train_access_1,265,Western Ave
trip_unlinked,mode_train_access_1,266,Bartlett
trip_unlinked,mode_train_access_1,267,Bensenville
trip_unlinked,mode_train_access_1,268,Big Timber
trip_unlinked,mode_train_access_1,269,Chicago Union Station-MW
trip_unlinked,mode_train_access_1,270,Elgin
trip_unlinked,mode_train_access_1,271,Elmwood Park
trip_unlinked,mode_train_access_1,272,Franklin Park
trip_unlinked,mode_train_access_1,273,Galewood
trip_unlinked,mode_train_access_1,274,Grand/Cicero
trip_unlinked,mode_train_access_1,275,Hanover Park
trip_unlinked,mode_train_access_1,276,Hanson Park
trip_unlinked,mode_train_access_1,277,Itasca
trip_unlinked,mode_train_access_1,278,Mannheim
trip_unlinked,mode_train_access_1,279,Mars
trip_unlinked,mode_train_access_1,280,Medinah
trip_unlinked,mode_train_access_1,281,Mont Clare
trip_unlinked,mode_train_access_1,282,National St
trip_unlinked,mode_train_access_1,284,Roselle
trip_unlinked,mode_train_access_1,285,Schaumburg
trip_unlinked,mode_train_access_1,287,Wood Dale
trip_unlinked,mode_train_access_1,288,107th St.
trip_unlinked,mode_train_access_1,289,111th St. (Pullman)
trip_unlinked,mode_train_access_1,290,18th St.
trip_unlinked,mode_train_access_1,291,211th St.
trip_unlinked,mode_train_access_1,292,27th St.
trip_unlinked,mode_train_access_1,293,47th St. (Kenwood)
trip_unlinked,mode_train_access_1,294,51st/53rd St. (Hyde Park)
trip_unlinked,mode_train_access_1,295,55th - 56th - 57th St.
trip_unlinked,mode_train_access_1,296,59th St. (U. of Chicago)
trip_unlinked,mode_train_access_1,297,63rd St.
trip_unlinked,mode_train_access_1,298,75th St. (Grand Crossing)
trip_unlinked,mode_train_access_1,299,83rd St.
trip_unlinked,mode_train_access_1,300,83rd St. (Avalon Park)
trip_unlinked,mode_train_access_1,301,87th St.
trip_unlinked,mode_train_access_1,302,87th St. (Woodruff)
trip_unlinked,mode_train_access_1,303,91st St.
trip_unlinked,mode_train_access_1,304,95th St.
trip_unlinked,mode_train_access_1,305,Ashland
trip_unlinked,mode_train_access_1,306,Blue Island
trip_unlinked,mode_train_access_1,308,Burr Oak
trip_unlinked,mode_train_access_1,309,Calumet
trip_unlinked,mode_train_access_1,310,Cheltenham (79th St.)
trip_unlinked,mode_train_access_1,311,Flossmoor
trip_unlinked,mode_train_access_1,312,Harvey
trip_unlinked,mode_train_access_1,313,Hazel Crest
trip_unlinked,mode_train_access_1,314,Homewood
trip_unlinked,mode_train_access_1,315,Ivanhoe
trip_unlinked,mode_train_access_1,316,Kensington
trip_unlinked,mode_train_access_1,317,Matteson
trip_unlinked,mode_train_access_1,319,Millennium Station-ME
trip_unlinked,mode_train_access_1,320,Museum Campus/11th St.
trip_unlinked,mode_train_access_1,321,Olympia Fields
trip_unlinked,mode_train_access_1,323,Richton Park
trip_unlinked,mode_train_access_1,324,Riverdale
trip_unlinked,mode_train_access_1,325,South Chicago (93rd)
trip_unlinked,mode_train_access_1,326,South Shore
trip_unlinked,mode_train_access_1,327,State St.
trip_unlinked,mode_train_access_1,328,Stewart Ridge
trip_unlinked,mode_train_access_1,329,Stony Island
trip_unlinked,mode_train_access_1,330,University Park
trip_unlinked,mode_train_access_1,331,Van Buren St.
trip_unlinked,mode_train_access_1,332,West Pullman
trip_unlinked,mode_train_access_1,333,Windsor Park
trip_unlinked,mode_train_access_1,334,Antioch
trip_unlinked,mode_train_access_1,335,Buffalo Grove
trip_unlinked,mode_train_access_1,336,Chicago Union Station-NCS
trip_unlinked,mode_train_access_1,337,Franklin Pk
trip_unlinked,mode_train_access_1,338,Lake Villa
trip_unlinked,mode_train_access_1,339,Mundelein
trip_unlinked,mode_train_access_1,340,OHare Transfer
trip_unlinked,mode_train_access_1,341,Prairie Crossing.
trip_unlinked,mode_train_access_1,342,Prairie View
trip_unlinked,mode_train_access_1,343,Prospect Hts
trip_unlinked,mode_train_access_1,346,Round Lake Beach
trip_unlinked,mode_train_access_1,347,Schiller Park
trip_unlinked,mode_train_access_1,348,Vernon Hills
trip_unlinked,mode_train_access_1,349,Washington St (Grayslake)
trip_unlinked,mode_train_access_1,351,Wheeling
trip_unlinked,mode_train_access_1,352,103rd St. - Beverly Hills
trip_unlinked,mode_train_access_1,353,103rd St.-Washington Hts.
trip_unlinked,mode_train_access_1,354,107th St. - Beverly Hills
trip_unlinked,mode_train_access_1,355,111th St. - Morgan Park
trip_unlinked,mode_train_access_1,356,115th St. - Morgan Park
trip_unlinked,mode_train_access_1,357,119th St.
trip_unlinked,mode_train_access_1,358,123rd St.
trip_unlinked,mode_train_access_1,359,35th St. - Lou Jones
trip_unlinked,mode_train_access_1,360,91st St. - Beverly Hills
trip_unlinked,mode_train_access_1,361,95th St. - Beverly Hills
trip_unlinked,mode_train_access_1,362,95th St.-Longwood
trip_unlinked,mode_train_access_1,363,99th St. - Beverly Hills
trip_unlinked,mode_train_access_1,364,Blue Island-Vermont
trip_unlinked,mode_train_access_1,365,Brainerd
trip_unlinked,mode_train_access_1,366,Gresham
trip_unlinked,mode_train_access_1,367,Hickory Creek
trip_unlinked,mode_train_access_1,368,Joliet
trip_unlinked,mode_train_access_1,369,LaSalle Street
trip_unlinked,mode_train_access_1,370,Midlothian
trip_unlinked,mode_train_access_1,371,Mokena
trip_unlinked,mode_train_access_1,372,New Lenox
trip_unlinked,mode_train_access_1,373,Oak Forest
trip_unlinked,mode_train_access_1,374,Prairie St.
trip_unlinked,mode_train_access_1,375,Robbins
trip_unlinked,mode_train_access_1,376,Tinley Park
trip_unlinked,mode_train_access_1,377,Tinley-80th
trip_unlinked,mode_train_access_1,378,Ashburn
trip_unlinked,mode_train_access_1,379,Chicago Ridge
trip_unlinked,mode_train_access_1,380,Chicago Union Station-SS
trip_unlinked,mode_train_access_1,381,Laraway Road
trip_unlinked,mode_train_access_1,382,Manhattan
trip_unlinked,mode_train_access_1,383,Oak Lawn Patriot
trip_unlinked,mode_train_access_1,384,Orland Park 143rd
trip_unlinked,mode_train_access_1,385,Orland Park 153rd
trip_unlinked,mode_train_access_1,386,Orland Park 179th
trip_unlinked,mode_train_access_1,387,Palos Heights
trip_unlinked,mode_train_access_1,388,Palos Park
trip_unlinked,mode_train_access_1,389,Worth
trip_unlinked,mode_train_access_1,390,Wrightwood
trip_unlinked,mode_train_access_1,391,Braeside
trip_unlinked,mode_train_access_1,392,Central St.
trip_unlinked,mode_train_access_1,393,Chicago OTC-UPN
trip_unlinked,mode_train_access_1,394,Clybourn
trip_unlinked,mode_train_access_1,395,Evanston (Davis St.)
trip_unlinked,mode_train_access_1,396,Fort Sheridan
trip_unlinked,mode_train_access_1,397,Glencoe
trip_unlinked,mode_train_access_1,398,Great Lakes
trip_unlinked,mode_train_access_1,399,Highland Park
trip_unlinked,mode_train_access_1,400,Highwood
trip_unlinked,mode_train_access_1,401,Hubbard Woods
trip_unlinked,mode_train_access_1,402,Indian Hill
trip_unlinked,mode_train_access_1,403,Kenilworth
trip_unlinked,mode_train_access_1,404,Kenosha
trip_unlinked,mode_train_access_1,405,Lake Bluff
trip_unlinked,mode_train_access_1,406,Lake Forest.
trip_unlinked,mode_train_access_1,407,Main St.
trip_unlinked,mode_train_access_1,408,North Chicago
trip_unlinked,mode_train_access_1,409,Ravenswood
trip_unlinked,mode_train_access_1,410,Ravinia
trip_unlinked,mode_train_access_1,411,Ravinia Park
trip_unlinked,mode_train_access_1,412,Rogers Park
trip_unlinked,mode_train_access_1,413,Waukegan
trip_unlinked,mode_train_access_1,414,Wilmette
trip_unlinked,mode_train_access_1,415,Winnetka
trip_unlinked,mode_train_access_1,416,Winthrop Harbor
trip_unlinked,mode_train_access_1,417,Zion
trip_unlinked,mode_train_access_1,418,Arlington Heights
trip_unlinked,mode_train_access_1,419,Arlington Park
trip_unlinked,mode_train_access_1,420,Barrington
trip_unlinked,mode_train_access_1,421,Cary
trip_unlinked,mode_train_access_1,422,Chicago OTC-UPNW
trip_unlinked,mode_train_access_1,424,Crystal Lake
trip_unlinked,mode_train_access_1,426,Dee Road
trip_unlinked,mode_train_access_1,427,Des Plaines
trip_unlinked,mode_train_access_1,428,Edison Park
trip_unlinked,mode_train_access_1,429,Fox River Grove
trip_unlinked,mode_train_access_1,430,Gladstone Park
trip_unlinked,mode_train_access_1,431,Harvard
trip_unlinked,mode_train_access_1,432,Irving Park
trip_unlinked,mode_train_access_1,434,McHenry
trip_unlinked,mode_train_access_1,435,Mt. Prospect
trip_unlinked,mode_train_access_1,436,Norwood Park
trip_unlinked,mode_train_access_1,437,Palatine
trip_unlinked,mode_train_access_1,438,Park Ridge
trip_unlinked,mode_train_access_1,439,Pingree Road
trip_unlinked,mode_train_access_1,440,Woodstock
trip_unlinked,mode_train_access_1,441,Bellwood
trip_unlinked,mode_train_access_1,442,Berkeley
trip_unlinked,mode_train_access_1,443,Chicago OTC-UPW
trip_unlinked,mode_train_access_1,444,College Ave
trip_unlinked,mode_train_access_1,445,Elburn
trip_unlinked,mode_train_access_1,446,Elmhurst
trip_unlinked,mode_train_access_1,447,Geneva
trip_unlinked,mode_train_access_1,448,Glen Ellyn
trip_unlinked,mode_train_access_1,449,Kedzie
trip_unlinked,mode_train_access_1,450,La Fox
trip_unlinked,mode_train_access_1,451,Lombard
trip_unlinked,mode_train_access_1,452,Maywood
trip_unlinked,mode_train_access_1,453,Melrose Park
trip_unlinked,mode_train_access_1,454,Oak Park
trip_unlinked,mode_train_access_1,455,River Forest
trip_unlinked,mode_train_access_1,456,Villa Park
trip_unlinked,mode_train_access_1,457,West Chicago
trip_unlinked,mode_train_access_1,458,Wheaton
trip_unlinked,mode_train_access_1,459,Winfield
trip_unlinked,mode_train_access_1,460,11th St. (Michigan City)
trip_unlinked,mode_train_access_1,461,57th St.
trip_unlinked,mode_train_access_1,463,Beverly Shores
trip_unlinked,mode_train_access_1,464,Carroll Ave. (Michigan City)
trip_unlinked,mode_train_access_1,465,Dune Park
trip_unlinked,mode_train_access_1,466,East Chicago
trip_unlinked,mode_train_access_1,467,Gary Metro Center
trip_unlinked,mode_train_access_1,468,Gary/Chicago Airport
trip_unlinked,mode_train_access_1,469,Hammond
trip_unlinked,mode_train_access_1,470,Hegewisch
trip_unlinked,mode_train_access_1,471,Hudson Lake
trip_unlinked,mode_train_access_1,473,Millennium Station-NICTD
trip_unlinked,mode_train_access_1,474,Miller
trip_unlinked,mode_train_access_1,476,Portage/Ogden Dunes
trip_unlinked,mode_train_access_1,477,South Bend Airport
trip_unlinked,mode_train_access_1,479,Damen-Green
trip_unlinked,mode_train_access_1,995,Missing Response
trip_unlinked,mode_train_egress_1,21,Addison-Blue
trip_unlinked,mode_train_egress_1,22,Austin-Blue
trip_unlinked,mode_train_egress_1,23,Belmont-Blue
trip_unlinked,mode_train_egress_1,24,California-O'Hare
trip_unlinked,mode_train_egress_1,25,Chicago-Blue
trip_unlinked,mode_train_egress_1,26,Cicero-Forest Park
trip_unlinked,mode_train_egress_1,27,Clark/Lake (Subway)
trip_unlinked,mode_train_egress_1,28,Clinton-Blue
trip_unlinked,mode_train_egress_1,29,Cumberland
trip_unlinked,mode_train_egress_1,30,Damen-O'Hare
trip_unlinked,mode_train_egress_1,31,Division
trip_unlinked,mode_train_egress_1,32,Forest Park
trip_unlinked,mode_train_egress_1,33,Grand-Blue
trip_unlinked,mode_train_egress_1,34,Harlem-Forest Park
trip_unlinked,mode_train_egress_1,35,Harlem-O'Hare
trip_unlinked,mode_train_egress_1,36,Illinois Medical District
trip_unlinked,mode_train_egress_1,37,Irving Park-Blue
trip_unlinked,mode_train_egress_1,38,Jackson-Blue
trip_unlinked,mode_train_egress_1,39,Jefferson Park
trip_unlinked,mode_train_egress_1,40,Kedzie-Homan
trip_unlinked,mode_train_egress_1,41,LaSalle
trip_unlinked,mode_train_egress_1,42,Logan Square
trip_unlinked,mode_train_egress_1,43,Monroe-Blue
trip_unlinked,mode_train_egress_1,44,Montrose-Blue
trip_unlinked,mode_train_egress_1,45,O'Hare
trip_unlinked,mode_train_egress_1,46,Oak Park-Blue
trip_unlinked,mode_train_egress_1,47,Pulaski-Forest Park
trip_unlinked,mode_train_egress_1,48,Racine
trip_unlinked,mode_train_egress_1,49,Rosemont
trip_unlinked,mode_train_egress_1,50,UIC-Halsted
trip_unlinked,mode_train_egress_1,51,Washington-Blue
trip_unlinked,mode_train_egress_1,52,Western-Forest Park
trip_unlinked,mode_train_egress_1,53,Western-O'Hare
trip_unlinked,mode_train_egress_1,54,Adams/Wabash-Brown
trip_unlinked,mode_train_egress_1,55,Addison-Brown
trip_unlinked,mode_train_egress_1,56,Armitage-Brown
trip_unlinked,mode_train_egress_1,57,Belmont-Brown
trip_unlinked,mode_train_egress_1,58,Chicago-Brown
trip_unlinked,mode_train_egress_1,59,Clark/Lake (Elevated)-Brown
trip_unlinked,mode_train_egress_1,60,Damen-Brown
trip_unlinked,mode_train_egress_1,61,Diversey-Brown
trip_unlinked,mode_train_egress_1,62,Francisco
trip_unlinked,mode_train_egress_1,63,Fullerton-Brown
trip_unlinked,mode_train_egress_1,64,Harold Washington Library-Brown
trip_unlinked,mode_train_egress_1,65,Irving Park-Brown
trip_unlinked,mode_train_egress_1,66,Kedzie-Brown
trip_unlinked,mode_train_egress_1,67,Kimball
trip_unlinked,mode_train_egress_1,68,LaSalle/Van Buren-Brown
trip_unlinked,mode_train_egress_1,69,Merchandise Mart-Brown
trip_unlinked,mode_train_egress_1,70,Montrose-Brown
trip_unlinked,mode_train_egress_1,71,Paulina
trip_unlinked,mode_train_egress_1,72,Quincy-Brown
trip_unlinked,mode_train_egress_1,73,Rockwell
trip_unlinked,mode_train_egress_1,74,Sedgwick-Brown
trip_unlinked,mode_train_egress_1,75,Southport
trip_unlinked,mode_train_egress_1,76,State/Lake-Brown
trip_unlinked,mode_train_egress_1,77,Washington/Wabash-Brown
trip_unlinked,mode_train_egress_1,78,Washington/Wells-Brown
trip_unlinked,mode_train_egress_1,79,Wellington-Brown
trip_unlinked,mode_train_egress_1,80,Western-Brown
trip_unlinked,mode_train_egress_1,81,35-Bronzeville-IIT
trip_unlinked,mode_train_egress_1,82,43rd
trip_unlinked,mode_train_egress_1,83,47th-Green
trip_unlinked,mode_train_egress_1,84,51st
trip_unlinked,mode_train_egress_1,85,Adams/Wabash-Green
trip_unlinked,mode_train_egress_1,86,Ashland-Lake-Green
trip_unlinked,mode_train_egress_1,87,Ashland/63rd
trip_unlinked,mode_train_egress_1,88,Austin-Green
trip_unlinked,mode_train_egress_1,89,California-Green
trip_unlinked,mode_train_egress_1,90,Central-Green
trip_unlinked,mode_train_egress_1,91,Cermak-McCormick Place
trip_unlinked,mode_train_egress_1,92,Cicero-Green
trip_unlinked,mode_train_egress_1,93,Clark/Lake (Elevated)-Green
trip_unlinked,mode_train_egress_1,94,Clinton-Green
trip_unlinked,mode_train_egress_1,95,Conservatory
trip_unlinked,mode_train_egress_1,96,East 63rd-Cottage Grove
trip_unlinked,mode_train_egress_1,97,Garfield-Green
trip_unlinked,mode_train_egress_1,98,Halsted-Green
trip_unlinked,mode_train_egress_1,99,Harlem-Green
trip_unlinked,mode_train_egress_1,100,Indiana
trip_unlinked,mode_train_egress_1,101,Kedzie-Green
trip_unlinked,mode_train_egress_1,102,King Drive
trip_unlinked,mode_train_egress_1,103,Laramie
trip_unlinked,mode_train_egress_1,104,Morgan-Green
trip_unlinked,mode_train_egress_1,105,Oak Park-Green
trip_unlinked,mode_train_egress_1,106,Pulaski-Green
trip_unlinked,mode_train_egress_1,107,Ridgeland
trip_unlinked,mode_train_egress_1,108,Roosevelt (Elevated)-Green
trip_unlinked,mode_train_egress_1,109,State/Lake-Green
trip_unlinked,mode_train_egress_1,110,Washington/Wabash-Green
trip_unlinked,mode_train_egress_1,111,35th/Archer
trip_unlinked,mode_train_egress_1,112,Adams/Wabash-Orange
trip_unlinked,mode_train_egress_1,113,Ashland-Orange
trip_unlinked,mode_train_egress_1,114,Clark/Lake (Elevated)-Orange
trip_unlinked,mode_train_egress_1,115,Halsted-Orange
trip_unlinked,mode_train_egress_1,116,Harold Washington Library-Orange
trip_unlinked,mode_train_egress_1,117,Kedzie-Orange
trip_unlinked,mode_train_egress_1,118,LaSalle/Van Buren-Orange
trip_unlinked,mode_train_egress_1,119,Midway
trip_unlinked,mode_train_egress_1,120,Pulaski-Orange
trip_unlinked,mode_train_egress_1,121,Quincy-Orange
trip_unlinked,mode_train_egress_1,122,Roosevelt (Elevated)-Orange
trip_unlinked,mode_train_egress_1,123,State/Lake-Orange
trip_unlinked,mode_train_egress_1,124,Washington/Wabash-Orange
trip_unlinked,mode_train_egress_1,125,Washington/Wells-Orange
trip_unlinked,mode_train_egress_1,126,Western-Orange
trip_unlinked,mode_train_egress_1,127,Adams/Wabash-Purple
trip_unlinked,mode_train_egress_1,128,Armitage-Purple
trip_unlinked,mode_train_egress_1,129,Belmont-Purple
trip_unlinked,mode_train_egress_1,130,Central-Purple
trip_unlinked,mode_train_egress_1,131,Chicago-Purple
trip_unlinked,mode_train_egress_1,132,Clark/Lake (Elevated)-Purple
trip_unlinked,mode_train_egress_1,133,Davis
trip_unlinked,mode_train_egress_1,134,Dempster
trip_unlinked,mode_train_egress_1,135,Diversey-Purple
trip_unlinked,mode_train_egress_1,136,Foster
trip_unlinked,mode_train_egress_1,137,Fullerton-Purple
trip_unlinked,mode_train_egress_1,138,Harold Washington Library-Purple
trip_unlinked,mode_train_egress_1,139,Howard-Purple
trip_unlinked,mode_train_egress_1,140,LaSalle/Van Buren-Purple
trip_unlinked,mode_train_egress_1,141,Linden
trip_unlinked,mode_train_egress_1,142,Main
trip_unlinked,mode_train_egress_1,143,Merchandise Mart-Purple
trip_unlinked,mode_train_egress_1,144,Noyes
trip_unlinked,mode_train_egress_1,145,Quincy-Purple
trip_unlinked,mode_train_egress_1,146,Sedgwick-Purple
trip_unlinked,mode_train_egress_1,147,South Boulevard
trip_unlinked,mode_train_egress_1,148,State/Lake-Purple
trip_unlinked,mode_train_egress_1,149,Washington/Wabash-Purple
trip_unlinked,mode_train_egress_1,150,Washington/Wells-Purple
trip_unlinked,mode_train_egress_1,151,Wellington-Purple
trip_unlinked,mode_train_egress_1,152,Wilson-North Outer
trip_unlinked,mode_train_egress_1,153,Wilson-South Outer
trip_unlinked,mode_train_egress_1,154,18th
trip_unlinked,mode_train_egress_1,155,54th/Cermak
trip_unlinked,mode_train_egress_1,156,Adams/Wabash-Pink
trip_unlinked,mode_train_egress_1,157,Ashland-Lake-Pink
trip_unlinked,mode_train_egress_1,158,California-Cermak
trip_unlinked,mode_train_egress_1,159,Central Park
trip_unlinked,mode_train_egress_1,160,Cicero-Cermak
trip_unlinked,mode_train_egress_1,161,Clark/Lake (Elevated)-Pink
trip_unlinked,mode_train_egress_1,162,Clinton-Pink
trip_unlinked,mode_train_egress_1,163,Damen-Cermak
trip_unlinked,mode_train_egress_1,164,Harold Washington Library
trip_unlinked,mode_train_egress_1,165,Kedzie-Cermak
trip_unlinked,mode_train_egress_1,166,Kostner
trip_unlinked,mode_train_egress_1,167,LaSalle/Van Buren-Pink
trip_unlinked,mode_train_egress_1,168,Morgan-Pink
trip_unlinked,mode_train_egress_1,169,Polk
trip_unlinked,mode_train_egress_1,170,Pulaski-Cermak
trip_unlinked,mode_train_egress_1,171,Quincy-Pink
trip_unlinked,mode_train_egress_1,172,State/Lake-Pink
trip_unlinked,mode_train_egress_1,173,Washington/Wabash-Pink
trip_unlinked,mode_train_egress_1,174,Washington/Wells-Pink
trip_unlinked,mode_train_egress_1,175,Western-Cermak
trip_unlinked,mode_train_egress_1,176,47th-Red
trip_unlinked,mode_train_egress_1,177,63rd
trip_unlinked,mode_train_egress_1,178,69th
trip_unlinked,mode_train_egress_1,179,79th
trip_unlinked,mode_train_egress_1,180,87th
trip_unlinked,mode_train_egress_1,181,95th
trip_unlinked,mode_train_egress_1,182,Addison-Red
trip_unlinked,mode_train_egress_1,183,Argyle
trip_unlinked,mode_train_egress_1,184,Belmont-Red
trip_unlinked,mode_train_egress_1,185,Bryn Mawr
trip_unlinked,mode_train_egress_1,186,Cermak-Chinatown
trip_unlinked,mode_train_egress_1,187,Chicago-Red
trip_unlinked,mode_train_egress_1,188,Clark/Division
trip_unlinked,mode_train_egress_1,189,Fullerton-Red
trip_unlinked,mode_train_egress_1,190,Garfield-Red
trip_unlinked,mode_train_egress_1,191,Grand-Red
trip_unlinked,mode_train_egress_1,192,Granville
trip_unlinked,mode_train_egress_1,193,Harrison
trip_unlinked,mode_train_egress_1,194,Howard-Red
trip_unlinked,mode_train_egress_1,195,Jackson-Red
trip_unlinked,mode_train_egress_1,196,Jarvis
trip_unlinked,mode_train_egress_1,197,Lake
trip_unlinked,mode_train_egress_1,198,Loyola
trip_unlinked,mode_train_egress_1,199,Monroe-Red
trip_unlinked,mode_train_egress_1,200,Morse
trip_unlinked,mode_train_egress_1,201,North/Clybourn
trip_unlinked,mode_train_egress_1,202,Roosevelt (Subway)
trip_unlinked,mode_train_egress_1,203,Sheridan
trip_unlinked,mode_train_egress_1,204,Sox-35th
trip_unlinked,mode_train_egress_1,205,Thorndale
trip_unlinked,mode_train_egress_1,206,Wilson-North Inner
trip_unlinked,mode_train_egress_1,207,Wilson-South Inner
trip_unlinked,mode_train_egress_1,208,Dempster-Skokie
trip_unlinked,mode_train_egress_1,209,Howard-Yellow
trip_unlinked,mode_train_egress_1,210,Oakton-Skokie
trip_unlinked,mode_train_egress_1,211,Aurora
trip_unlinked,mode_train_egress_1,212,Belmont
trip_unlinked,mode_train_egress_1,213,Berwyn
trip_unlinked,mode_train_egress_1,214,Brookfield
trip_unlinked,mode_train_egress_1,215,Chicago Union Station-BNSF
trip_unlinked,mode_train_egress_1,216,Cicero
trip_unlinked,mode_train_egress_1,217,Clarendon Hills
trip_unlinked,mode_train_egress_1,218,Congress Park
trip_unlinked,mode_train_egress_1,219,Downers Grove
trip_unlinked,mode_train_egress_1,220,Fairview Ave.
trip_unlinked,mode_train_egress_1,221,Halsted Street
trip_unlinked,mode_train_egress_1,222,Harlem Ave.
trip_unlinked,mode_train_egress_1,223,Highlands
trip_unlinked,mode_train_egress_1,224,Hinsdale
trip_unlinked,mode_train_egress_1,225,Hollywood
trip_unlinked,mode_train_egress_1,226,LaGrange Road
trip_unlinked,mode_train_egress_1,227,Lavergne
trip_unlinked,mode_train_egress_1,228,Lisle
trip_unlinked,mode_train_egress_1,229,Naperville
trip_unlinked,mode_train_egress_1,230,Riverside
trip_unlinked,mode_train_egress_1,231,Route 59
trip_unlinked,mode_train_egress_1,232,Stone Ave.
trip_unlinked,mode_train_egress_1,233,West Hinsdale
trip_unlinked,mode_train_egress_1,234,Western Avenue
trip_unlinked,mode_train_egress_1,235,Western Springs
trip_unlinked,mode_train_egress_1,236,Westmont
trip_unlinked,mode_train_egress_1,239,Lemont
trip_unlinked,mode_train_egress_1,240,Lockport
trip_unlinked,mode_train_egress_1,241,Romeoville
trip_unlinked,mode_train_egress_1,242,Summit
trip_unlinked,mode_train_egress_1,243,Willow Springs
trip_unlinked,mode_train_egress_1,244,Chicago Union Station-MN
trip_unlinked,mode_train_egress_1,245,Deerfield
trip_unlinked,mode_train_egress_1,246,Edgebrook
trip_unlinked,mode_train_egress_1,247,Forest Glen
trip_unlinked,mode_train_egress_1,248,Fox Lake
trip_unlinked,mode_train_egress_1,249,Glen/N. Glenview
trip_unlinked,mode_train_egress_1,250,Glenview
trip_unlinked,mode_train_egress_1,251,Golf
trip_unlinked,mode_train_egress_1,252,Grayland
trip_unlinked,mode_train_egress_1,253,Grayslake
trip_unlinked,mode_train_egress_1,254,Healy
trip_unlinked,mode_train_egress_1,255,Ingleside
trip_unlinked,mode_train_egress_1,256,Lake Forest
trip_unlinked,mode_train_egress_1,257,Lake-Cook
trip_unlinked,mode_train_egress_1,258,Libertyville
trip_unlinked,mode_train_egress_1,259,Long Lake
trip_unlinked,mode_train_egress_1,260,Mayfair
trip_unlinked,mode_train_egress_1,261,Morton Grove
trip_unlinked,mode_train_egress_1,262,Northbrook
trip_unlinked,mode_train_egress_1,263,Prairie Crossing
trip_unlinked,mode_train_egress_1,264,Round Lake
trip_unlinked,mode_train_egress_1,265,Western Ave
trip_unlinked,mode_train_egress_1,266,Bartlett
trip_unlinked,mode_train_egress_1,267,Bensenville
trip_unlinked,mode_train_egress_1,268,Big Timber
trip_unlinked,mode_train_egress_1,269,Chicago Union Station-MW
trip_unlinked,mode_train_egress_1,270,Elgin
trip_unlinked,mode_train_egress_1,271,Elmwood Park
trip_unlinked,mode_train_egress_1,272,Franklin Park
trip_unlinked,mode_train_egress_1,273,Galewood
trip_unlinked,mode_train_egress_1,274,Grand/Cicero
trip_unlinked,mode_train_egress_1,275,Hanover Park
trip_unlinked,mode_train_egress_1,276,Hanson Park
trip_unlinked,mode_train_egress_1,277,Itasca
trip_unlinked,mode_train_egress_1,278,Mannheim
trip_unlinked,mode_train_egress_1,279,Mars
trip_unlinked,mode_train_egress_1,280,Medinah
trip_unlinked,mode_train_egress_1,281,Mont Clare
trip_unlinked,mode_train_egress_1,282,National St
trip_unlinked,mode_train_egress_1,284,Roselle
trip_unlinked,mode_train_egress_1,285,Schaumburg
trip_unlinked,mode_train_egress_1,287,Wood Dale
trip_unlinked,mode_train_egress_1,288,107th St.
trip_unlinked,mode_train_egress_1,289,111th St. (Pullman)
trip_unlinked,mode_train_egress_1,290,18th St.
trip_unlinked,mode_train_egress_1,291,211th St.
trip_unlinked,mode_train_egress_1,292,27th St.
trip_unlinked,mode_train_egress_1,293,47th St. (Kenwood)
trip_unlinked,mode_train_egress_1,294,51st/53rd St. (Hyde Park)
trip_unlinked,mode_train_egress_1,295,55th - 56th - 57th St.
trip_unlinked,mode_train_egress_1,296,59th St. (U. of Chicago)
trip_unlinked,mode_train_egress_1,297,63rd St.
trip_unlinked,mode_train_egress_1,298,75th St. (Grand Crossing)
trip_unlinked,mode_train_egress_1,299,83rd St.
trip_unlinked,mode_train_egress_1,300,83rd St. (Avalon Park)
trip_unlinked,mode_train_egress_1,301,87th St.
trip_unlinked,mode_train_egress_1,302,87th St. (Woodruff)
trip_unlinked,mode_train_egress_1,303,91st St.
trip_unlinked,mode_train_egress_1,304,95th St.
trip_unlinked,mode_train_egress_1,305,Ashland
trip_unlinked,mode_train_egress_1,306,Blue Island
trip_unlinked,mode_train_egress_1,308,Burr Oak
trip_unlinked,mode_train_egress_1,309,Calumet
trip_unlinked,mode_train_egress_1,310,Cheltenham (79th St.)
trip_unlinked,mode_train_egress_1,311,Flossmoor
trip_unlinked,mode_train_egress_1,312,Harvey
trip_unlinked,mode_train_egress_1,313,Hazel Crest
trip_unlinked,mode_train_egress_1,314,Homewood
trip_unlinked,mode_train_egress_1,315,Ivanhoe
trip_unlinked,mode_train_egress_1,316,Kensington
trip_unlinked,mode_train_egress_1,317,Matteson
trip_unlinked,mode_train_egress_1,319,Millennium Station-ME
trip_unlinked,mode_train_egress_1,320,Museum Campus/11th St.
trip_unlinked,mode_train_egress_1,321,Olympia Fields
trip_unlinked,mode_train_egress_1,323,Richton Park
trip_unlinked,mode_train_egress_1,324,Riverdale
trip_unlinked,mode_train_egress_1,325,South Chicago (93rd)
trip_unlinked,mode_train_egress_1,326,South Shore
trip_unlinked,mode_train_egress_1,327,State St.
trip_unlinked,mode_train_egress_1,328,Stewart Ridge
trip_unlinked,mode_train_egress_1,329,Stony Island
trip_unlinked,mode_train_egress_1,330,University Park
trip_unlinked,mode_train_egress_1,331,Van Buren St.
trip_unlinked,mode_train_egress_1,332,West Pullman
trip_unlinked,mode_train_egress_1,333,Windsor Park
trip_unlinked,mode_train_egress_1,334,Antioch
trip_unlinked,mode_train_egress_1,335,Buffalo Grove
trip_unlinked,mode_train_egress_1,336,Chicago Union Station-NCS
trip_unlinked,mode_train_egress_1,337,Franklin Pk
trip_unlinked,mode_train_egress_1,338,Lake Villa
trip_unlinked,mode_train_egress_1,339,Mundelein
trip_unlinked,mode_train_egress_1,340,OHare Transfer
trip_unlinked,mode_train_egress_1,341,Prairie Crossing.
trip_unlinked,mode_train_egress_1,342,Prairie View
trip_unlinked,mode_train_egress_1,343,Prospect Hts
trip_unlinked,mode_train_egress_1,346,Round Lake Beach
trip_unlinked,mode_train_egress_1,347,Schiller Park
trip_unlinked,mode_train_egress_1,348,Vernon Hills
trip_unlinked,mode_train_egress_1,349,Washington St (Grayslake)
trip_unlinked,mode_train_egress_1,351,Wheeling
trip_unlinked,mode_train_egress_1,352,103rd St. - Beverly Hills
trip_unlinked,mode_train_egress_1,353,103rd St.-Washington Hts.
trip_unlinked,mode_train_egress_1,354,107th St. - Beverly Hills
trip_unlinked,mode_train_egress_1,355,111th St. - Morgan Park
trip_unlinked,mode_train_egress_1,356,115th St. - Morgan Park
trip_unlinked,mode_train_egress_1,357,119th St.
trip_unlinked,mode_train_egress_1,358,123rd St.
trip_unlinked,mode_train_egress_1,359,35th St. - Lou Jones
trip_unlinked,mode_train_egress_1,360,91st St. - Beverly Hills
trip_unlinked,mode_train_egress_1,361,95th St. - Beverly Hills
trip_unlinked,mode_train_egress_1,362,95th St.-Longwood
trip_unlinked,mode_train_egress_1,363,99th St. - Beverly Hills
trip_unlinked,mode_train_egress_1,364,Blue Island-Vermont
trip_unlinked,mode_train_egress_1,365,Brainerd
trip_unlinked,mode_train_egress_1,366,Gresham
trip_unlinked,mode_train_egress_1,367,Hickory Creek
trip_unlinked,mode_train_egress_1,368,Joliet
trip_unlinked,mode_train_egress_1,369,LaSalle Street
trip_unlinked,mode_train_egress_1,370,Midlothian
trip_unlinked,mode_train_egress_1,371,Mokena
trip_unlinked,mode_train_egress_1,372,New Lenox
trip_unlinked,mode_train_egress_1,373,Oak Forest
trip_unlinked,mode_train_egress_1,374,Prairie St.
trip_unlinked,mode_train_egress_1,375,Robbins
trip_unlinked,mode_train_egress_1,376,Tinley Park
trip_unlinked,mode_train_egress_1,377,Tinley-80th
trip_unlinked,mode_train_egress_1,378,Ashburn
trip_unlinked,mode_train_egress_1,379,Chicago Ridge
trip_unlinked,mode_train_egress_1,380,Chicago Union Station-SS
trip_unlinked,mode_train_egress_1,381,Laraway Road
trip_unlinked,mode_train_egress_1,382,Manhattan
trip_unlinked,mode_train_egress_1,383,Oak Lawn Patriot
trip_unlinked,mode_train_egress_1,384,Orland Park 143rd
trip_unlinked,mode_train_egress_1,385,Orland Park 153rd
trip_unlinked,mode_train_egress_1,386,Orland Park 179th
trip_unlinked,mode_train_egress_1,387,Palos Heights
trip_unlinked,mode_train_egress_1,388,Palos Park
trip_unlinked,mode_train_egress_1,389,Worth
trip_unlinked,mode_train_egress_1,390,Wrightwood
trip_unlinked,mode_train_egress_1,391,Braeside
trip_unlinked,mode_train_egress_1,392,Central St.
trip_unlinked,mode_train_egress_1,393,Chicago OTC-UPN
trip_unlinked,mode_train_egress_1,394,Clybourn
trip_unlinked,mode_train_egress_1,395,Evanston (Davis St.)
trip_unlinked,mode_train_egress_1,396,Fort Sheridan
trip_unlinked,mode_train_egress_1,397,Glencoe
trip_unlinked,mode_train_egress_1,398,Great Lakes
trip_unlinked,mode_train_egress_1,399,Highland Park
trip_unlinked,mode_train_egress_1,400,Highwood
trip_unlinked,mode_train_egress_1,401,Hubbard Woods
trip_unlinked,mode_train_egress_1,402,Indian Hill
trip_unlinked,mode_train_egress_1,403,Kenilworth
trip_unlinked,mode_train_egress_1,404,Kenosha
trip_unlinked,mode_train_egress_1,405,Lake Bluff
trip_unlinked,mode_train_egress_1,406,Lake Forest.
trip_unlinked,mode_train_egress_1,407,Main St.
trip_unlinked,mode_train_egress_1,408,North Chicago
trip_unlinked,mode_train_egress_1,409,Ravenswood
trip_unlinked,mode_train_egress_1,410,Ravinia
trip_unlinked,mode_train_egress_1,411,Ravinia Park
trip_unlinked,mode_train_egress_1,412,Rogers Park
trip_unlinked,mode_train_egress_1,413,Waukegan
trip_unlinked,mode_train_egress_1,414,Wilmette
trip_unlinked,mode_train_egress_1,415,Winnetka
trip_unlinked,mode_train_egress_1,416,Winthrop Harbor
trip_unlinked,mode_train_egress_1,417,Zion
trip_unlinked,mode_train_egress_1,418,Arlington Heights
trip_unlinked,mode_train_egress_1,419,Arlington Park
trip_unlinked,mode_train_egress_1,420,Barrington
trip_unlinked,mode_train_egress_1,421,Cary
trip_unlinked,mode_train_egress_1,422,Chicago OTC-UPNW
trip_unlinked,mode_train_egress_1,424,Crystal Lake
trip_unlinked,mode_train_egress_1,426,Dee Road
trip_unlinked,mode_train_egress_1,427,Des Plaines
trip_unlinked,mode_train_egress_1,428,Edison Park
trip_unlinked,mode_train_egress_1,429,Fox River Grove
trip_unlinked,mode_train_egress_1,430,Gladstone Park
trip_unlinked,mode_train_egress_1,431,Harvard
trip_unlinked,mode_train_egress_1,432,Irving Park
trip_unlinked,mode_train_egress_1,434,McHenry
trip_unlinked,mode_train_egress_1,435,Mt. Prospect
trip_unlinked,mode_train_egress_1,436,Norwood Park
trip_unlinked,mode_train_egress_1,437,Palatine
trip_unlinked,mode_train_egress_1,438,Park Ridge
trip_unlinked,mode_train_egress_1,439,Pingree Road
trip_unlinked,mode_train_egress_1,440,Woodstock
trip_unlinked,mode_train_egress_1,441,Bellwood
trip_unlinked,mode_train_egress_1,442,Berkeley
trip_unlinked,mode_train_egress_1,443,Chicago OTC-UPW
trip_unlinked,mode_train_egress_1,444,College Ave
trip_unlinked,mode_train_egress_1,445,Elburn
trip_unlinked,mode_train_egress_1,446,Elmhurst
trip_unlinked,mode_train_egress_1,447,Geneva
trip_unlinked,mode_train_egress_1,448,Glen Ellyn
trip_unlinked,mode_train_egress_1,449,Kedzie
trip_unlinked,mode_train_egress_1,450,La Fox
trip_unlinked,mode_train_egress_1,451,Lombard
trip_unlinked,mode_train_egress_1,452,Maywood
trip_unlinked,mode_train_egress_1,453,Melrose Park
trip_unlinked,mode_train_egress_1,454,Oak Park
trip_unlinked,mode_train_egress_1,455,River Forest
trip_unlinked,mode_train_egress_1,456,Villa Park
trip_unlinked,mode_train_egress_1,457,West Chicago
trip_unlinked,mode_train_egress_1,458,Wheaton
trip_unlinked,mode_train_egress_1,459,Winfield
trip_unlinked,mode_train_egress_1,460,11th St. (Michigan City)
trip_unlinked,mode_train_egress_1,461,57th St.
trip_unlinked,mode_train_egress_1,463,Beverly Shores
trip_unlinked,mode_train_egress_1,464,Carroll Ave. (Michigan City)
trip_unlinked,mode_train_egress_1,465,Dune Park
trip_unlinked,mode_train_egress_1,466,East Chicago
trip_unlinked,mode_train_egress_1,467,Gary Metro Center
trip_unlinked,mode_train_egress_1,468,Gary/Chicago Airport
trip_unlinked,mode_train_egress_1,469,Hammond
trip_unlinked,mode_train_egress_1,470,Hegewisch
trip_unlinked,mode_train_egress_1,471,Hudson Lake
trip_unlinked,mode_train_egress_1,473,Millennium Station-NICTD
trip_unlinked,mode_train_egress_1,474,Miller
trip_unlinked,mode_train_egress_1,476,Portage/Ogden Dunes
trip_unlinked,mode_train_egress_1,477,South Bend Airport
trip_unlinked,mode_train_egress_1,479,Damen-Green
trip_unlinked,mode_train_egress_1,995,Missing Response
trip_unlinked,transit_type_1,1,Free (no cost at all)
trip_unlinked,transit_type_1,2,1-day pass
trip_unlinked,transit_type_1,4,Don't know
trip_unlinked,transit_type_1,7,Single ride ticket
trip_unlinked,transit_type_1,8,3-day pass
trip_unlinked,transit_type_1,9,7-day pass
trip_unlinked,transit_type_1,10,Day Pass 5-Pack
trip_unlinked,transit_type_1,11,30-day or monthly pass
trip_unlinked,transit_type_1,995,Missing Response
trip_unlinked,mode_transit_2,1,CTA bus
trip_unlinked,mode_transit_2,2,PACE bus
trip_unlinked,mode_transit_2,4,Dial-a-Ride
trip_unlinked,mode_transit_2,5,Call-n-Ride
trip_unlinked,mode_transit_2,6,Paratransit
trip_unlinked,mode_transit_2,7,CTA 'L' train
trip_unlinked,mode_transit_2,8,METRA commuter rail
trip_unlinked,mode_transit_2,9,NICTD train
trip_unlinked,mode_transit_2,10,Another type of train
trip_unlinked,mode_transit_2,11,"Intercity bus (e.g., Greyhound)"
trip_unlinked,mode_transit_2,12,"Intercity rail (e.g., Amtrak)"
trip_unlinked,mode_transit_2,13,Other bus
trip_unlinked,mode_transit_2,14,Other rail
trip_unlinked,mode_transit_2,995,Missing Response
trip_unlinked,mode_transit_route_2,1,CTA Bus
trip_unlinked,mode_transit_route_2,2,PACE bus
trip_unlinked,mode_transit_route_2,3,CTA 'L' train
trip_unlinked,mode_transit_route_2,4,METRA commuter rail
trip_unlinked,mode_transit_route_2,5,Red Line
trip_unlinked,mode_transit_route_2,6,Purple Line
trip_unlinked,mode_transit_route_2,7,Yellow Line
trip_unlinked,mode_transit_route_2,8,Blue Line
trip_unlinked,mode_transit_route_2,9,Pink Line
trip_unlinked,mode_transit_route_2,10,Green Line
trip_unlinked,mode_transit_route_2,11,Orange Line
trip_unlinked,mode_transit_route_2,12,Brown Line
trip_unlinked,mode_transit_route_2,13,Burlington Northern
trip_unlinked,mode_transit_route_2,14,Heritage Corrdior
trip_unlinked,mode_transit_route_2,15,Milwaukee North
trip_unlinked,mode_transit_route_2,16,Milwaukee West
trip_unlinked,mode_transit_route_2,17,Metra Electric
trip_unlinked,mode_transit_route_2,18,North Central Service
trip_unlinked,mode_transit_route_2,19,Rock Island
trip_unlinked,mode_transit_route_2,20,Southwest Service
trip_unlinked,mode_transit_route_2,21,Union Pacific North
trip_unlinked,mode_transit_route_2,22,Union Pacific Northwest
trip_unlinked,mode_transit_route_2,23,Union Pacific West
trip_unlinked,mode_transit_route_2,24,1 - Bronzeville/Union Station
trip_unlinked,mode_transit_route_2,25,2 - Hyde Park Express
trip_unlinked,mode_transit_route_2,26,3 - King Drive
trip_unlinked,mode_transit_route_2,27,4 - Cottage Grove
trip_unlinked,mode_transit_route_2,28,X4 - Cottage Grove Express
trip_unlinked,mode_transit_route_2,29,5 - South Shore Night Bus
trip_unlinked,mode_transit_route_2,30,6 - Jackson Park Express
trip_unlinked,mode_transit_route_2,31,7 - Harrison
trip_unlinked,mode_transit_route_2,32,8 - Halsted
trip_unlinked,mode_transit_route_2,33,8A - South Halsted
trip_unlinked,mode_transit_route_2,34,9 - Ashland
trip_unlinked,mode_transit_route_2,35,X9 - Ashland Express
trip_unlinked,mode_transit_route_2,36,11 - Lincoln
trip_unlinked,mode_transit_route_2,37,12 - Roosevelt
trip_unlinked,mode_transit_route_2,38,J14 - Jeffery Jump
trip_unlinked,mode_transit_route_2,39,15 - Jeffery Local
trip_unlinked,mode_transit_route_2,40,18 - 16th/18th
trip_unlinked,mode_transit_route_2,41,20 - Madison
trip_unlinked,mode_transit_route_2,42,21 - Cermak
trip_unlinked,mode_transit_route_2,43,22 - Clark
trip_unlinked,mode_transit_route_2,44,24 - Wentworth
trip_unlinked,mode_transit_route_2,45,26 - South Shore Express
trip_unlinked,mode_transit_route_2,46,28 - Stony Island
trip_unlinked,mode_transit_route_2,47,29 - State
trip_unlinked,mode_transit_route_2,48,31 - 31st
trip_unlinked,mode_transit_route_2,49,30 - South Chicago
trip_unlinked,mode_transit_route_2,50,34 - South Michigan
trip_unlinked,mode_transit_route_2,51,35 - 31st/35th
trip_unlinked,mode_transit_route_2,52,36 - Broadway
trip_unlinked,mode_transit_route_2,53,37 - Sedgwick
trip_unlinked,mode_transit_route_2,54,39 - Pershing
trip_unlinked,mode_transit_route_2,55,43 - 43rd
trip_unlinked,mode_transit_route_2,56,44 - Wallace/Racine
trip_unlinked,mode_transit_route_2,57,47 - 47th
trip_unlinked,mode_transit_route_2,58,48 - South Damen
trip_unlinked,mode_transit_route_2,59,49 - Western
trip_unlinked,mode_transit_route_2,60,49B - North Western
trip_unlinked,mode_transit_route_2,61,X49 - Western Express
trip_unlinked,mode_transit_route_2,62,50 - Damen
trip_unlinked,mode_transit_route_2,63,51 - 51st
trip_unlinked,mode_transit_route_2,64,52 - Kedzie
trip_unlinked,mode_transit_route_2,65,52A - South Kedzie
trip_unlinked,mode_transit_route_2,66,53 - Pulaski
trip_unlinked,mode_transit_route_2,67,53A - South Pulaski
trip_unlinked,mode_transit_route_2,68,54 - Cicero
trip_unlinked,mode_transit_route_2,69,54A - North Cicero/Skokie Blvd.
trip_unlinked,mode_transit_route_2,70,54B - South Cicero
trip_unlinked,mode_transit_route_2,71,55 - Garfield
trip_unlinked,mode_transit_route_2,72,55A - 55th/Austin
trip_unlinked,mode_transit_route_2,73,55N - 55th/Narragansett
trip_unlinked,mode_transit_route_2,74,56 - Milwaukee
trip_unlinked,mode_transit_route_2,75,57 - Laramie
trip_unlinked,mode_transit_route_2,76,59 - 59th/61st
trip_unlinked,mode_transit_route_2,77,60 - Blue Island/26th
trip_unlinked,mode_transit_route_2,78,62 - Archer
trip_unlinked,mode_transit_route_2,79,62H - Archer/Harlem
trip_unlinked,mode_transit_route_2,80,63 - 63rd
trip_unlinked,mode_transit_route_2,81,63W - West 63rd
trip_unlinked,mode_transit_route_2,82,65 - Grand
trip_unlinked,mode_transit_route_2,83,66 - Chicago
trip_unlinked,mode_transit_route_2,84,67 - 67th/69th/71st
trip_unlinked,mode_transit_route_2,85,68 - Northwest Highway
trip_unlinked,mode_transit_route_2,86,70 - Division
trip_unlinked,mode_transit_route_2,87,71 - 71st/South Shore
trip_unlinked,mode_transit_route_2,88,72 - North
trip_unlinked,mode_transit_route_2,89,73 - Armitage
trip_unlinked,mode_transit_route_2,90,74 - Fullerton
trip_unlinked,mode_transit_route_2,91,75 - 74th/75th
trip_unlinked,mode_transit_route_2,92,76 - Diversey
trip_unlinked,mode_transit_route_2,93,77 - Belmont
trip_unlinked,mode_transit_route_2,94,78 - Montrose
trip_unlinked,mode_transit_route_2,95,79 - 79th
trip_unlinked,mode_transit_route_2,96,80 - Irving Park
trip_unlinked,mode_transit_route_2,97,81 - Lawrence
trip_unlinked,mode_transit_route_2,98,81W - West Lawrence
trip_unlinked,mode_transit_route_2,99,82 - Kimball/Homan
trip_unlinked,mode_transit_route_2,100,84 - Peterson
trip_unlinked,mode_transit_route_2,101,95 - 95th
trip_unlinked,mode_transit_route_2,102,85 - Central
trip_unlinked,mode_transit_route_2,103,85A - North Central
trip_unlinked,mode_transit_route_2,104,86 - Narragansett/Ridgeland
trip_unlinked,mode_transit_route_2,105,87 - 87th
trip_unlinked,mode_transit_route_2,106,88 - Higgins
trip_unlinked,mode_transit_route_2,107,90 - Harlem
trip_unlinked,mode_transit_route_2,108,91 - Austin
trip_unlinked,mode_transit_route_2,109,92 - Foster
trip_unlinked,mode_transit_route_2,110,93 - California/Dodge
trip_unlinked,mode_transit_route_2,111,94 - California
trip_unlinked,mode_transit_route_2,112,96 - Lunt
trip_unlinked,mode_transit_route_2,113,97 - Skokie
trip_unlinked,mode_transit_route_2,114,100 - Jeffery Manor Express
trip_unlinked,mode_transit_route_2,115,103 - West 103rd
trip_unlinked,mode_transit_route_2,116,106 - East 103rd
trip_unlinked,mode_transit_route_2,117,108 - Halsted/95th
trip_unlinked,mode_transit_route_2,118,111 - 111th/King Drive
trip_unlinked,mode_transit_route_2,119,111A - Pullman Shuttle
trip_unlinked,mode_transit_route_2,120,112 - Vincennes/111th
trip_unlinked,mode_transit_route_2,121,115 - Pullman/115th
trip_unlinked,mode_transit_route_2,122,119 - Michigan/119th
trip_unlinked,mode_transit_route_2,123,120 - Ogilvie/Streeterville Express
trip_unlinked,mode_transit_route_2,124,121 - Union/Streeterville Express
trip_unlinked,mode_transit_route_2,125,124 - Navy Pier
trip_unlinked,mode_transit_route_2,126,125 - Water Tower Express
trip_unlinked,mode_transit_route_2,127,126 - Jackson
trip_unlinked,mode_transit_route_2,128,134 - Stockton/LaSalle Express
trip_unlinked,mode_transit_route_2,129,135 - Clarendon/LaSalle Express
trip_unlinked,mode_transit_route_2,130,136 - Sheridan/LaSalle Express
trip_unlinked,mode_transit_route_2,131,143 - Stockton/Michigan Express
trip_unlinked,mode_transit_route_2,132,146 - Inner Lake Shore/Michigan Express
trip_unlinked,mode_transit_route_2,133,147 - Outer DuSable Lake Shore Express
trip_unlinked,mode_transit_route_2,134,148 - Clarendon/Michigan Express
trip_unlinked,mode_transit_route_2,135,151 - Sheridan
trip_unlinked,mode_transit_route_2,136,152 - Addison
trip_unlinked,mode_transit_route_2,137,155 - Devon
trip_unlinked,mode_transit_route_2,138,156 - LaSalle
trip_unlinked,mode_transit_route_2,139,157 - Streeterville/Taylor
trip_unlinked,mode_transit_route_2,140,165 - West 65th
trip_unlinked,mode_transit_route_2,141,169 - 69th/UPS Express
trip_unlinked,mode_transit_route_2,142,171 - U. of Chicago/Hyde Park
trip_unlinked,mode_transit_route_2,143,172 - U. of Chicago/Kenwood
trip_unlinked,mode_transit_route_2,144,192 - University of Chicago Hospitals Express
trip_unlinked,mode_transit_route_2,145,201 - Central/Ridge
trip_unlinked,mode_transit_route_2,146,206 - Evanston Circulator
trip_unlinked,mode_transit_route_2,147,100 - Pulse Milwaukee Line
trip_unlinked,mode_transit_route_2,148,101 - Pulse Dempster Line
trip_unlinked,mode_transit_route_2,149,208 - Golf Road
trip_unlinked,mode_transit_route_2,150,209 - Busse Highway
trip_unlinked,mode_transit_route_2,151,210 - Lincoln Avenue
trip_unlinked,mode_transit_route_2,152,213 - Green Bay Road
trip_unlinked,mode_transit_route_2,153,215 - Crawford-Howard
trip_unlinked,mode_transit_route_2,154,221 - Wolf Road
trip_unlinked,mode_transit_route_2,155,223 - Elk Grove - Rosemont CTA Station
trip_unlinked,mode_transit_route_2,156,225 - Central - Howard
trip_unlinked,mode_transit_route_2,157,226 - Oakton Street
trip_unlinked,mode_transit_route_2,158,230 - South Des Plaines
trip_unlinked,mode_transit_route_2,159,234 - Wheeling - Des Plaines
trip_unlinked,mode_transit_route_2,160,240 - Dee Road
trip_unlinked,mode_transit_route_2,161,241 - Greenwood - Talcott
trip_unlinked,mode_transit_route_2,162,250 - Dempster Street
trip_unlinked,mode_transit_route_2,163,270 - Milwaukee Avenue
trip_unlinked,mode_transit_route_2,164,272 - Milwaukee Avenue North
trip_unlinked,mode_transit_route_2,165,290 - Touhy Avenue
trip_unlinked,mode_transit_route_2,166,301 - Roosevelt Road
trip_unlinked,mode_transit_route_2,167,302 - Ogden - Stanley
trip_unlinked,mode_transit_route_2,168,303 - Forest Park - Rosemont
trip_unlinked,mode_transit_route_2,169,305 - East Roosevelt
trip_unlinked,mode_transit_route_2,170,307 - Harlem
trip_unlinked,mode_transit_route_2,171,308 - Medical Center
trip_unlinked,mode_transit_route_2,172,309 - Lake Street
trip_unlinked,mode_transit_route_2,173,310 - West Madison - Hillside
trip_unlinked,mode_transit_route_2,174,311 - Oak Park Avenue
trip_unlinked,mode_transit_route_2,175,313 - St. Charles Rd.
trip_unlinked,mode_transit_route_2,176,314 - Ridgeland Avenue
trip_unlinked,mode_transit_route_2,177,315 - Austin Boulevard
trip_unlinked,mode_transit_route_2,178,316 - Laramie Avenue
trip_unlinked,mode_transit_route_2,179,317 - Westchester
trip_unlinked,mode_transit_route_2,180,318 - West North Avenue
trip_unlinked,mode_transit_route_2,181,319 - Grand Avenue
trip_unlinked,mode_transit_route_2,182,322 - Cermak Road - 22nd St.
trip_unlinked,mode_transit_route_2,183,330 - Mannheim - LaGrange Roads
trip_unlinked,mode_transit_route_2,184,331 - Cumberland - 5th Avenue
trip_unlinked,mode_transit_route_2,185,332 - River Road - York Road
trip_unlinked,mode_transit_route_2,186,348 - Harvey - Riverdale - Blue Island
trip_unlinked,mode_transit_route_2,187,349 - South Western
trip_unlinked,mode_transit_route_2,188,350 - Sibley
trip_unlinked,mode_transit_route_2,189,352 - Halsted
trip_unlinked,mode_transit_route_2,190,353 - 95th/Dan Ryan CTA-Calumet City-Homewood Limited
trip_unlinked,mode_transit_route_2,191,354 - Harvey - Oak Forest Loop
trip_unlinked,mode_transit_route_2,192,356 - Harvey - Homewood - Tinley Park
trip_unlinked,mode_transit_route_2,193,357 - Lincoln Highway
trip_unlinked,mode_transit_route_2,194,358 - Torrence
trip_unlinked,mode_transit_route_2,195,359 - Robbins - South Kedzie Avenue
trip_unlinked,mode_transit_route_2,196,360 - Harvey-Amazon Monee
trip_unlinked,mode_transit_route_2,197,361 - Harvey - Laraway Crossings Express
trip_unlinked,mode_transit_route_2,198,364 - 159th Street
trip_unlinked,mode_transit_route_2,199,366 - Park Forest - Chicago Heights
trip_unlinked,mode_transit_route_2,200,367 - University Park - Park Forest
trip_unlinked,mode_transit_route_2,201,379 - Midway - Orland Park
trip_unlinked,mode_transit_route_2,202,381 - 95th Street
trip_unlinked,mode_transit_route_2,203,383 - South Cicero
trip_unlinked,mode_transit_route_2,204,384 - Narragansett - Ridgeland
trip_unlinked,mode_transit_route_2,205,385 - 87th / 111th / 127th
trip_unlinked,mode_transit_route_2,206,386 - South Harlem
trip_unlinked,mode_transit_route_2,207,390 - Midway CTA - UPS Hodgkins Limited
trip_unlinked,mode_transit_route_2,208,392 - Green Line Cicero CTA - UPS Hodgkins Limited
trip_unlinked,mode_transit_route_2,209,395 - 95th/Dan Ryan CTA - UPS Hodgkins Limited
trip_unlinked,mode_transit_route_2,210,410 - East Niles Local
trip_unlinked,mode_transit_route_2,211,411 - West Niles Local
trip_unlinked,mode_transit_route_2,212,412 - Niles North Circulator
trip_unlinked,mode_transit_route_2,213,421 - Wilmette Avenue
trip_unlinked,mode_transit_route_2,214,422 - Linden CTA/Glenview/Northbrook Court
trip_unlinked,mode_transit_route_2,215,423 - Linden CTA - The Glen - Harlem L CTA
trip_unlinked,mode_transit_route_2,216,471 - Highland Park-Northbrook Court
trip_unlinked,mode_transit_route_2,217,472 - Highland Park - Highwood
trip_unlinked,mode_transit_route_2,218,501 - West Jefferson
trip_unlinked,mode_transit_route_2,219,504 - South Joliet
trip_unlinked,mode_transit_route_2,220,505 - West Joliet Loop
trip_unlinked,mode_transit_route_2,221,507 - Plainfield
trip_unlinked,mode_transit_route_2,222,508 - East Joliet
trip_unlinked,mode_transit_route_2,223,509 - Joliet-Fairmont
trip_unlinked,mode_transit_route_2,224,511 - Joliet- Elwood -Centerpoint
trip_unlinked,mode_transit_route_2,225,512 - Joliet - Centerpoint
trip_unlinked,mode_transit_route_2,226,524 - West Aurora
trip_unlinked,mode_transit_route_2,227,530 - West Galena - Naperville
trip_unlinked,mode_transit_route_2,228,533 - Northeast Aurora
trip_unlinked,mode_transit_route_2,229,540 - Farnsworth Avenue
trip_unlinked,mode_transit_route_2,230,541 - Northeast Elgin
trip_unlinked,mode_transit_route_2,231,542 - Bluff City
trip_unlinked,mode_transit_route_2,232,543 - Dundee-Carpentersville
trip_unlinked,mode_transit_route_2,233,546 - Orange-Walnut
trip_unlinked,mode_transit_route_2,234,547 - Wing Park
trip_unlinked,mode_transit_route_2,235,548 - Highland
trip_unlinked,mode_transit_route_2,236,549 - South Randall
trip_unlinked,mode_transit_route_2,237,550 - Elgin Transportation Center - Crystal Lake
trip_unlinked,mode_transit_route_2,238,552 - North State - Spring Hill Mall
trip_unlinked,mode_transit_route_2,239,554 - Elgin - Woodfield
trip_unlinked,mode_transit_route_2,240,559 - Illinois Route 59
trip_unlinked,mode_transit_route_2,241,561 - Castlecrest via McAree
trip_unlinked,mode_transit_route_2,242,562 - Gurnee via Sunset
trip_unlinked,mode_transit_route_2,243,563 - Great Lakes Naval Station
trip_unlinked,mode_transit_route_2,244,564 - Jackson / 14th
trip_unlinked,mode_transit_route_2,245,565 - Grand Avenue
trip_unlinked,mode_transit_route_2,246,566 - McAree - Keller
trip_unlinked,mode_transit_route_2,247,568 - Belvidere
trip_unlinked,mode_transit_route_2,248,569 - Lewis
trip_unlinked,mode_transit_route_2,249,570 - Fox Lake - CLC
trip_unlinked,mode_transit_route_2,250,571 - Zion
trip_unlinked,mode_transit_route_2,251,572 - Washington
trip_unlinked,mode_transit_route_2,252,573 - Green Bay Road
trip_unlinked,mode_transit_route_2,253,574 - CLC - Hawthorn Mall
trip_unlinked,mode_transit_route_2,254,591 - Wheaton - Winfield On Demand
trip_unlinked,mode_transit_route_2,255,600 - Rosemont - Schaumburg Express
trip_unlinked,mode_transit_route_2,256,603 - Elgin Terminal - Rosemont Express
trip_unlinked,mode_transit_route_2,257,604 - Wheeling - Schaumburg
trip_unlinked,mode_transit_route_2,258,605 - I-90/Randall Rd. Station - Rosemont Express
trip_unlinked,mode_transit_route_2,259,606 - Rosemont - Schaumburg Limited
trip_unlinked,mode_transit_route_2,260,607 - I-90/Randall Rd. Station - Schaumburg Express
trip_unlinked,mode_transit_route_2,261,626 - Skokie - Buffalo Grove Limited
trip_unlinked,mode_transit_route_2,262,697 - Northwest Transportation Center - Harper College
trip_unlinked,mode_transit_route_2,263,711 - Wheaton-Addison
trip_unlinked,mode_transit_route_2,264,714 - College of DuPage-Naperville-Wheaton Connector
trip_unlinked,mode_transit_route_2,265,715 - Central DuPage
trip_unlinked,mode_transit_route_2,266,722 - Ogden Avenue
trip_unlinked,mode_transit_route_2,267,755 - Plainfield - West Loop Express
trip_unlinked,mode_transit_route_2,268,801 - Elgin-Geneva
trip_unlinked,mode_transit_route_2,269,802 - Aurora - Geneva via Lake Street
trip_unlinked,mode_transit_route_2,270,803 - Carpentersville Local
trip_unlinked,mode_transit_route_2,271,806 - Crystal Lake-Fox Lake
trip_unlinked,mode_transit_route_2,272,807 - Woodstock-McHenry
trip_unlinked,mode_transit_route_2,273,808 - Crystal Lake-Harvard
trip_unlinked,mode_transit_route_2,274,811 - Rosemont Entertainment Circulator
trip_unlinked,mode_transit_route_2,275,832 - Joliet - Orland Park
trip_unlinked,mode_transit_route_2,276,834 - Joliet - Downers Grove
trip_unlinked,mode_transit_route_2,277,850 - North Bolingbrook - East Loop Express
trip_unlinked,mode_transit_route_2,278,855 - Plainfield-East Loop Express
trip_unlinked,mode_transit_route_2,279,890 - Chicago Heights - UPS Hodgkins Limited
trip_unlinked,mode_transit_route_2,280,905 - Schaumburg Trolley
trip_unlinked,mode_transit_route_2,995,Missing Response
trip_unlinked,mode_train_access_2,21,Addison-Blue
trip_unlinked,mode_train_access_2,22,Austin-Blue
trip_unlinked,mode_train_access_2,23,Belmont-Blue
trip_unlinked,mode_train_access_2,24,California-O'Hare
trip_unlinked,mode_train_access_2,25,Chicago-Blue
trip_unlinked,mode_train_access_2,26,Cicero-Forest Park
trip_unlinked,mode_train_access_2,27,Clark/Lake (Subway)
trip_unlinked,mode_train_access_2,28,Clinton-Blue
trip_unlinked,mode_train_access_2,29,Cumberland
trip_unlinked,mode_train_access_2,30,Damen-O'Hare
trip_unlinked,mode_train_access_2,31,Division
trip_unlinked,mode_train_access_2,32,Forest Park
trip_unlinked,mode_train_access_2,33,Grand-Blue
trip_unlinked,mode_train_access_2,34,Harlem-Forest Park
trip_unlinked,mode_train_access_2,35,Harlem-O'Hare
trip_unlinked,mode_train_access_2,36,Illinois Medical District
trip_unlinked,mode_train_access_2,37,Irving Park-Blue
trip_unlinked,mode_train_access_2,38,Jackson-Blue
trip_unlinked,mode_train_access_2,39,Jefferson Park
trip_unlinked,mode_train_access_2,40,Kedzie-Homan
trip_unlinked,mode_train_access_2,41,LaSalle
trip_unlinked,mode_train_access_2,42,Logan Square
trip_unlinked,mode_train_access_2,43,Monroe-Blue
trip_unlinked,mode_train_access_2,44,Montrose-Blue
trip_unlinked,mode_train_access_2,45,O'Hare
trip_unlinked,mode_train_access_2,46,Oak Park-Blue
trip_unlinked,mode_train_access_2,47,Pulaski-Forest Park
trip_unlinked,mode_train_access_2,48,Racine
trip_unlinked,mode_train_access_2,49,Rosemont
trip_unlinked,mode_train_access_2,50,UIC-Halsted
trip_unlinked,mode_train_access_2,51,Washington-Blue
trip_unlinked,mode_train_access_2,52,Western-Forest Park
trip_unlinked,mode_train_access_2,53,Western-O'Hare
trip_unlinked,mode_train_access_2,54,Adams/Wabash-Brown
trip_unlinked,mode_train_access_2,55,Addison-Brown
trip_unlinked,mode_train_access_2,56,Armitage-Brown
trip_unlinked,mode_train_access_2,57,Belmont-Brown
trip_unlinked,mode_train_access_2,58,Chicago-Brown
trip_unlinked,mode_train_access_2,59,Clark/Lake (Elevated)-Brown
trip_unlinked,mode_train_access_2,60,Damen-Brown
trip_unlinked,mode_train_access_2,61,Diversey-Brown
trip_unlinked,mode_train_access_2,62,Francisco
trip_unlinked,mode_train_access_2,63,Fullerton-Brown
trip_unlinked,mode_train_access_2,64,Harold Washington Library-Brown
trip_unlinked,mode_train_access_2,65,Irving Park-Brown
trip_unlinked,mode_train_access_2,66,Kedzie-Brown
trip_unlinked,mode_train_access_2,67,Kimball
trip_unlinked,mode_train_access_2,68,LaSalle/Van Buren-Brown
trip_unlinked,mode_train_access_2,69,Merchandise Mart-Brown
trip_unlinked,mode_train_access_2,70,Montrose-Brown
trip_unlinked,mode_train_access_2,71,Paulina
trip_unlinked,mode_train_access_2,72,Quincy-Brown
trip_unlinked,mode_train_access_2,73,Rockwell
trip_unlinked,mode_train_access_2,74,Sedgwick-Brown
trip_unlinked,mode_train_access_2,75,Southport
trip_unlinked,mode_train_access_2,76,State/Lake-Brown
trip_unlinked,mode_train_access_2,77,Washington/Wabash-Brown
trip_unlinked,mode_train_access_2,78,Washington/Wells-Brown
trip_unlinked,mode_train_access_2,79,Wellington-Brown
trip_unlinked,mode_train_access_2,80,Western-Brown
trip_unlinked,mode_train_access_2,81,35-Bronzeville-IIT
trip_unlinked,mode_train_access_2,82,43rd
trip_unlinked,mode_train_access_2,83,47th-Green
trip_unlinked,mode_train_access_2,84,51st
trip_unlinked,mode_train_access_2,85,Adams/Wabash-Green
trip_unlinked,mode_train_access_2,86,Ashland-Lake-Green
trip_unlinked,mode_train_access_2,87,Ashland/63rd
trip_unlinked,mode_train_access_2,88,Austin-Green
trip_unlinked,mode_train_access_2,89,California-Green
trip_unlinked,mode_train_access_2,90,Central-Green
trip_unlinked,mode_train_access_2,91,Cermak-McCormick Place
trip_unlinked,mode_train_access_2,92,Cicero-Green
trip_unlinked,mode_train_access_2,93,Clark/Lake (Elevated)-Green
trip_unlinked,mode_train_access_2,94,Clinton-Green
trip_unlinked,mode_train_access_2,95,Conservatory
trip_unlinked,mode_train_access_2,96,East 63rd-Cottage Grove
trip_unlinked,mode_train_access_2,97,Garfield-Green
trip_unlinked,mode_train_access_2,98,Halsted-Green
trip_unlinked,mode_train_access_2,99,Harlem-Green
trip_unlinked,mode_train_access_2,100,Indiana
trip_unlinked,mode_train_access_2,101,Kedzie-Green
trip_unlinked,mode_train_access_2,102,King Drive
trip_unlinked,mode_train_access_2,103,Laramie
trip_unlinked,mode_train_access_2,104,Morgan-Green
trip_unlinked,mode_train_access_2,105,Oak Park-Green
trip_unlinked,mode_train_access_2,106,Pulaski-Green
trip_unlinked,mode_train_access_2,107,Ridgeland
trip_unlinked,mode_train_access_2,108,Roosevelt (Elevated)-Green
trip_unlinked,mode_train_access_2,109,State/Lake-Green
trip_unlinked,mode_train_access_2,110,Washington/Wabash-Green
trip_unlinked,mode_train_access_2,111,35th/Archer
trip_unlinked,mode_train_access_2,112,Adams/Wabash-Orange
trip_unlinked,mode_train_access_2,113,Ashland-Orange
trip_unlinked,mode_train_access_2,114,Clark/Lake (Elevated)-Orange
trip_unlinked,mode_train_access_2,115,Halsted-Orange
trip_unlinked,mode_train_access_2,116,Harold Washington Library-Orange
trip_unlinked,mode_train_access_2,117,Kedzie-Orange
trip_unlinked,mode_train_access_2,118,LaSalle/Van Buren-Orange
trip_unlinked,mode_train_access_2,119,Midway
trip_unlinked,mode_train_access_2,120,Pulaski-Orange
trip_unlinked,mode_train_access_2,121,Quincy-Orange
trip_unlinked,mode_train_access_2,122,Roosevelt (Elevated)-Orange
trip_unlinked,mode_train_access_2,123,State/Lake-Orange
trip_unlinked,mode_train_access_2,124,Washington/Wabash-Orange
trip_unlinked,mode_train_access_2,125,Washington/Wells-Orange
trip_unlinked,mode_train_access_2,126,Western-Orange
trip_unlinked,mode_train_access_2,127,Adams/Wabash-Purple
trip_unlinked,mode_train_access_2,128,Armitage-Purple
trip_unlinked,mode_train_access_2,129,Belmont-Purple
trip_unlinked,mode_train_access_2,130,Central-Purple
trip_unlinked,mode_train_access_2,131,Chicago-Purple
trip_unlinked,mode_train_access_2,132,Clark/Lake (Elevated)-Purple
trip_unlinked,mode_train_access_2,133,Davis
trip_unlinked,mode_train_access_2,134,Dempster
trip_unlinked,mode_train_access_2,135,Diversey-Purple
trip_unlinked,mode_train_access_2,136,Foster
trip_unlinked,mode_train_access_2,137,Fullerton-Purple
trip_unlinked,mode_train_access_2,138,Harold Washington Library-Purple
trip_unlinked,mode_train_access_2,139,Howard-Purple
trip_unlinked,mode_train_access_2,140,LaSalle/Van Buren-Purple
trip_unlinked,mode_train_access_2,141,Linden
trip_unlinked,mode_train_access_2,142,Main
trip_unlinked,mode_train_access_2,143,Merchandise Mart-Purple
trip_unlinked,mode_train_access_2,144,Noyes
trip_unlinked,mode_train_access_2,145,Quincy-Purple
trip_unlinked,mode_train_access_2,146,Sedgwick-Purple
trip_unlinked,mode_train_access_2,147,South Boulevard
trip_unlinked,mode_train_access_2,148,State/Lake-Purple
trip_unlinked,mode_train_access_2,149,Washington/Wabash-Purple
trip_unlinked,mode_train_access_2,150,Washington/Wells-Purple
trip_unlinked,mode_train_access_2,151,Wellington-Purple
trip_unlinked,mode_train_access_2,152,Wilson-North Outer
trip_unlinked,mode_train_access_2,153,Wilson-South Outer
trip_unlinked,mode_train_access_2,154,18th
trip_unlinked,mode_train_access_2,155,54th/Cermak
trip_unlinked,mode_train_access_2,156,Adams/Wabash-Pink
trip_unlinked,mode_train_access_2,157,Ashland-Lake-Pink
trip_unlinked,mode_train_access_2,158,California-Cermak
trip_unlinked,mode_train_access_2,159,Central Park
trip_unlinked,mode_train_access_2,160,Cicero-Cermak
trip_unlinked,mode_train_access_2,161,Clark/Lake (Elevated)-Pink
trip_unlinked,mode_train_access_2,162,Clinton-Pink
trip_unlinked,mode_train_access_2,163,Damen-Cermak
trip_unlinked,mode_train_access_2,164,Harold Washington Library
trip_unlinked,mode_train_access_2,165,Kedzie-Cermak
trip_unlinked,mode_train_access_2,166,Kostner
trip_unlinked,mode_train_access_2,167,LaSalle/Van Buren-Pink
trip_unlinked,mode_train_access_2,168,Morgan-Pink
trip_unlinked,mode_train_access_2,169,Polk
trip_unlinked,mode_train_access_2,170,Pulaski-Cermak
trip_unlinked,mode_train_access_2,171,Quincy-Pink
trip_unlinked,mode_train_access_2,172,State/Lake-Pink
trip_unlinked,mode_train_access_2,173,Washington/Wabash-Pink
trip_unlinked,mode_train_access_2,174,Washington/Wells-Pink
trip_unlinked,mode_train_access_2,175,Western-Cermak
trip_unlinked,mode_train_access_2,176,47th-Red
trip_unlinked,mode_train_access_2,177,63rd
trip_unlinked,mode_train_access_2,178,69th
trip_unlinked,mode_train_access_2,179,79th
trip_unlinked,mode_train_access_2,180,87th
trip_unlinked,mode_train_access_2,181,95th
trip_unlinked,mode_train_access_2,182,Addison-Red
trip_unlinked,mode_train_access_2,183,Argyle
trip_unlinked,mode_train_access_2,184,Belmont-Red
trip_unlinked,mode_train_access_2,185,Bryn Mawr
trip_unlinked,mode_train_access_2,186,Cermak-Chinatown
trip_unlinked,mode_train_access_2,187,Chicago-Red
trip_unlinked,mode_train_access_2,188,Clark/Division
trip_unlinked,mode_train_access_2,189,Fullerton-Red
trip_unlinked,mode_train_access_2,190,Garfield-Red
trip_unlinked,mode_train_access_2,191,Grand-Red
trip_unlinked,mode_train_access_2,192,Granville
trip_unlinked,mode_train_access_2,193,Harrison
trip_unlinked,mode_train_access_2,194,Howard-Red
trip_unlinked,mode_train_access_2,195,Jackson-Red
trip_unlinked,mode_train_access_2,196,Jarvis
trip_unlinked,mode_train_access_2,197,Lake
trip_unlinked,mode_train_access_2,198,Loyola
trip_unlinked,mode_train_access_2,199,Monroe-Red
trip_unlinked,mode_train_access_2,200,Morse
trip_unlinked,mode_train_access_2,201,North/Clybourn
trip_unlinked,mode_train_access_2,202,Roosevelt (Subway)
trip_unlinked,mode_train_access_2,203,Sheridan
trip_unlinked,mode_train_access_2,204,Sox-35th
trip_unlinked,mode_train_access_2,205,Thorndale
trip_unlinked,mode_train_access_2,206,Wilson-North Inner
trip_unlinked,mode_train_access_2,207,Wilson-South Inner
trip_unlinked,mode_train_access_2,208,Dempster-Skokie
trip_unlinked,mode_train_access_2,209,Howard-Yellow
trip_unlinked,mode_train_access_2,210,Oakton-Skokie
trip_unlinked,mode_train_access_2,211,Aurora
trip_unlinked,mode_train_access_2,212,Belmont
trip_unlinked,mode_train_access_2,213,Berwyn
trip_unlinked,mode_train_access_2,214,Brookfield
trip_unlinked,mode_train_access_2,215,Chicago Union Station-BNSF
trip_unlinked,mode_train_access_2,216,Cicero
trip_unlinked,mode_train_access_2,217,Clarendon Hills
trip_unlinked,mode_train_access_2,218,Congress Park
trip_unlinked,mode_train_access_2,219,Downers Grove
trip_unlinked,mode_train_access_2,220,Fairview Ave.
trip_unlinked,mode_train_access_2,221,Halsted Street
trip_unlinked,mode_train_access_2,222,Harlem Ave.
trip_unlinked,mode_train_access_2,223,Highlands
trip_unlinked,mode_train_access_2,224,Hinsdale
trip_unlinked,mode_train_access_2,225,Hollywood
trip_unlinked,mode_train_access_2,226,LaGrange Road
trip_unlinked,mode_train_access_2,227,Lavergne
trip_unlinked,mode_train_access_2,228,Lisle
trip_unlinked,mode_train_access_2,229,Naperville
trip_unlinked,mode_train_access_2,230,Riverside
trip_unlinked,mode_train_access_2,231,Route 59
trip_unlinked,mode_train_access_2,232,Stone Ave.
trip_unlinked,mode_train_access_2,233,West Hinsdale
trip_unlinked,mode_train_access_2,234,Western Avenue
trip_unlinked,mode_train_access_2,235,Western Springs
trip_unlinked,mode_train_access_2,236,Westmont
trip_unlinked,mode_train_access_2,239,Lemont
trip_unlinked,mode_train_access_2,240,Lockport
trip_unlinked,mode_train_access_2,241,Romeoville
trip_unlinked,mode_train_access_2,242,Summit
trip_unlinked,mode_train_access_2,243,Willow Springs
trip_unlinked,mode_train_access_2,244,Chicago Union Station-MN
trip_unlinked,mode_train_access_2,245,Deerfield
trip_unlinked,mode_train_access_2,246,Edgebrook
trip_unlinked,mode_train_access_2,247,Forest Glen
trip_unlinked,mode_train_access_2,248,Fox Lake
trip_unlinked,mode_train_access_2,249,Glen/N. Glenview
trip_unlinked,mode_train_access_2,250,Glenview
trip_unlinked,mode_train_access_2,251,Golf
trip_unlinked,mode_train_access_2,252,Grayland
trip_unlinked,mode_train_access_2,253,Grayslake
trip_unlinked,mode_train_access_2,254,Healy
trip_unlinked,mode_train_access_2,255,Ingleside
trip_unlinked,mode_train_access_2,256,Lake Forest
trip_unlinked,mode_train_access_2,257,Lake-Cook
trip_unlinked,mode_train_access_2,258,Libertyville
trip_unlinked,mode_train_access_2,259,Long Lake
trip_unlinked,mode_train_access_2,260,Mayfair
trip_unlinked,mode_train_access_2,261,Morton Grove
trip_unlinked,mode_train_access_2,262,Northbrook
trip_unlinked,mode_train_access_2,263,Prairie Crossing
trip_unlinked,mode_train_access_2,264,Round Lake
trip_unlinked,mode_train_access_2,265,Western Ave
trip_unlinked,mode_train_access_2,266,Bartlett
trip_unlinked,mode_train_access_2,267,Bensenville
trip_unlinked,mode_train_access_2,268,Big Timber
trip_unlinked,mode_train_access_2,269,Chicago Union Station-MW
trip_unlinked,mode_train_access_2,270,Elgin
trip_unlinked,mode_train_access_2,271,Elmwood Park
trip_unlinked,mode_train_access_2,272,Franklin Park
trip_unlinked,mode_train_access_2,273,Galewood
trip_unlinked,mode_train_access_2,274,Grand/Cicero
trip_unlinked,mode_train_access_2,275,Hanover Park
trip_unlinked,mode_train_access_2,276,Hanson Park
trip_unlinked,mode_train_access_2,277,Itasca
trip_unlinked,mode_train_access_2,278,Mannheim
trip_unlinked,mode_train_access_2,279,Mars
trip_unlinked,mode_train_access_2,280,Medinah
trip_unlinked,mode_train_access_2,281,Mont Clare
trip_unlinked,mode_train_access_2,282,National St
trip_unlinked,mode_train_access_2,284,Roselle
trip_unlinked,mode_train_access_2,285,Schaumburg
trip_unlinked,mode_train_access_2,287,Wood Dale
trip_unlinked,mode_train_access_2,288,107th St.
trip_unlinked,mode_train_access_2,289,111th St. (Pullman)
trip_unlinked,mode_train_access_2,290,18th St.
trip_unlinked,mode_train_access_2,291,211th St.
trip_unlinked,mode_train_access_2,292,27th St.
trip_unlinked,mode_train_access_2,293,47th St. (Kenwood)
trip_unlinked,mode_train_access_2,294,51st/53rd St. (Hyde Park)
trip_unlinked,mode_train_access_2,295,55th - 56th - 57th St.
trip_unlinked,mode_train_access_2,296,59th St. (U. of Chicago)
trip_unlinked,mode_train_access_2,297,63rd St.
trip_unlinked,mode_train_access_2,298,75th St. (Grand Crossing)
trip_unlinked,mode_train_access_2,299,83rd St.
trip_unlinked,mode_train_access_2,300,83rd St. (Avalon Park)
trip_unlinked,mode_train_access_2,301,87th St.
trip_unlinked,mode_train_access_2,302,87th St. (Woodruff)
trip_unlinked,mode_train_access_2,303,91st St.
trip_unlinked,mode_train_access_2,304,95th St.
trip_unlinked,mode_train_access_2,305,Ashland
trip_unlinked,mode_train_access_2,306,Blue Island
trip_unlinked,mode_train_access_2,308,Burr Oak
trip_unlinked,mode_train_access_2,309,Calumet
trip_unlinked,mode_train_access_2,310,Cheltenham (79th St.)
trip_unlinked,mode_train_access_2,311,Flossmoor
trip_unlinked,mode_train_access_2,312,Harvey
trip_unlinked,mode_train_access_2,313,Hazel Crest
trip_unlinked,mode_train_access_2,314,Homewood
trip_unlinked,mode_train_access_2,315,Ivanhoe
trip_unlinked,mode_train_access_2,316,Kensington
trip_unlinked,mode_train_access_2,317,Matteson
trip_unlinked,mode_train_access_2,319,Millennium Station-ME
trip_unlinked,mode_train_access_2,320,Museum Campus/11th St.
trip_unlinked,mode_train_access_2,321,Olympia Fields
trip_unlinked,mode_train_access_2,323,Richton Park
trip_unlinked,mode_train_access_2,324,Riverdale
trip_unlinked,mode_train_access_2,325,South Chicago (93rd)
trip_unlinked,mode_train_access_2,326,South Shore
trip_unlinked,mode_train_access_2,327,State St.
trip_unlinked,mode_train_access_2,328,Stewart Ridge
trip_unlinked,mode_train_access_2,329,Stony Island
trip_unlinked,mode_train_access_2,330,University Park
trip_unlinked,mode_train_access_2,331,Van Buren St.
trip_unlinked,mode_train_access_2,332,West Pullman
trip_unlinked,mode_train_access_2,333,Windsor Park
trip_unlinked,mode_train_access_2,334,Antioch
trip_unlinked,mode_train_access_2,335,Buffalo Grove
trip_unlinked,mode_train_access_2,336,Chicago Union Station-NCS
trip_unlinked,mode_train_access_2,337,Franklin Pk
trip_unlinked,mode_train_access_2,338,Lake Villa
trip_unlinked,mode_train_access_2,339,Mundelein
trip_unlinked,mode_train_access_2,340,OHare Transfer
trip_unlinked,mode_train_access_2,341,Prairie Crossing.
trip_unlinked,mode_train_access_2,342,Prairie View
trip_unlinked,mode_train_access_2,343,Prospect Hts
trip_unlinked,mode_train_access_2,346,Round Lake Beach
trip_unlinked,mode_train_access_2,347,Schiller Park
trip_unlinked,mode_train_access_2,348,Vernon Hills
trip_unlinked,mode_train_access_2,349,Washington St (Grayslake)
trip_unlinked,mode_train_access_2,351,Wheeling
trip_unlinked,mode_train_access_2,352,103rd St. - Beverly Hills
trip_unlinked,mode_train_access_2,353,103rd St.-Washington Hts.
trip_unlinked,mode_train_access_2,354,107th St. - Beverly Hills
trip_unlinked,mode_train_access_2,355,111th St. - Morgan Park
trip_unlinked,mode_train_access_2,356,115th St. - Morgan Park
trip_unlinked,mode_train_access_2,357,119th St.
trip_unlinked,mode_train_access_2,358,123rd St.
trip_unlinked,mode_train_access_2,359,35th St. - Lou Jones
trip_unlinked,mode_train_access_2,360,91st St. - Beverly Hills
trip_unlinked,mode_train_access_2,361,95th St. - Beverly Hills
trip_unlinked,mode_train_access_2,362,95th St.-Longwood
trip_unlinked,mode_train_access_2,363,99th St. - Beverly Hills
trip_unlinked,mode_train_access_2,364,Blue Island-Vermont
trip_unlinked,mode_train_access_2,365,Brainerd
trip_unlinked,mode_train_access_2,366,Gresham
trip_unlinked,mode_train_access_2,367,Hickory Creek
trip_unlinked,mode_train_access_2,368,Joliet
trip_unlinked,mode_train_access_2,369,LaSalle Street
trip_unlinked,mode_train_access_2,370,Midlothian
trip_unlinked,mode_train_access_2,371,Mokena
trip_unlinked,mode_train_access_2,372,New Lenox
trip_unlinked,mode_train_access_2,373,Oak Forest
trip_unlinked,mode_train_access_2,374,Prairie St.
trip_unlinked,mode_train_access_2,375,Robbins
trip_unlinked,mode_train_access_2,376,Tinley Park
trip_unlinked,mode_train_access_2,377,Tinley-80th
trip_unlinked,mode_train_access_2,378,Ashburn
trip_unlinked,mode_train_access_2,379,Chicago Ridge
trip_unlinked,mode_train_access_2,380,Chicago Union Station-SS
trip_unlinked,mode_train_access_2,381,Laraway Road
trip_unlinked,mode_train_access_2,382,Manhattan
trip_unlinked,mode_train_access_2,383,Oak Lawn Patriot
trip_unlinked,mode_train_access_2,384,Orland Park 143rd
trip_unlinked,mode_train_access_2,385,Orland Park 153rd
trip_unlinked,mode_train_access_2,386,Orland Park 179th
trip_unlinked,mode_train_access_2,387,Palos Heights
trip_unlinked,mode_train_access_2,388,Palos Park
trip_unlinked,mode_train_access_2,389,Worth
trip_unlinked,mode_train_access_2,390,Wrightwood
trip_unlinked,mode_train_access_2,391,Braeside
trip_unlinked,mode_train_access_2,392,Central St.
trip_unlinked,mode_train_access_2,393,Chicago OTC-UPN
trip_unlinked,mode_train_access_2,394,Clybourn
trip_unlinked,mode_train_access_2,395,Evanston (Davis St.)
trip_unlinked,mode_train_access_2,396,Fort Sheridan
trip_unlinked,mode_train_access_2,397,Glencoe
trip_unlinked,mode_train_access_2,398,Great Lakes
trip_unlinked,mode_train_access_2,399,Highland Park
trip_unlinked,mode_train_access_2,400,Highwood
trip_unlinked,mode_train_access_2,401,Hubbard Woods
trip_unlinked,mode_train_access_2,402,Indian Hill
trip_unlinked,mode_train_access_2,403,Kenilworth
trip_unlinked,mode_train_access_2,404,Kenosha
trip_unlinked,mode_train_access_2,405,Lake Bluff
trip_unlinked,mode_train_access_2,406,Lake Forest.
trip_unlinked,mode_train_access_2,407,Main St.
trip_unlinked,mode_train_access_2,408,North Chicago
trip_unlinked,mode_train_access_2,409,Ravenswood
trip_unlinked,mode_train_access_2,410,Ravinia
trip_unlinked,mode_train_access_2,411,Ravinia Park
trip_unlinked,mode_train_access_2,412,Rogers Park
trip_unlinked,mode_train_access_2,413,Waukegan
trip_unlinked,mode_train_access_2,414,Wilmette
trip_unlinked,mode_train_access_2,415,Winnetka
trip_unlinked,mode_train_access_2,416,Winthrop Harbor
trip_unlinked,mode_train_access_2,417,Zion
trip_unlinked,mode_train_access_2,418,Arlington Heights
trip_unlinked,mode_train_access_2,419,Arlington Park
trip_unlinked,mode_train_access_2,420,Barrington
trip_unlinked,mode_train_access_2,421,Cary
trip_unlinked,mode_train_access_2,422,Chicago OTC-UPNW
trip_unlinked,mode_train_access_2,424,Crystal Lake
trip_unlinked,mode_train_access_2,426,Dee Road
trip_unlinked,mode_train_access_2,427,Des Plaines
trip_unlinked,mode_train_access_2,428,Edison Park
trip_unlinked,mode_train_access_2,429,Fox River Grove
trip_unlinked,mode_train_access_2,430,Gladstone Park
trip_unlinked,mode_train_access_2,431,Harvard
trip_unlinked,mode_train_access_2,432,Irving Park
trip_unlinked,mode_train_access_2,434,McHenry
trip_unlinked,mode_train_access_2,435,Mt. Prospect
trip_unlinked,mode_train_access_2,436,Norwood Park
trip_unlinked,mode_train_access_2,437,Palatine
trip_unlinked,mode_train_access_2,438,Park Ridge
trip_unlinked,mode_train_access_2,439,Pingree Road
trip_unlinked,mode_train_access_2,440,Woodstock
trip_unlinked,mode_train_access_2,441,Bellwood
trip_unlinked,mode_train_access_2,442,Berkeley
trip_unlinked,mode_train_access_2,443,Chicago OTC-UPW
trip_unlinked,mode_train_access_2,444,College Ave
trip_unlinked,mode_train_access_2,445,Elburn
trip_unlinked,mode_train_access_2,446,Elmhurst
trip_unlinked,mode_train_access_2,447,Geneva
trip_unlinked,mode_train_access_2,448,Glen Ellyn
trip_unlinked,mode_train_access_2,449,Kedzie
trip_unlinked,mode_train_access_2,450,La Fox
trip_unlinked,mode_train_access_2,451,Lombard
trip_unlinked,mode_train_access_2,452,Maywood
trip_unlinked,mode_train_access_2,453,Melrose Park
trip_unlinked,mode_train_access_2,454,Oak Park
trip_unlinked,mode_train_access_2,455,River Forest
trip_unlinked,mode_train_access_2,456,Villa Park
trip_unlinked,mode_train_access_2,457,West Chicago
trip_unlinked,mode_train_access_2,458,Wheaton
trip_unlinked,mode_train_access_2,459,Winfield
trip_unlinked,mode_train_access_2,460,11th St. (Michigan City)
trip_unlinked,mode_train_access_2,461,57th St.
trip_unlinked,mode_train_access_2,463,Beverly Shores
trip_unlinked,mode_train_access_2,464,Carroll Ave. (Michigan City)
trip_unlinked,mode_train_access_2,465,Dune Park
trip_unlinked,mode_train_access_2,466,East Chicago
trip_unlinked,mode_train_access_2,467,Gary Metro Center
trip_unlinked,mode_train_access_2,468,Gary/Chicago Airport
trip_unlinked,mode_train_access_2,469,Hammond
trip_unlinked,mode_train_access_2,470,Hegewisch
trip_unlinked,mode_train_access_2,471,Hudson Lake
trip_unlinked,mode_train_access_2,473,Millennium Station-NICTD
trip_unlinked,mode_train_access_2,474,Miller
trip_unlinked,mode_train_access_2,476,Portage/Ogden Dunes
trip_unlinked,mode_train_access_2,477,South Bend Airport
trip_unlinked,mode_train_access_2,479,Damen-Green
trip_unlinked,mode_train_access_2,995,Missing Response
trip_unlinked,mode_train_egress_2,21,Addison-Blue
trip_unlinked,mode_train_egress_2,22,Austin-Blue
trip_unlinked,mode_train_egress_2,23,Belmont-Blue
trip_unlinked,mode_train_egress_2,24,California-O'Hare
trip_unlinked,mode_train_egress_2,25,Chicago-Blue
trip_unlinked,mode_train_egress_2,26,Cicero-Forest Park
trip_unlinked,mode_train_egress_2,27,Clark/Lake (Subway)
trip_unlinked,mode_train_egress_2,28,Clinton-Blue
trip_unlinked,mode_train_egress_2,29,Cumberland
trip_unlinked,mode_train_egress_2,30,Damen-O'Hare
trip_unlinked,mode_train_egress_2,31,Division
trip_unlinked,mode_train_egress_2,32,Forest Park
trip_unlinked,mode_train_egress_2,33,Grand-Blue
trip_unlinked,mode_train_egress_2,34,Harlem-Forest Park
trip_unlinked,mode_train_egress_2,35,Harlem-O'Hare
trip_unlinked,mode_train_egress_2,36,Illinois Medical District
trip_unlinked,mode_train_egress_2,37,Irving Park-Blue
trip_unlinked,mode_train_egress_2,38,Jackson-Blue
trip_unlinked,mode_train_egress_2,39,Jefferson Park
trip_unlinked,mode_train_egress_2,40,Kedzie-Homan
trip_unlinked,mode_train_egress_2,41,LaSalle
trip_unlinked,mode_train_egress_2,42,Logan Square
trip_unlinked,mode_train_egress_2,43,Monroe-Blue
trip_unlinked,mode_train_egress_2,44,Montrose-Blue
trip_unlinked,mode_train_egress_2,45,O'Hare
trip_unlinked,mode_train_egress_2,46,Oak Park-Blue
trip_unlinked,mode_train_egress_2,47,Pulaski-Forest Park
trip_unlinked,mode_train_egress_2,48,Racine
trip_unlinked,mode_train_egress_2,49,Rosemont
trip_unlinked,mode_train_egress_2,50,UIC-Halsted
trip_unlinked,mode_train_egress_2,51,Washington-Blue
trip_unlinked,mode_train_egress_2,52,Western-Forest Park
trip_unlinked,mode_train_egress_2,53,Western-O'Hare
trip_unlinked,mode_train_egress_2,54,Adams/Wabash-Brown
trip_unlinked,mode_train_egress_2,55,Addison-Brown
trip_unlinked,mode_train_egress_2,56,Armitage-Brown
trip_unlinked,mode_train_egress_2,57,Belmont-Brown
trip_unlinked,mode_train_egress_2,58,Chicago-Brown
trip_unlinked,mode_train_egress_2,59,Clark/Lake (Elevated)-Brown
trip_unlinked,mode_train_egress_2,60,Damen-Brown
trip_unlinked,mode_train_egress_2,61,Diversey-Brown
trip_unlinked,mode_train_egress_2,62,Francisco
trip_unlinked,mode_train_egress_2,63,Fullerton-Brown
trip_unlinked,mode_train_egress_2,64,Harold Washington Library-Brown
trip_unlinked,mode_train_egress_2,65,Irving Park-Brown
trip_unlinked,mode_train_egress_2,66,Kedzie-Brown
trip_unlinked,mode_train_egress_2,67,Kimball
trip_unlinked,mode_train_egress_2,68,LaSalle/Van Buren-Brown
trip_unlinked,mode_train_egress_2,69,Merchandise Mart-Brown
trip_unlinked,mode_train_egress_2,70,Montrose-Brown
trip_unlinked,mode_train_egress_2,71,Paulina
trip_unlinked,mode_train_egress_2,72,Quincy-Brown
trip_unlinked,mode_train_egress_2,73,Rockwell
trip_unlinked,mode_train_egress_2,74,Sedgwick-Brown
trip_unlinked,mode_train_egress_2,75,Southport
trip_unlinked,mode_train_egress_2,76,State/Lake-Brown
trip_unlinked,mode_train_egress_2,77,Washington/Wabash-Brown
trip_unlinked,mode_train_egress_2,78,Washington/Wells-Brown
trip_unlinked,mode_train_egress_2,79,Wellington-Brown
trip_unlinked,mode_train_egress_2,80,Western-Brown
trip_unlinked,mode_train_egress_2,81,35-Bronzeville-IIT
trip_unlinked,mode_train_egress_2,82,43rd
trip_unlinked,mode_train_egress_2,83,47th-Green
trip_unlinked,mode_train_egress_2,84,51st
trip_unlinked,mode_train_egress_2,85,Adams/Wabash-Green
trip_unlinked,mode_train_egress_2,86,Ashland-Lake-Green
trip_unlinked,mode_train_egress_2,87,Ashland/63rd
trip_unlinked,mode_train_egress_2,88,Austin-Green
trip_unlinked,mode_train_egress_2,89,California-Green
trip_unlinked,mode_train_egress_2,90,Central-Green
trip_unlinked,mode_train_egress_2,91,Cermak-McCormick Place
trip_unlinked,mode_train_egress_2,92,Cicero-Green
trip_unlinked,mode_train_egress_2,93,Clark/Lake (Elevated)-Green
trip_unlinked,mode_train_egress_2,94,Clinton-Green
trip_unlinked,mode_train_egress_2,95,Conservatory
trip_unlinked,mode_train_egress_2,96,East 63rd-Cottage Grove
trip_unlinked,mode_train_egress_2,97,Garfield-Green
trip_unlinked,mode_train_egress_2,98,Halsted-Green
trip_unlinked,mode_train_egress_2,99,Harlem-Green
trip_unlinked,mode_train_egress_2,100,Indiana
trip_unlinked,mode_train_egress_2,101,Kedzie-Green
trip_unlinked,mode_train_egress_2,102,King Drive
trip_unlinked,mode_train_egress_2,103,Laramie
trip_unlinked,mode_train_egress_2,104,Morgan-Green
trip_unlinked,mode_train_egress_2,105,Oak Park-Green
trip_unlinked,mode_train_egress_2,106,Pulaski-Green
trip_unlinked,mode_train_egress_2,107,Ridgeland
trip_unlinked,mode_train_egress_2,108,Roosevelt (Elevated)-Green
trip_unlinked,mode_train_egress_2,109,State/Lake-Green
trip_unlinked,mode_train_egress_2,110,Washington/Wabash-Green
trip_unlinked,mode_train_egress_2,111,35th/Archer
trip_unlinked,mode_train_egress_2,112,Adams/Wabash-Orange
trip_unlinked,mode_train_egress_2,113,Ashland-Orange
trip_unlinked,mode_train_egress_2,114,Clark/Lake (Elevated)-Orange
trip_unlinked,mode_train_egress_2,115,Halsted-Orange
trip_unlinked,mode_train_egress_2,116,Harold Washington Library-Orange
trip_unlinked,mode_train_egress_2,117,Kedzie-Orange
trip_unlinked,mode_train_egress_2,118,LaSalle/Van Buren-Orange
trip_unlinked,mode_train_egress_2,119,Midway
trip_unlinked,mode_train_egress_2,120,Pulaski-Orange
trip_unlinked,mode_train_egress_2,121,Quincy-Orange
trip_unlinked,mode_train_egress_2,122,Roosevelt (Elevated)-Orange
trip_unlinked,mode_train_egress_2,123,State/Lake-Orange
trip_unlinked,mode_train_egress_2,124,Washington/Wabash-Orange
trip_unlinked,mode_train_egress_2,125,Washington/Wells-Orange
trip_unlinked,mode_train_egress_2,126,Western-Orange
trip_unlinked,mode_train_egress_2,127,Adams/Wabash-Purple
trip_unlinked,mode_train_egress_2,128,Armitage-Purple
trip_unlinked,mode_train_egress_2,129,Belmont-Purple
trip_unlinked,mode_train_egress_2,130,Central-Purple
trip_unlinked,mode_train_egress_2,131,Chicago-Purple
trip_unlinked,mode_train_egress_2,132,Clark/Lake (Elevated)-Purple
trip_unlinked,mode_train_egress_2,133,Davis
trip_unlinked,mode_train_egress_2,134,Dempster
trip_unlinked,mode_train_egress_2,135,Diversey-Purple
trip_unlinked,mode_train_egress_2,136,Foster
trip_unlinked,mode_train_egress_2,137,Fullerton-Purple
trip_unlinked,mode_train_egress_2,138,Harold Washington Library-Purple
trip_unlinked,mode_train_egress_2,139,Howard-Purple
trip_unlinked,mode_train_egress_2,140,LaSalle/Van Buren-Purple
trip_unlinked,mode_train_egress_2,141,Linden
trip_unlinked,mode_train_egress_2,142,Main
trip_unlinked,mode_train_egress_2,143,Merchandise Mart-Purple
trip_unlinked,mode_train_egress_2,144,Noyes
trip_unlinked,mode_train_egress_2,145,Quincy-Purple
trip_unlinked,mode_train_egress_2,146,Sedgwick-Purple
trip_unlinked,mode_train_egress_2,147,South Boulevard
trip_unlinked,mode_train_egress_2,148,State/Lake-Purple
trip_unlinked,mode_train_egress_2,149,Washington/Wabash-Purple
trip_unlinked,mode_train_egress_2,150,Washington/Wells-Purple
trip_unlinked,mode_train_egress_2,151,Wellington-Purple
trip_unlinked,mode_train_egress_2,152,Wilson-North Outer
trip_unlinked,mode_train_egress_2,153,Wilson-South Outer
trip_unlinked,mode_train_egress_2,154,18th
trip_unlinked,mode_train_egress_2,155,54th/Cermak
trip_unlinked,mode_train_egress_2,156,Adams/Wabash-Pink
trip_unlinked,mode_train_egress_2,157,Ashland-Lake-Pink
trip_unlinked,mode_train_egress_2,158,California-Cermak
trip_unlinked,mode_train_egress_2,159,Central Park
trip_unlinked,mode_train_egress_2,160,Cicero-Cermak
trip_unlinked,mode_train_egress_2,161,Clark/Lake (Elevated)-Pink
trip_unlinked,mode_train_egress_2,162,Clinton-Pink
trip_unlinked,mode_train_egress_2,163,Damen-Cermak
trip_unlinked,mode_train_egress_2,164,Harold Washington Library
trip_unlinked,mode_train_egress_2,165,Kedzie-Cermak
trip_unlinked,mode_train_egress_2,166,Kostner
trip_unlinked,mode_train_egress_2,167,LaSalle/Van Buren-Pink
trip_unlinked,mode_train_egress_2,168,Morgan-Pink
trip_unlinked,mode_train_egress_2,169,Polk
trip_unlinked,mode_train_egress_2,170,Pulaski-Cermak
trip_unlinked,mode_train_egress_2,171,Quincy-Pink
trip_unlinked,mode_train_egress_2,172,State/Lake-Pink
trip_unlinked,mode_train_egress_2,173,Washington/Wabash-Pink
trip_unlinked,mode_train_egress_2,174,Washington/Wells-Pink
trip_unlinked,mode_train_egress_2,175,Western-Cermak
trip_unlinked,mode_train_egress_2,176,47th-Red
trip_unlinked,mode_train_egress_2,177,63rd
trip_unlinked,mode_train_egress_2,178,69th
trip_unlinked,mode_train_egress_2,179,79th
trip_unlinked,mode_train_egress_2,180,87th
trip_unlinked,mode_train_egress_2,181,95th
trip_unlinked,mode_train_egress_2,182,Addison-Red
trip_unlinked,mode_train_egress_2,183,Argyle
trip_unlinked,mode_train_egress_2,184,Belmont-Red
trip_unlinked,mode_train_egress_2,185,Bryn Mawr
trip_unlinked,mode_train_egress_2,186,Cermak-Chinatown
trip_unlinked,mode_train_egress_2,187,Chicago-Red
trip_unlinked,mode_train_egress_2,188,Clark/Division
trip_unlinked,mode_train_egress_2,189,Fullerton-Red
trip_unlinked,mode_train_egress_2,190,Garfield-Red
trip_unlinked,mode_train_egress_2,191,Grand-Red
trip_unlinked,mode_train_egress_2,192,Granville
trip_unlinked,mode_train_egress_2,193,Harrison
trip_unlinked,mode_train_egress_2,194,Howard-Red
trip_unlinked,mode_train_egress_2,195,Jackson-Red
trip_unlinked,mode_train_egress_2,196,Jarvis
trip_unlinked,mode_train_egress_2,197,Lake
trip_unlinked,mode_train_egress_2,198,Loyola
trip_unlinked,mode_train_egress_2,199,Monroe-Red
trip_unlinked,mode_train_egress_2,200,Morse
trip_unlinked,mode_train_egress_2,201,North/Clybourn
trip_unlinked,mode_train_egress_2,202,Roosevelt (Subway)
trip_unlinked,mode_train_egress_2,203,Sheridan
trip_unlinked,mode_train_egress_2,204,Sox-35th
trip_unlinked,mode_train_egress_2,205,Thorndale
trip_unlinked,mode_train_egress_2,206,Wilson-North Inner
trip_unlinked,mode_train_egress_2,207,Wilson-South Inner
trip_unlinked,mode_train_egress_2,208,Dempster-Skokie
trip_unlinked,mode_train_egress_2,209,Howard-Yellow
trip_unlinked,mode_train_egress_2,210,Oakton-Skokie
trip_unlinked,mode_train_egress_2,211,Aurora
trip_unlinked,mode_train_egress_2,212,Belmont
trip_unlinked,mode_train_egress_2,213,Berwyn
trip_unlinked,mode_train_egress_2,214,Brookfield
trip_unlinked,mode_train_egress_2,215,Chicago Union Station-BNSF
trip_unlinked,mode_train_egress_2,216,Cicero
trip_unlinked,mode_train_egress_2,217,Clarendon Hills
trip_unlinked,mode_train_egress_2,218,Congress Park
trip_unlinked,mode_train_egress_2,219,Downers Grove
trip_unlinked,mode_train_egress_2,220,Fairview Ave.
trip_unlinked,mode_train_egress_2,221,Halsted Street
trip_unlinked,mode_train_egress_2,222,Harlem Ave.
trip_unlinked,mode_train_egress_2,223,Highlands
trip_unlinked,mode_train_egress_2,224,Hinsdale
trip_unlinked,mode_train_egress_2,225,Hollywood
trip_unlinked,mode_train_egress_2,226,LaGrange Road
trip_unlinked,mode_train_egress_2,227,Lavergne
trip_unlinked,mode_train_egress_2,228,Lisle
trip_unlinked,mode_train_egress_2,229,Naperville
trip_unlinked,mode_train_egress_2,230,Riverside
trip_unlinked,mode_train_egress_2,231,Route 59
trip_unlinked,mode_train_egress_2,232,Stone Ave.
trip_unlinked,mode_train_egress_2,233,West Hinsdale
trip_unlinked,mode_train_egress_2,234,Western Avenue
trip_unlinked,mode_train_egress_2,235,Western Springs
trip_unlinked,mode_train_egress_2,236,Westmont
trip_unlinked,mode_train_egress_2,239,Lemont
trip_unlinked,mode_train_egress_2,240,Lockport
trip_unlinked,mode_train_egress_2,241,Romeoville
trip_unlinked,mode_train_egress_2,242,Summit
trip_unlinked,mode_train_egress_2,243,Willow Springs
trip_unlinked,mode_train_egress_2,244,Chicago Union Station-MN
trip_unlinked,mode_train_egress_2,245,Deerfield
trip_unlinked,mode_train_egress_2,246,Edgebrook
trip_unlinked,mode_train_egress_2,247,Forest Glen
trip_unlinked,mode_train_egress_2,248,Fox Lake
trip_unlinked,mode_train_egress_2,249,Glen/N. Glenview
trip_unlinked,mode_train_egress_2,250,Glenview
trip_unlinked,mode_train_egress_2,251,Golf
trip_unlinked,mode_train_egress_2,252,Grayland
trip_unlinked,mode_train_egress_2,253,Grayslake
trip_unlinked,mode_train_egress_2,254,Healy
trip_unlinked,mode_train_egress_2,255,Ingleside
trip_unlinked,mode_train_egress_2,256,Lake Forest
trip_unlinked,mode_train_egress_2,257,Lake-Cook
trip_unlinked,mode_train_egress_2,258,Libertyville
trip_unlinked,mode_train_egress_2,259,Long Lake
trip_unlinked,mode_train_egress_2,260,Mayfair
trip_unlinked,mode_train_egress_2,261,Morton Grove
trip_unlinked,mode_train_egress_2,262,Northbrook
trip_unlinked,mode_train_egress_2,263,Prairie Crossing
trip_unlinked,mode_train_egress_2,264,Round Lake
trip_unlinked,mode_train_egress_2,265,Western Ave
trip_unlinked,mode_train_egress_2,266,Bartlett
trip_unlinked,mode_train_egress_2,267,Bensenville
trip_unlinked,mode_train_egress_2,268,Big Timber
trip_unlinked,mode_train_egress_2,269,Chicago Union Station-MW
trip_unlinked,mode_train_egress_2,270,Elgin
trip_unlinked,mode_train_egress_2,271,Elmwood Park
trip_unlinked,mode_train_egress_2,272,Franklin Park
trip_unlinked,mode_train_egress_2,273,Galewood
trip_unlinked,mode_train_egress_2,274,Grand/Cicero
trip_unlinked,mode_train_egress_2,275,Hanover Park
trip_unlinked,mode_train_egress_2,276,Hanson Park
trip_unlinked,mode_train_egress_2,277,Itasca
trip_unlinked,mode_train_egress_2,278,Mannheim
trip_unlinked,mode_train_egress_2,279,Mars
trip_unlinked,mode_train_egress_2,280,Medinah
trip_unlinked,mode_train_egress_2,281,Mont Clare
trip_unlinked,mode_train_egress_2,282,National St
trip_unlinked,mode_train_egress_2,284,Roselle
trip_unlinked,mode_train_egress_2,285,Schaumburg
trip_unlinked,mode_train_egress_2,287,Wood Dale
trip_unlinked,mode_train_egress_2,288,107th St.
trip_unlinked,mode_train_egress_2,289,111th St. (Pullman)
trip_unlinked,mode_train_egress_2,290,18th St.
trip_unlinked,mode_train_egress_2,291,211th St.
trip_unlinked,mode_train_egress_2,292,27th St.
trip_unlinked,mode_train_egress_2,293,47th St. (Kenwood)
trip_unlinked,mode_train_egress_2,294,51st/53rd St. (Hyde Park)
trip_unlinked,mode_train_egress_2,295,55th - 56th - 57th St.
trip_unlinked,mode_train_egress_2,296,59th St. (U. of Chicago)
trip_unlinked,mode_train_egress_2,297,63rd St.
trip_unlinked,mode_train_egress_2,298,75th St. (Grand Crossing)
trip_unlinked,mode_train_egress_2,299,83rd St.
trip_unlinked,mode_train_egress_2,300,83rd St. (Avalon Park)
trip_unlinked,mode_train_egress_2,301,87th St.
trip_unlinked,mode_train_egress_2,302,87th St. (Woodruff)
trip_unlinked,mode_train_egress_2,303,91st St.
trip_unlinked,mode_train_egress_2,304,95th St.
trip_unlinked,mode_train_egress_2,305,Ashland
trip_unlinked,mode_train_egress_2,306,Blue Island
trip_unlinked,mode_train_egress_2,308,Burr Oak
trip_unlinked,mode_train_egress_2,309,Calumet
trip_unlinked,mode_train_egress_2,310,Cheltenham (79th St.)
trip_unlinked,mode_train_egress_2,311,Flossmoor
trip_unlinked,mode_train_egress_2,312,Harvey
trip_unlinked,mode_train_egress_2,313,Hazel Crest
trip_unlinked,mode_train_egress_2,314,Homewood
trip_unlinked,mode_train_egress_2,315,Ivanhoe
trip_unlinked,mode_train_egress_2,316,Kensington
trip_unlinked,mode_train_egress_2,317,Matteson
trip_unlinked,mode_train_egress_2,319,Millennium Station-ME
trip_unlinked,mode_train_egress_2,320,Museum Campus/11th St.
trip_unlinked,mode_train_egress_2,321,Olympia Fields
trip_unlinked,mode_train_egress_2,323,Richton Park
trip_unlinked,mode_train_egress_2,324,Riverdale
trip_unlinked,mode_train_egress_2,325,South Chicago (93rd)
trip_unlinked,mode_train_egress_2,326,South Shore
trip_unlinked,mode_train_egress_2,327,State St.
trip_unlinked,mode_train_egress_2,328,Stewart Ridge
trip_unlinked,mode_train_egress_2,329,Stony Island
trip_unlinked,mode_train_egress_2,330,University Park
trip_unlinked,mode_train_egress_2,331,Van Buren St.
trip_unlinked,mode_train_egress_2,332,West Pullman
trip_unlinked,mode_train_egress_2,333,Windsor Park
trip_unlinked,mode_train_egress_2,334,Antioch
trip_unlinked,mode_train_egress_2,335,Buffalo Grove
trip_unlinked,mode_train_egress_2,336,Chicago Union Station-NCS
trip_unlinked,mode_train_egress_2,337,Franklin Pk
trip_unlinked,mode_train_egress_2,338,Lake Villa
trip_unlinked,mode_train_egress_2,339,Mundelein
trip_unlinked,mode_train_egress_2,340,OHare Transfer
trip_unlinked,mode_train_egress_2,341,Prairie Crossing.
trip_unlinked,mode_train_egress_2,342,Prairie View
trip_unlinked,mode_train_egress_2,343,Prospect Hts
trip_unlinked,mode_train_egress_2,346,Round Lake Beach
trip_unlinked,mode_train_egress_2,347,Schiller Park
trip_unlinked,mode_train_egress_2,348,Vernon Hills
trip_unlinked,mode_train_egress_2,349,Washington St (Grayslake)
trip_unlinked,mode_train_egress_2,351,Wheeling
trip_unlinked,mode_train_egress_2,352,103rd St. - Beverly Hills
trip_unlinked,mode_train_egress_2,353,103rd St.-Washington Hts.
trip_unlinked,mode_train_egress_2,354,107th St. - Beverly Hills
trip_unlinked,mode_train_egress_2,355,111th St. - Morgan Park
trip_unlinked,mode_train_egress_2,356,115th St. - Morgan Park
trip_unlinked,mode_train_egress_2,357,119th St.
trip_unlinked,mode_train_egress_2,358,123rd St.
trip_unlinked,mode_train_egress_2,359,35th St. - Lou Jones
trip_unlinked,mode_train_egress_2,360,91st St. - Beverly Hills
trip_unlinked,mode_train_egress_2,361,95th St. - Beverly Hills
trip_unlinked,mode_train_egress_2,362,95th St.-Longwood
trip_unlinked,mode_train_egress_2,363,99th St. - Beverly Hills
trip_unlinked,mode_train_egress_2,364,Blue Island-Vermont
trip_unlinked,mode_train_egress_2,365,Brainerd
trip_unlinked,mode_train_egress_2,366,Gresham
trip_unlinked,mode_train_egress_2,367,Hickory Creek
trip_unlinked,mode_train_egress_2,368,Joliet
trip_unlinked,mode_train_egress_2,369,LaSalle Street
trip_unlinked,mode_train_egress_2,370,Midlothian
trip_unlinked,mode_train_egress_2,371,Mokena
trip_unlinked,mode_train_egress_2,372,New Lenox
trip_unlinked,mode_train_egress_2,373,Oak Forest
trip_unlinked,mode_train_egress_2,374,Prairie St.
trip_unlinked,mode_train_egress_2,375,Robbins
trip_unlinked,mode_train_egress_2,376,Tinley Park
trip_unlinked,mode_train_egress_2,377,Tinley-80th
trip_unlinked,mode_train_egress_2,378,Ashburn
trip_unlinked,mode_train_egress_2,379,Chicago Ridge
trip_unlinked,mode_train_egress_2,380,Chicago Union Station-SS
trip_unlinked,mode_train_egress_2,381,Laraway Road
trip_unlinked,mode_train_egress_2,382,Manhattan
trip_unlinked,mode_train_egress_2,383,Oak Lawn Patriot
trip_unlinked,mode_train_egress_2,384,Orland Park 143rd
trip_unlinked,mode_train_egress_2,385,Orland Park 153rd
trip_unlinked,mode_train_egress_2,386,Orland Park 179th
trip_unlinked,mode_train_egress_2,387,Palos Heights
trip_unlinked,mode_train_egress_2,388,Palos Park
trip_unlinked,mode_train_egress_2,389,Worth
trip_unlinked,mode_train_egress_2,390,Wrightwood
trip_unlinked,mode_train_egress_2,391,Braeside
trip_unlinked,mode_train_egress_2,392,Central St.
trip_unlinked,mode_train_egress_2,393,Chicago OTC-UPN
trip_unlinked,mode_train_egress_2,394,Clybourn
trip_unlinked,mode_train_egress_2,395,Evanston (Davis St.)
trip_unlinked,mode_train_egress_2,396,Fort Sheridan
trip_unlinked,mode_train_egress_2,397,Glencoe
trip_unlinked,mode_train_egress_2,398,Great Lakes
trip_unlinked,mode_train_egress_2,399,Highland Park
trip_unlinked,mode_train_egress_2,400,Highwood
trip_unlinked,mode_train_egress_2,401,Hubbard Woods
trip_unlinked,mode_train_egress_2,402,Indian Hill
trip_unlinked,mode_train_egress_2,403,Kenilworth
trip_unlinked,mode_train_egress_2,404,Kenosha
trip_unlinked,mode_train_egress_2,405,Lake Bluff
trip_unlinked,mode_train_egress_2,406,Lake Forest.
trip_unlinked,mode_train_egress_2,407,Main St.
trip_unlinked,mode_train_egress_2,408,North Chicago
trip_unlinked,mode_train_egress_2,409,Ravenswood
trip_unlinked,mode_train_egress_2,410,Ravinia
trip_unlinked,mode_train_egress_2,411,Ravinia Park
trip_unlinked,mode_train_egress_2,412,Rogers Park
trip_unlinked,mode_train_egress_2,413,Waukegan
trip_unlinked,mode_train_egress_2,414,Wilmette
trip_unlinked,mode_train_egress_2,415,Winnetka
trip_unlinked,mode_train_egress_2,416,Winthrop Harbor
trip_unlinked,mode_train_egress_2,417,Zion
trip_unlinked,mode_train_egress_2,418,Arlington Heights
trip_unlinked,mode_train_egress_2,419,Arlington Park
trip_unlinked,mode_train_egress_2,420,Barrington
trip_unlinked,mode_train_egress_2,421,Cary
trip_unlinked,mode_train_egress_2,422,Chicago OTC-UPNW
trip_unlinked,mode_train_egress_2,424,Crystal Lake
trip_unlinked,mode_train_egress_2,426,Dee Road
trip_unlinked,mode_train_egress_2,427,Des Plaines
trip_unlinked,mode_train_egress_2,428,Edison Park
trip_unlinked,mode_train_egress_2,429,Fox River Grove
trip_unlinked,mode_train_egress_2,430,Gladstone Park
trip_unlinked,mode_train_egress_2,431,Harvard
trip_unlinked,mode_train_egress_2,432,Irving Park
trip_unlinked,mode_train_egress_2,434,McHenry
trip_unlinked,mode_train_egress_2,435,Mt. Prospect
trip_unlinked,mode_train_egress_2,436,Norwood Park
trip_unlinked,mode_train_egress_2,437,Palatine
trip_unlinked,mode_train_egress_2,438,Park Ridge
trip_unlinked,mode_train_egress_2,439,Pingree Road
trip_unlinked,mode_train_egress_2,440,Woodstock
trip_unlinked,mode_train_egress_2,441,Bellwood
trip_unlinked,mode_train_egress_2,442,Berkeley
trip_unlinked,mode_train_egress_2,443,Chicago OTC-UPW
trip_unlinked,mode_train_egress_2,444,College Ave
trip_unlinked,mode_train_egress_2,445,Elburn
trip_unlinked,mode_train_egress_2,446,Elmhurst
trip_unlinked,mode_train_egress_2,447,Geneva
trip_unlinked,mode_train_egress_2,448,Glen Ellyn
trip_unlinked,mode_train_egress_2,449,Kedzie
trip_unlinked,mode_train_egress_2,450,La Fox
trip_unlinked,mode_train_egress_2,451,Lombard
trip_unlinked,mode_train_egress_2,452,Maywood
trip_unlinked,mode_train_egress_2,453,Melrose Park
trip_unlinked,mode_train_egress_2,454,Oak Park
trip_unlinked,mode_train_egress_2,455,River Forest
trip_unlinked,mode_train_egress_2,456,Villa Park
trip_unlinked,mode_train_egress_2,457,West Chicago
trip_unlinked,mode_train_egress_2,458,Wheaton
trip_unlinked,mode_train_egress_2,459,Winfield
trip_unlinked,mode_train_egress_2,460,11th St. (Michigan City)
trip_unlinked,mode_train_egress_2,461,57th St.
trip_unlinked,mode_train_egress_2,463,Beverly Shores
trip_unlinked,mode_train_egress_2,464,Carroll Ave. (Michigan City)
trip_unlinked,mode_train_egress_2,465,Dune Park
trip_unlinked,mode_train_egress_2,466,East Chicago
trip_unlinked,mode_train_egress_2,467,Gary Metro Center
trip_unlinked,mode_train_egress_2,468,Gary/Chicago Airport
trip_unlinked,mode_train_egress_2,469,Hammond
trip_unlinked,mode_train_egress_2,470,Hegewisch
trip_unlinked,mode_train_egress_2,471,Hudson Lake
trip_unlinked,mode_train_egress_2,473,Millennium Station-NICTD
trip_unlinked,mode_train_egress_2,474,Miller
trip_unlinked,mode_train_egress_2,476,Portage/Ogden Dunes
trip_unlinked,mode_train_egress_2,477,South Bend Airport
trip_unlinked,mode_train_egress_2,479,Damen-Green
trip_unlinked,mode_train_egress_2,995,Missing Response
trip_unlinked,transit_type_2,1,Free (no cost at all)
trip_unlinked,transit_type_2,2,1-day pass
trip_unlinked,transit_type_2,4,Don't know
trip_unlinked,transit_type_2,6,Used a transfer from a previous transit trip
trip_unlinked,transit_type_2,7,Single ride ticket
trip_unlinked,transit_type_2,8,3-day pass
trip_unlinked,transit_type_2,9,7-day pass
trip_unlinked,transit_type_2,10,Day Pass 5-Pack
trip_unlinked,transit_type_2,11,30-day or monthly pass
trip_unlinked,transit_type_2,995,Missing Response
trip_unlinked,mode_transit_3,1,CTA bus
trip_unlinked,mode_transit_3,2,PACE bus
trip_unlinked,mode_transit_3,4,Dial-a-Ride
trip_unlinked,mode_transit_3,5,Call-n-Ride
trip_unlinked,mode_transit_3,6,Paratransit
trip_unlinked,mode_transit_3,7,CTA 'L' train
trip_unlinked,mode_transit_3,8,METRA commuter rail
trip_unlinked,mode_transit_3,9,NICTD train
trip_unlinked,mode_transit_3,10,Another type of train
trip_unlinked,mode_transit_3,11,"Intercity bus (e.g., Greyhound)"
trip_unlinked,mode_transit_3,12,"Intercity rail (e.g., Amtrak)"
trip_unlinked,mode_transit_3,13,Other bus
trip_unlinked,mode_transit_3,14,Other rail
trip_unlinked,mode_transit_3,995,Missing Response
trip_unlinked,mode_transit_route_3,1,CTA Bus
trip_unlinked,mode_transit_route_3,2,PACE bus
trip_unlinked,mode_transit_route_3,3,CTA 'L' train
trip_unlinked,mode_transit_route_3,4,METRA commuter rail
trip_unlinked,mode_transit_route_3,5,Red Line
trip_unlinked,mode_transit_route_3,6,Purple Line
trip_unlinked,mode_transit_route_3,7,Yellow Line
trip_unlinked,mode_transit_route_3,8,Blue Line
trip_unlinked,mode_transit_route_3,9,Pink Line
trip_unlinked,mode_transit_route_3,10,Green Line
trip_unlinked,mode_transit_route_3,11,Orange Line
trip_unlinked,mode_transit_route_3,12,Brown Line
trip_unlinked,mode_transit_route_3,13,Burlington Northern
trip_unlinked,mode_transit_route_3,14,Heritage Corrdior
trip_unlinked,mode_transit_route_3,15,Milwaukee North
trip_unlinked,mode_transit_route_3,16,Milwaukee West
trip_unlinked,mode_transit_route_3,17,Metra Electric
trip_unlinked,mode_transit_route_3,18,North Central Service
trip_unlinked,mode_transit_route_3,19,Rock Island
trip_unlinked,mode_transit_route_3,20,Southwest Service
trip_unlinked,mode_transit_route_3,21,Union Pacific North
trip_unlinked,mode_transit_route_3,22,Union Pacific Northwest
trip_unlinked,mode_transit_route_3,23,Union Pacific West
trip_unlinked,mode_transit_route_3,24,1 - Bronzeville/Union Station
trip_unlinked,mode_transit_route_3,25,2 - Hyde Park Express
trip_unlinked,mode_transit_route_3,26,3 - King Drive
trip_unlinked,mode_transit_route_3,27,4 - Cottage Grove
trip_unlinked,mode_transit_route_3,28,X4 - Cottage Grove Express
trip_unlinked,mode_transit_route_3,29,5 - South Shore Night Bus
trip_unlinked,mode_transit_route_3,30,6 - Jackson Park Express
trip_unlinked,mode_transit_route_3,31,7 - Harrison
trip_unlinked,mode_transit_route_3,32,8 - Halsted
trip_unlinked,mode_transit_route_3,33,8A - South Halsted
trip_unlinked,mode_transit_route_3,34,9 - Ashland
trip_unlinked,mode_transit_route_3,35,X9 - Ashland Express
trip_unlinked,mode_transit_route_3,36,11 - Lincoln
trip_unlinked,mode_transit_route_3,37,12 - Roosevelt
trip_unlinked,mode_transit_route_3,38,J14 - Jeffery Jump
trip_unlinked,mode_transit_route_3,39,15 - Jeffery Local
trip_unlinked,mode_transit_route_3,40,18 - 16th/18th
trip_unlinked,mode_transit_route_3,41,20 - Madison
trip_unlinked,mode_transit_route_3,42,21 - Cermak
trip_unlinked,mode_transit_route_3,43,22 - Clark
trip_unlinked,mode_transit_route_3,44,24 - Wentworth
trip_unlinked,mode_transit_route_3,45,26 - South Shore Express
trip_unlinked,mode_transit_route_3,46,28 - Stony Island
trip_unlinked,mode_transit_route_3,47,29 - State
trip_unlinked,mode_transit_route_3,48,31 - 31st
trip_unlinked,mode_transit_route_3,49,30 - South Chicago
trip_unlinked,mode_transit_route_3,50,34 - South Michigan
trip_unlinked,mode_transit_route_3,51,35 - 31st/35th
trip_unlinked,mode_transit_route_3,52,36 - Broadway
trip_unlinked,mode_transit_route_3,53,37 - Sedgwick
trip_unlinked,mode_transit_route_3,54,39 - Pershing
trip_unlinked,mode_transit_route_3,55,43 - 43rd
trip_unlinked,mode_transit_route_3,56,44 - Wallace/Racine
trip_unlinked,mode_transit_route_3,57,47 - 47th
trip_unlinked,mode_transit_route_3,58,48 - South Damen
trip_unlinked,mode_transit_route_3,59,49 - Western
trip_unlinked,mode_transit_route_3,60,49B - North Western
trip_unlinked,mode_transit_route_3,61,X49 - Western Express
trip_unlinked,mode_transit_route_3,62,50 - Damen
trip_unlinked,mode_transit_route_3,63,51 - 51st
trip_unlinked,mode_transit_route_3,64,52 - Kedzie
trip_unlinked,mode_transit_route_3,65,52A - South Kedzie
trip_unlinked,mode_transit_route_3,66,53 - Pulaski
trip_unlinked,mode_transit_route_3,67,53A - South Pulaski
trip_unlinked,mode_transit_route_3,68,54 - Cicero
trip_unlinked,mode_transit_route_3,69,54A - North Cicero/Skokie Blvd.
trip_unlinked,mode_transit_route_3,70,54B - South Cicero
trip_unlinked,mode_transit_route_3,71,55 - Garfield
trip_unlinked,mode_transit_route_3,72,55A - 55th/Austin
trip_unlinked,mode_transit_route_3,73,55N - 55th/Narragansett
trip_unlinked,mode_transit_route_3,74,56 - Milwaukee
trip_unlinked,mode_transit_route_3,75,57 - Laramie
trip_unlinked,mode_transit_route_3,76,59 - 59th/61st
trip_unlinked,mode_transit_route_3,77,60 - Blue Island/26th
trip_unlinked,mode_transit_route_3,78,62 - Archer
trip_unlinked,mode_transit_route_3,79,62H - Archer/Harlem
trip_unlinked,mode_transit_route_3,80,63 - 63rd
trip_unlinked,mode_transit_route_3,81,63W - West 63rd
trip_unlinked,mode_transit_route_3,82,65 - Grand
trip_unlinked,mode_transit_route_3,83,66 - Chicago
trip_unlinked,mode_transit_route_3,84,67 - 67th/69th/71st
trip_unlinked,mode_transit_route_3,85,68 - Northwest Highway
trip_unlinked,mode_transit_route_3,86,70 - Division
trip_unlinked,mode_transit_route_3,87,71 - 71st/South Shore
trip_unlinked,mode_transit_route_3,88,72 - North
trip_unlinked,mode_transit_route_3,89,73 - Armitage
trip_unlinked,mode_transit_route_3,90,74 - Fullerton
trip_unlinked,mode_transit_route_3,91,75 - 74th/75th
trip_unlinked,mode_transit_route_3,92,76 - Diversey
trip_unlinked,mode_transit_route_3,93,77 - Belmont
trip_unlinked,mode_transit_route_3,94,78 - Montrose
trip_unlinked,mode_transit_route_3,95,79 - 79th
trip_unlinked,mode_transit_route_3,96,80 - Irving Park
trip_unlinked,mode_transit_route_3,97,81 - Lawrence
trip_unlinked,mode_transit_route_3,98,81W - West Lawrence
trip_unlinked,mode_transit_route_3,99,82 - Kimball/Homan
trip_unlinked,mode_transit_route_3,100,84 - Peterson
trip_unlinked,mode_transit_route_3,101,95 - 95th
trip_unlinked,mode_transit_route_3,102,85 - Central
trip_unlinked,mode_transit_route_3,103,85A - North Central
trip_unlinked,mode_transit_route_3,104,86 - Narragansett/Ridgeland
trip_unlinked,mode_transit_route_3,105,87 - 87th
trip_unlinked,mode_transit_route_3,106,88 - Higgins
trip_unlinked,mode_transit_route_3,107,90 - Harlem
trip_unlinked,mode_transit_route_3,108,91 - Austin
trip_unlinked,mode_transit_route_3,109,92 - Foster
trip_unlinked,mode_transit_route_3,110,93 - California/Dodge
trip_unlinked,mode_transit_route_3,111,94 - California
trip_unlinked,mode_transit_route_3,112,96 - Lunt
trip_unlinked,mode_transit_route_3,113,97 - Skokie
trip_unlinked,mode_transit_route_3,114,100 - Jeffery Manor Express
trip_unlinked,mode_transit_route_3,115,103 - West 103rd
trip_unlinked,mode_transit_route_3,116,106 - East 103rd
trip_unlinked,mode_transit_route_3,117,108 - Halsted/95th
trip_unlinked,mode_transit_route_3,118,111 - 111th/King Drive
trip_unlinked,mode_transit_route_3,119,111A - Pullman Shuttle
trip_unlinked,mode_transit_route_3,120,112 - Vincennes/111th
trip_unlinked,mode_transit_route_3,121,115 - Pullman/115th
trip_unlinked,mode_transit_route_3,122,119 - Michigan/119th
trip_unlinked,mode_transit_route_3,123,120 - Ogilvie/Streeterville Express
trip_unlinked,mode_transit_route_3,124,121 - Union/Streeterville Express
trip_unlinked,mode_transit_route_3,125,124 - Navy Pier
trip_unlinked,mode_transit_route_3,126,125 - Water Tower Express
trip_unlinked,mode_transit_route_3,127,126 - Jackson
trip_unlinked,mode_transit_route_3,128,134 - Stockton/LaSalle Express
trip_unlinked,mode_transit_route_3,129,135 - Clarendon/LaSalle Express
trip_unlinked,mode_transit_route_3,130,136 - Sheridan/LaSalle Express
trip_unlinked,mode_transit_route_3,131,143 - Stockton/Michigan Express
trip_unlinked,mode_transit_route_3,132,146 - Inner Lake Shore/Michigan Express
trip_unlinked,mode_transit_route_3,133,147 - Outer DuSable Lake Shore Express
trip_unlinked,mode_transit_route_3,134,148 - Clarendon/Michigan Express
trip_unlinked,mode_transit_route_3,135,151 - Sheridan
trip_unlinked,mode_transit_route_3,136,152 - Addison
trip_unlinked,mode_transit_route_3,137,155 - Devon
trip_unlinked,mode_transit_route_3,138,156 - LaSalle
trip_unlinked,mode_transit_route_3,139,157 - Streeterville/Taylor
trip_unlinked,mode_transit_route_3,140,165 - West 65th
trip_unlinked,mode_transit_route_3,141,169 - 69th/UPS Express
trip_unlinked,mode_transit_route_3,142,171 - U. of Chicago/Hyde Park
trip_unlinked,mode_transit_route_3,143,172 - U. of Chicago/Kenwood
trip_unlinked,mode_transit_route_3,144,192 - University of Chicago Hospitals Express
trip_unlinked,mode_transit_route_3,145,201 - Central/Ridge
trip_unlinked,mode_transit_route_3,146,206 - Evanston Circulator
trip_unlinked,mode_transit_route_3,147,100 - Pulse Milwaukee Line
trip_unlinked,mode_transit_route_3,148,101 - Pulse Dempster Line
trip_unlinked,mode_transit_route_3,149,208 - Golf Road
trip_unlinked,mode_transit_route_3,150,209 - Busse Highway
trip_unlinked,mode_transit_route_3,151,210 - Lincoln Avenue
trip_unlinked,mode_transit_route_3,152,213 - Green Bay Road
trip_unlinked,mode_transit_route_3,153,215 - Crawford-Howard
trip_unlinked,mode_transit_route_3,154,221 - Wolf Road
trip_unlinked,mode_transit_route_3,155,223 - Elk Grove - Rosemont CTA Station
trip_unlinked,mode_transit_route_3,156,225 - Central - Howard
trip_unlinked,mode_transit_route_3,157,226 - Oakton Street
trip_unlinked,mode_transit_route_3,158,230 - South Des Plaines
trip_unlinked,mode_transit_route_3,159,234 - Wheeling - Des Plaines
trip_unlinked,mode_transit_route_3,160,240 - Dee Road
trip_unlinked,mode_transit_route_3,161,241 - Greenwood - Talcott
trip_unlinked,mode_transit_route_3,162,250 - Dempster Street
trip_unlinked,mode_transit_route_3,163,270 - Milwaukee Avenue
trip_unlinked,mode_transit_route_3,164,272 - Milwaukee Avenue North
trip_unlinked,mode_transit_route_3,165,290 - Touhy Avenue
trip_unlinked,mode_transit_route_3,166,301 - Roosevelt Road
trip_unlinked,mode_transit_route_3,167,302 - Ogden - Stanley
trip_unlinked,mode_transit_route_3,168,303 - Forest Park - Rosemont
trip_unlinked,mode_transit_route_3,169,305 - East Roosevelt
trip_unlinked,mode_transit_route_3,170,307 - Harlem
trip_unlinked,mode_transit_route_3,171,308 - Medical Center
trip_unlinked,mode_transit_route_3,172,309 - Lake Street
trip_unlinked,mode_transit_route_3,173,310 - West Madison - Hillside
trip_unlinked,mode_transit_route_3,174,311 - Oak Park Avenue
trip_unlinked,mode_transit_route_3,175,313 - St. Charles Rd.
trip_unlinked,mode_transit_route_3,176,314 - Ridgeland Avenue
trip_unlinked,mode_transit_route_3,177,315 - Austin Boulevard
trip_unlinked,mode_transit_route_3,178,316 - Laramie Avenue
trip_unlinked,mode_transit_route_3,179,317 - Westchester
trip_unlinked,mode_transit_route_3,180,318 - West North Avenue
trip_unlinked,mode_transit_route_3,181,319 - Grand Avenue
trip_unlinked,mode_transit_route_3,182,322 - Cermak Road - 22nd St.
trip_unlinked,mode_transit_route_3,183,330 - Mannheim - LaGrange Roads
trip_unlinked,mode_transit_route_3,184,331 - Cumberland - 5th Avenue
trip_unlinked,mode_transit_route_3,185,332 - River Road - York Road
trip_unlinked,mode_transit_route_3,186,348 - Harvey - Riverdale - Blue Island
trip_unlinked,mode_transit_route_3,187,349 - South Western
trip_unlinked,mode_transit_route_3,188,350 - Sibley
trip_unlinked,mode_transit_route_3,189,352 - Halsted
trip_unlinked,mode_transit_route_3,190,353 - 95th/Dan Ryan CTA-Calumet City-Homewood Limited
trip_unlinked,mode_transit_route_3,191,354 - Harvey - Oak Forest Loop
trip_unlinked,mode_transit_route_3,192,356 - Harvey - Homewood - Tinley Park
trip_unlinked,mode_transit_route_3,193,357 - Lincoln Highway
trip_unlinked,mode_transit_route_3,194,358 - Torrence
trip_unlinked,mode_transit_route_3,195,359 - Robbins - South Kedzie Avenue
trip_unlinked,mode_transit_route_3,196,360 - Harvey-Amazon Monee
trip_unlinked,mode_transit_route_3,197,361 - Harvey - Laraway Crossings Express
trip_unlinked,mode_transit_route_3,198,364 - 159th Street
trip_unlinked,mode_transit_route_3,199,366 - Park Forest - Chicago Heights
trip_unlinked,mode_transit_route_3,200,367 - University Park - Park Forest
trip_unlinked,mode_transit_route_3,201,379 - Midway - Orland Park
trip_unlinked,mode_transit_route_3,202,381 - 95th Street
trip_unlinked,mode_transit_route_3,203,383 - South Cicero
trip_unlinked,mode_transit_route_3,204,384 - Narragansett - Ridgeland
trip_unlinked,mode_transit_route_3,205,385 - 87th / 111th / 127th
trip_unlinked,mode_transit_route_3,206,386 - South Harlem
trip_unlinked,mode_transit_route_3,207,390 - Midway CTA - UPS Hodgkins Limited
trip_unlinked,mode_transit_route_3,208,392 - Green Line Cicero CTA - UPS Hodgkins Limited
trip_unlinked,mode_transit_route_3,209,395 - 95th/Dan Ryan CTA - UPS Hodgkins Limited
trip_unlinked,mode_transit_route_3,210,410 - East Niles Local
trip_unlinked,mode_transit_route_3,211,411 - West Niles Local
trip_unlinked,mode_transit_route_3,212,412 - Niles North Circulator
trip_unlinked,mode_transit_route_3,213,421 - Wilmette Avenue
trip_unlinked,mode_transit_route_3,214,422 - Linden CTA/Glenview/Northbrook Court
trip_unlinked,mode_transit_route_3,215,423 - Linden CTA - The Glen - Harlem L CTA
trip_unlinked,mode_transit_route_3,216,471 - Highland Park-Northbrook Court
trip_unlinked,mode_transit_route_3,217,472 - Highland Park - Highwood
trip_unlinked,mode_transit_route_3,218,501 - West Jefferson
trip_unlinked,mode_transit_route_3,219,504 - South Joliet
trip_unlinked,mode_transit_route_3,220,505 - West Joliet Loop
trip_unlinked,mode_transit_route_3,221,507 - Plainfield
trip_unlinked,mode_transit_route_3,222,508 - East Joliet
trip_unlinked,mode_transit_route_3,223,509 - Joliet-Fairmont
trip_unlinked,mode_transit_route_3,224,511 - Joliet- Elwood -Centerpoint
trip_unlinked,mode_transit_route_3,225,512 - Joliet - Centerpoint
trip_unlinked,mode_transit_route_3,226,524 - West Aurora
trip_unlinked,mode_transit_route_3,227,530 - West Galena - Naperville
trip_unlinked,mode_transit_route_3,228,533 - Northeast Aurora
trip_unlinked,mode_transit_route_3,229,540 - Farnsworth Avenue
trip_unlinked,mode_transit_route_3,230,541 - Northeast Elgin
trip_unlinked,mode_transit_route_3,231,542 - Bluff City
trip_unlinked,mode_transit_route_3,232,543 - Dundee-Carpentersville
trip_unlinked,mode_transit_route_3,233,546 - Orange-Walnut
trip_unlinked,mode_transit_route_3,234,547 - Wing Park
trip_unlinked,mode_transit_route_3,235,548 - Highland
trip_unlinked,mode_transit_route_3,236,549 - South Randall
trip_unlinked,mode_transit_route_3,237,550 - Elgin Transportation Center - Crystal Lake
trip_unlinked,mode_transit_route_3,238,552 - North State - Spring Hill Mall
trip_unlinked,mode_transit_route_3,239,554 - Elgin - Woodfield
trip_unlinked,mode_transit_route_3,240,559 - Illinois Route 59
trip_unlinked,mode_transit_route_3,241,561 - Castlecrest via McAree
trip_unlinked,mode_transit_route_3,242,562 - Gurnee via Sunset
trip_unlinked,mode_transit_route_3,243,563 - Great Lakes Naval Station
trip_unlinked,mode_transit_route_3,244,564 - Jackson / 14th
trip_unlinked,mode_transit_route_3,245,565 - Grand Avenue
trip_unlinked,mode_transit_route_3,246,566 - McAree - Keller
trip_unlinked,mode_transit_route_3,247,568 - Belvidere
trip_unlinked,mode_transit_route_3,248,569 - Lewis
trip_unlinked,mode_transit_route_3,249,570 - Fox Lake - CLC
trip_unlinked,mode_transit_route_3,250,571 - Zion
trip_unlinked,mode_transit_route_3,251,572 - Washington
trip_unlinked,mode_transit_route_3,252,573 - Green Bay Road
trip_unlinked,mode_transit_route_3,253,574 - CLC - Hawthorn Mall
trip_unlinked,mode_transit_route_3,254,591 - Wheaton - Winfield On Demand
trip_unlinked,mode_transit_route_3,255,600 - Rosemont - Schaumburg Express
trip_unlinked,mode_transit_route_3,256,603 - Elgin Terminal - Rosemont Express
trip_unlinked,mode_transit_route_3,257,604 - Wheeling - Schaumburg
trip_unlinked,mode_transit_route_3,258,605 - I-90/Randall Rd. Station - Rosemont Express
trip_unlinked,mode_transit_route_3,259,606 - Rosemont - Schaumburg Limited
trip_unlinked,mode_transit_route_3,260,607 - I-90/Randall Rd. Station - Schaumburg Express
trip_unlinked,mode_transit_route_3,261,626 - Skokie - Buffalo Grove Limited
trip_unlinked,mode_transit_route_3,262,697 - Northwest Transportation Center - Harper College
trip_unlinked,mode_transit_route_3,263,711 - Wheaton-Addison
trip_unlinked,mode_transit_route_3,264,714 - College of DuPage-Naperville-Wheaton Connector
trip_unlinked,mode_transit_route_3,265,715 - Central DuPage
trip_unlinked,mode_transit_route_3,266,722 - Ogden Avenue
trip_unlinked,mode_transit_route_3,267,755 - Plainfield - West Loop Express
trip_unlinked,mode_transit_route_3,268,801 - Elgin-Geneva
trip_unlinked,mode_transit_route_3,269,802 - Aurora - Geneva via Lake Street
trip_unlinked,mode_transit_route_3,270,803 - Carpentersville Local
trip_unlinked,mode_transit_route_3,271,806 - Crystal Lake-Fox Lake
trip_unlinked,mode_transit_route_3,272,807 - Woodstock-McHenry
trip_unlinked,mode_transit_route_3,273,808 - Crystal Lake-Harvard
trip_unlinked,mode_transit_route_3,274,811 - Rosemont Entertainment Circulator
trip_unlinked,mode_transit_route_3,275,832 - Joliet - Orland Park
trip_unlinked,mode_transit_route_3,276,834 - Joliet - Downers Grove
trip_unlinked,mode_transit_route_3,277,850 - North Bolingbrook - East Loop Express
trip_unlinked,mode_transit_route_3,278,855 - Plainfield-East Loop Express
trip_unlinked,mode_transit_route_3,279,890 - Chicago Heights - UPS Hodgkins Limited
trip_unlinked,mode_transit_route_3,280,905 - Schaumburg Trolley
trip_unlinked,mode_transit_route_3,995,Missing Response
trip_unlinked,mode_train_access_3,21,Addison-Blue
trip_unlinked,mode_train_access_3,22,Austin-Blue
trip_unlinked,mode_train_access_3,23,Belmont-Blue
trip_unlinked,mode_train_access_3,24,California-O'Hare
trip_unlinked,mode_train_access_3,25,Chicago-Blue
trip_unlinked,mode_train_access_3,26,Cicero-Forest Park
trip_unlinked,mode_train_access_3,27,Clark/Lake (Subway)
trip_unlinked,mode_train_access_3,28,Clinton-Blue
trip_unlinked,mode_train_access_3,29,Cumberland
trip_unlinked,mode_train_access_3,30,Damen-O'Hare
trip_unlinked,mode_train_access_3,31,Division
trip_unlinked,mode_train_access_3,32,Forest Park
trip_unlinked,mode_train_access_3,33,Grand-Blue
trip_unlinked,mode_train_access_3,34,Harlem-Forest Park
trip_unlinked,mode_train_access_3,35,Harlem-O'Hare
trip_unlinked,mode_train_access_3,36,Illinois Medical District
trip_unlinked,mode_train_access_3,37,Irving Park-Blue
trip_unlinked,mode_train_access_3,38,Jackson-Blue
trip_unlinked,mode_train_access_3,39,Jefferson Park
trip_unlinked,mode_train_access_3,40,Kedzie-Homan
trip_unlinked,mode_train_access_3,41,LaSalle
trip_unlinked,mode_train_access_3,42,Logan Square
trip_unlinked,mode_train_access_3,43,Monroe-Blue
trip_unlinked,mode_train_access_3,44,Montrose-Blue
trip_unlinked,mode_train_access_3,45,O'Hare
trip_unlinked,mode_train_access_3,46,Oak Park-Blue
trip_unlinked,mode_train_access_3,47,Pulaski-Forest Park
trip_unlinked,mode_train_access_3,48,Racine
trip_unlinked,mode_train_access_3,49,Rosemont
trip_unlinked,mode_train_access_3,50,UIC-Halsted
trip_unlinked,mode_train_access_3,51,Washington-Blue
trip_unlinked,mode_train_access_3,52,Western-Forest Park
trip_unlinked,mode_train_access_3,53,Western-O'Hare
trip_unlinked,mode_train_access_3,54,Adams/Wabash-Brown
trip_unlinked,mode_train_access_3,55,Addison-Brown
trip_unlinked,mode_train_access_3,56,Armitage-Brown
trip_unlinked,mode_train_access_3,57,Belmont-Brown
trip_unlinked,mode_train_access_3,58,Chicago-Brown
trip_unlinked,mode_train_access_3,59,Clark/Lake (Elevated)-Brown
trip_unlinked,mode_train_access_3,60,Damen-Brown
trip_unlinked,mode_train_access_3,61,Diversey-Brown
trip_unlinked,mode_train_access_3,62,Francisco
trip_unlinked,mode_train_access_3,63,Fullerton-Brown
trip_unlinked,mode_train_access_3,64,Harold Washington Library-Brown
trip_unlinked,mode_train_access_3,65,Irving Park-Brown
trip_unlinked,mode_train_access_3,66,Kedzie-Brown
trip_unlinked,mode_train_access_3,67,Kimball
trip_unlinked,mode_train_access_3,68,LaSalle/Van Buren-Brown
trip_unlinked,mode_train_access_3,69,Merchandise Mart-Brown
trip_unlinked,mode_train_access_3,70,Montrose-Brown
trip_unlinked,mode_train_access_3,71,Paulina
trip_unlinked,mode_train_access_3,72,Quincy-Brown
trip_unlinked,mode_train_access_3,73,Rockwell
trip_unlinked,mode_train_access_3,74,Sedgwick-Brown
trip_unlinked,mode_train_access_3,75,Southport
trip_unlinked,mode_train_access_3,76,State/Lake-Brown
trip_unlinked,mode_train_access_3,77,Washington/Wabash-Brown
trip_unlinked,mode_train_access_3,78,Washington/Wells-Brown
trip_unlinked,mode_train_access_3,79,Wellington-Brown
trip_unlinked,mode_train_access_3,80,Western-Brown
trip_unlinked,mode_train_access_3,81,35-Bronzeville-IIT
trip_unlinked,mode_train_access_3,82,43rd
trip_unlinked,mode_train_access_3,83,47th-Green
trip_unlinked,mode_train_access_3,84,51st
trip_unlinked,mode_train_access_3,85,Adams/Wabash-Green
trip_unlinked,mode_train_access_3,86,Ashland-Lake-Green
trip_unlinked,mode_train_access_3,87,Ashland/63rd
trip_unlinked,mode_train_access_3,88,Austin-Green
trip_unlinked,mode_train_access_3,89,California-Green
trip_unlinked,mode_train_access_3,90,Central-Green
trip_unlinked,mode_train_access_3,91,Cermak-McCormick Place
trip_unlinked,mode_train_access_3,92,Cicero-Green
trip_unlinked,mode_train_access_3,93,Clark/Lake (Elevated)-Green
trip_unlinked,mode_train_access_3,94,Clinton-Green
trip_unlinked,mode_train_access_3,95,Conservatory
trip_unlinked,mode_train_access_3,96,East 63rd-Cottage Grove
trip_unlinked,mode_train_access_3,97,Garfield-Green
trip_unlinked,mode_train_access_3,98,Halsted-Green
trip_unlinked,mode_train_access_3,99,Harlem-Green
trip_unlinked,mode_train_access_3,100,Indiana
trip_unlinked,mode_train_access_3,101,Kedzie-Green
trip_unlinked,mode_train_access_3,102,King Drive
trip_unlinked,mode_train_access_3,103,Laramie
trip_unlinked,mode_train_access_3,104,Morgan-Green
trip_unlinked,mode_train_access_3,105,Oak Park-Green
trip_unlinked,mode_train_access_3,106,Pulaski-Green
trip_unlinked,mode_train_access_3,107,Ridgeland
trip_unlinked,mode_train_access_3,108,Roosevelt (Elevated)-Green
trip_unlinked,mode_train_access_3,109,State/Lake-Green
trip_unlinked,mode_train_access_3,110,Washington/Wabash-Green
trip_unlinked,mode_train_access_3,111,35th/Archer
trip_unlinked,mode_train_access_3,112,Adams/Wabash-Orange
trip_unlinked,mode_train_access_3,113,Ashland-Orange
trip_unlinked,mode_train_access_3,114,Clark/Lake (Elevated)-Orange
trip_unlinked,mode_train_access_3,115,Halsted-Orange
trip_unlinked,mode_train_access_3,116,Harold Washington Library-Orange
trip_unlinked,mode_train_access_3,117,Kedzie-Orange
trip_unlinked,mode_train_access_3,118,LaSalle/Van Buren-Orange
trip_unlinked,mode_train_access_3,119,Midway
trip_unlinked,mode_train_access_3,120,Pulaski-Orange
trip_unlinked,mode_train_access_3,121,Quincy-Orange
trip_unlinked,mode_train_access_3,122,Roosevelt (Elevated)-Orange
trip_unlinked,mode_train_access_3,123,State/Lake-Orange
trip_unlinked,mode_train_access_3,124,Washington/Wabash-Orange
trip_unlinked,mode_train_access_3,125,Washington/Wells-Orange
trip_unlinked,mode_train_access_3,126,Western-Orange
trip_unlinked,mode_train_access_3,127,Adams/Wabash-Purple
trip_unlinked,mode_train_access_3,128,Armitage-Purple
trip_unlinked,mode_train_access_3,129,Belmont-Purple
trip_unlinked,mode_train_access_3,130,Central-Purple
trip_unlinked,mode_train_access_3,131,Chicago-Purple
trip_unlinked,mode_train_access_3,132,Clark/Lake (Elevated)-Purple
trip_unlinked,mode_train_access_3,133,Davis
trip_unlinked,mode_train_access_3,134,Dempster
trip_unlinked,mode_train_access_3,135,Diversey-Purple
trip_unlinked,mode_train_access_3,136,Foster
trip_unlinked,mode_train_access_3,137,Fullerton-Purple
trip_unlinked,mode_train_access_3,138,Harold Washington Library-Purple
trip_unlinked,mode_train_access_3,139,Howard-Purple
trip_unlinked,mode_train_access_3,140,LaSalle/Van Buren-Purple
trip_unlinked,mode_train_access_3,141,Linden
trip_unlinked,mode_train_access_3,142,Main
trip_unlinked,mode_train_access_3,143,Merchandise Mart-Purple
trip_unlinked,mode_train_access_3,144,Noyes
trip_unlinked,mode_train_access_3,145,Quincy-Purple
trip_unlinked,mode_train_access_3,146,Sedgwick-Purple
trip_unlinked,mode_train_access_3,147,South Boulevard
trip_unlinked,mode_train_access_3,148,State/Lake-Purple
trip_unlinked,mode_train_access_3,149,Washington/Wabash-Purple
trip_unlinked,mode_train_access_3,150,Washington/Wells-Purple
trip_unlinked,mode_train_access_3,151,Wellington-Purple
trip_unlinked,mode_train_access_3,152,Wilson-North Outer
trip_unlinked,mode_train_access_3,153,Wilson-South Outer
trip_unlinked,mode_train_access_3,154,18th
trip_unlinked,mode_train_access_3,155,54th/Cermak
trip_unlinked,mode_train_access_3,156,Adams/Wabash-Pink
trip_unlinked,mode_train_access_3,157,Ashland-Lake-Pink
trip_unlinked,mode_train_access_3,158,California-Cermak
trip_unlinked,mode_train_access_3,159,Central Park
trip_unlinked,mode_train_access_3,160,Cicero-Cermak
trip_unlinked,mode_train_access_3,161,Clark/Lake (Elevated)-Pink
trip_unlinked,mode_train_access_3,162,Clinton-Pink
trip_unlinked,mode_train_access_3,163,Damen-Cermak
trip_unlinked,mode_train_access_3,164,Harold Washington Library
trip_unlinked,mode_train_access_3,165,Kedzie-Cermak
trip_unlinked,mode_train_access_3,166,Kostner
trip_unlinked,mode_train_access_3,167,LaSalle/Van Buren-Pink
trip_unlinked,mode_train_access_3,168,Morgan-Pink
trip_unlinked,mode_train_access_3,169,Polk
trip_unlinked,mode_train_access_3,170,Pulaski-Cermak
trip_unlinked,mode_train_access_3,171,Quincy-Pink
trip_unlinked,mode_train_access_3,172,State/Lake-Pink
trip_unlinked,mode_train_access_3,173,Washington/Wabash-Pink
trip_unlinked,mode_train_access_3,174,Washington/Wells-Pink
trip_unlinked,mode_train_access_3,175,Western-Cermak
trip_unlinked,mode_train_access_3,176,47th-Red
trip_unlinked,mode_train_access_3,177,63rd
trip_unlinked,mode_train_access_3,178,69th
trip_unlinked,mode_train_access_3,179,79th
trip_unlinked,mode_train_access_3,180,87th
trip_unlinked,mode_train_access_3,181,95th
trip_unlinked,mode_train_access_3,182,Addison-Red
trip_unlinked,mode_train_access_3,183,Argyle
trip_unlinked,mode_train_access_3,184,Belmont-Red
trip_unlinked,mode_train_access_3,185,Bryn Mawr
trip_unlinked,mode_train_access_3,186,Cermak-Chinatown
trip_unlinked,mode_train_access_3,187,Chicago-Red
trip_unlinked,mode_train_access_3,188,Clark/Division
trip_unlinked,mode_train_access_3,189,Fullerton-Red
trip_unlinked,mode_train_access_3,190,Garfield-Red
trip_unlinked,mode_train_access_3,191,Grand-Red
trip_unlinked,mode_train_access_3,192,Granville
trip_unlinked,mode_train_access_3,193,Harrison
trip_unlinked,mode_train_access_3,194,Howard-Red
trip_unlinked,mode_train_access_3,195,Jackson-Red
trip_unlinked,mode_train_access_3,196,Jarvis
trip_unlinked,mode_train_access_3,197,Lake
trip_unlinked,mode_train_access_3,198,Loyola
trip_unlinked,mode_train_access_3,199,Monroe-Red
trip_unlinked,mode_train_access_3,200,Morse
trip_unlinked,mode_train_access_3,201,North/Clybourn
trip_unlinked,mode_train_access_3,202,Roosevelt (Subway)
trip_unlinked,mode_train_access_3,203,Sheridan
trip_unlinked,mode_train_access_3,204,Sox-35th
trip_unlinked,mode_train_access_3,205,Thorndale
trip_unlinked,mode_train_access_3,206,Wilson-North Inner
trip_unlinked,mode_train_access_3,207,Wilson-South Inner
trip_unlinked,mode_train_access_3,208,Dempster-Skokie
trip_unlinked,mode_train_access_3,209,Howard-Yellow
trip_unlinked,mode_train_access_3,210,Oakton-Skokie
trip_unlinked,mode_train_access_3,211,Aurora
trip_unlinked,mode_train_access_3,212,Belmont
trip_unlinked,mode_train_access_3,213,Berwyn
trip_unlinked,mode_train_access_3,214,Brookfield
trip_unlinked,mode_train_access_3,215,Chicago Union Station-BNSF
trip_unlinked,mode_train_access_3,216,Cicero
trip_unlinked,mode_train_access_3,217,Clarendon Hills
trip_unlinked,mode_train_access_3,218,Congress Park
trip_unlinked,mode_train_access_3,219,Downers Grove
trip_unlinked,mode_train_access_3,220,Fairview Ave.
trip_unlinked,mode_train_access_3,221,Halsted Street
trip_unlinked,mode_train_access_3,222,Harlem Ave.
trip_unlinked,mode_train_access_3,223,Highlands
trip_unlinked,mode_train_access_3,224,Hinsdale
trip_unlinked,mode_train_access_3,225,Hollywood
trip_unlinked,mode_train_access_3,226,LaGrange Road
trip_unlinked,mode_train_access_3,227,Lavergne
trip_unlinked,mode_train_access_3,228,Lisle
trip_unlinked,mode_train_access_3,229,Naperville
trip_unlinked,mode_train_access_3,230,Riverside
trip_unlinked,mode_train_access_3,231,Route 59
trip_unlinked,mode_train_access_3,232,Stone Ave.
trip_unlinked,mode_train_access_3,233,West Hinsdale
trip_unlinked,mode_train_access_3,234,Western Avenue
trip_unlinked,mode_train_access_3,235,Western Springs
trip_unlinked,mode_train_access_3,236,Westmont
trip_unlinked,mode_train_access_3,239,Lemont
trip_unlinked,mode_train_access_3,240,Lockport
trip_unlinked,mode_train_access_3,241,Romeoville
trip_unlinked,mode_train_access_3,242,Summit
trip_unlinked,mode_train_access_3,243,Willow Springs
trip_unlinked,mode_train_access_3,244,Chicago Union Station-MN
trip_unlinked,mode_train_access_3,245,Deerfield
trip_unlinked,mode_train_access_3,246,Edgebrook
trip_unlinked,mode_train_access_3,247,Forest Glen
trip_unlinked,mode_train_access_3,248,Fox Lake
trip_unlinked,mode_train_access_3,249,Glen/N. Glenview
trip_unlinked,mode_train_access_3,250,Glenview
trip_unlinked,mode_train_access_3,251,Golf
trip_unlinked,mode_train_access_3,252,Grayland
trip_unlinked,mode_train_access_3,253,Grayslake
trip_unlinked,mode_train_access_3,254,Healy
trip_unlinked,mode_train_access_3,255,Ingleside
trip_unlinked,mode_train_access_3,256,Lake Forest
trip_unlinked,mode_train_access_3,257,Lake-Cook
trip_unlinked,mode_train_access_3,258,Libertyville
trip_unlinked,mode_train_access_3,259,Long Lake
trip_unlinked,mode_train_access_3,260,Mayfair
trip_unlinked,mode_train_access_3,261,Morton Grove
trip_unlinked,mode_train_access_3,262,Northbrook
trip_unlinked,mode_train_access_3,263,Prairie Crossing
trip_unlinked,mode_train_access_3,264,Round Lake
trip_unlinked,mode_train_access_3,265,Western Ave
trip_unlinked,mode_train_access_3,266,Bartlett
trip_unlinked,mode_train_access_3,267,Bensenville
trip_unlinked,mode_train_access_3,268,Big Timber
trip_unlinked,mode_train_access_3,269,Chicago Union Station-MW
trip_unlinked,mode_train_access_3,270,Elgin
trip_unlinked,mode_train_access_3,271,Elmwood Park
trip_unlinked,mode_train_access_3,272,Franklin Park
trip_unlinked,mode_train_access_3,273,Galewood
trip_unlinked,mode_train_access_3,274,Grand/Cicero
trip_unlinked,mode_train_access_3,275,Hanover Park
trip_unlinked,mode_train_access_3,276,Hanson Park
trip_unlinked,mode_train_access_3,277,Itasca
trip_unlinked,mode_train_access_3,278,Mannheim
trip_unlinked,mode_train_access_3,279,Mars
trip_unlinked,mode_train_access_3,280,Medinah
trip_unlinked,mode_train_access_3,281,Mont Clare
trip_unlinked,mode_train_access_3,282,National St
trip_unlinked,mode_train_access_3,284,Roselle
trip_unlinked,mode_train_access_3,285,Schaumburg
trip_unlinked,mode_train_access_3,287,Wood Dale
trip_unlinked,mode_train_access_3,288,107th St.
trip_unlinked,mode_train_access_3,289,111th St. (Pullman)
trip_unlinked,mode_train_access_3,290,18th St.
trip_unlinked,mode_train_access_3,291,211th St.
trip_unlinked,mode_train_access_3,292,27th St.
trip_unlinked,mode_train_access_3,293,47th St. (Kenwood)
trip_unlinked,mode_train_access_3,294,51st/53rd St. (Hyde Park)
trip_unlinked,mode_train_access_3,295,55th - 56th - 57th St.
trip_unlinked,mode_train_access_3,296,59th St. (U. of Chicago)
trip_unlinked,mode_train_access_3,297,63rd St.
trip_unlinked,mode_train_access_3,298,75th St. (Grand Crossing)
trip_unlinked,mode_train_access_3,299,83rd St.
trip_unlinked,mode_train_access_3,300,83rd St. (Avalon Park)
trip_unlinked,mode_train_access_3,301,87th St.
trip_unlinked,mode_train_access_3,302,87th St. (Woodruff)
trip_unlinked,mode_train_access_3,303,91st St.
trip_unlinked,mode_train_access_3,304,95th St.
trip_unlinked,mode_train_access_3,305,Ashland
trip_unlinked,mode_train_access_3,306,Blue Island
trip_unlinked,mode_train_access_3,308,Burr Oak
trip_unlinked,mode_train_access_3,309,Calumet
trip_unlinked,mode_train_access_3,310,Cheltenham (79th St.)
trip_unlinked,mode_train_access_3,311,Flossmoor
trip_unlinked,mode_train_access_3,312,Harvey
trip_unlinked,mode_train_access_3,313,Hazel Crest
trip_unlinked,mode_train_access_3,314,Homewood
trip_unlinked,mode_train_access_3,315,Ivanhoe
trip_unlinked,mode_train_access_3,316,Kensington
trip_unlinked,mode_train_access_3,317,Matteson
trip_unlinked,mode_train_access_3,319,Millennium Station-ME
trip_unlinked,mode_train_access_3,320,Museum Campus/11th St.
trip_unlinked,mode_train_access_3,321,Olympia Fields
trip_unlinked,mode_train_access_3,323,Richton Park
trip_unlinked,mode_train_access_3,324,Riverdale
trip_unlinked,mode_train_access_3,325,South Chicago (93rd)
trip_unlinked,mode_train_access_3,326,South Shore
trip_unlinked,mode_train_access_3,327,State St.
trip_unlinked,mode_train_access_3,328,Stewart Ridge
trip_unlinked,mode_train_access_3,329,Stony Island
trip_unlinked,mode_train_access_3,330,University Park
trip_unlinked,mode_train_access_3,331,Van Buren St.
trip_unlinked,mode_train_access_3,332,West Pullman
trip_unlinked,mode_train_access_3,333,Windsor Park
trip_unlinked,mode_train_access_3,334,Antioch
trip_unlinked,mode_train_access_3,335,Buffalo Grove
trip_unlinked,mode_train_access_3,336,Chicago Union Station-NCS
trip_unlinked,mode_train_access_3,337,Franklin Pk
trip_unlinked,mode_train_access_3,338,Lake Villa
trip_unlinked,mode_train_access_3,339,Mundelein
trip_unlinked,mode_train_access_3,340,OHare Transfer
trip_unlinked,mode_train_access_3,341,Prairie Crossing.
trip_unlinked,mode_train_access_3,342,Prairie View
trip_unlinked,mode_train_access_3,343,Prospect Hts
trip_unlinked,mode_train_access_3,346,Round Lake Beach
trip_unlinked,mode_train_access_3,347,Schiller Park
trip_unlinked,mode_train_access_3,348,Vernon Hills
trip_unlinked,mode_train_access_3,349,Washington St (Grayslake)
trip_unlinked,mode_train_access_3,351,Wheeling
trip_unlinked,mode_train_access_3,352,103rd St. - Beverly Hills
trip_unlinked,mode_train_access_3,353,103rd St.-Washington Hts.
trip_unlinked,mode_train_access_3,354,107th St. - Beverly Hills
trip_unlinked,mode_train_access_3,355,111th St. - Morgan Park
trip_unlinked,mode_train_access_3,356,115th St. - Morgan Park
trip_unlinked,mode_train_access_3,357,119th St.
trip_unlinked,mode_train_access_3,358,123rd St.
trip_unlinked,mode_train_access_3,359,35th St. - Lou Jones
trip_unlinked,mode_train_access_3,360,91st St. - Beverly Hills
trip_unlinked,mode_train_access_3,361,95th St. - Beverly Hills
trip_unlinked,mode_train_access_3,362,95th St.-Longwood
trip_unlinked,mode_train_access_3,363,99th St. - Beverly Hills
trip_unlinked,mode_train_access_3,364,Blue Island-Vermont
trip_unlinked,mode_train_access_3,365,Brainerd
trip_unlinked,mode_train_access_3,366,Gresham
trip_unlinked,mode_train_access_3,367,Hickory Creek
trip_unlinked,mode_train_access_3,368,Joliet
trip_unlinked,mode_train_access_3,369,LaSalle Street
trip_unlinked,mode_train_access_3,370,Midlothian
trip_unlinked,mode_train_access_3,371,Mokena
trip_unlinked,mode_train_access_3,372,New Lenox
trip_unlinked,mode_train_access_3,373,Oak Forest
trip_unlinked,mode_train_access_3,374,Prairie St.
trip_unlinked,mode_train_access_3,375,Robbins
trip_unlinked,mode_train_access_3,376,Tinley Park
trip_unlinked,mode_train_access_3,377,Tinley-80th
trip_unlinked,mode_train_access_3,378,Ashburn
trip_unlinked,mode_train_access_3,379,Chicago Ridge
trip_unlinked,mode_train_access_3,380,Chicago Union Station-SS
trip_unlinked,mode_train_access_3,381,Laraway Road
trip_unlinked,mode_train_access_3,382,Manhattan
trip_unlinked,mode_train_access_3,383,Oak Lawn Patriot
trip_unlinked,mode_train_access_3,384,Orland Park 143rd
trip_unlinked,mode_train_access_3,385,Orland Park 153rd
trip_unlinked,mode_train_access_3,386,Orland Park 179th
trip_unlinked,mode_train_access_3,387,Palos Heights
trip_unlinked,mode_train_access_3,388,Palos Park
trip_unlinked,mode_train_access_3,389,Worth
trip_unlinked,mode_train_access_3,390,Wrightwood
trip_unlinked,mode_train_access_3,391,Braeside
trip_unlinked,mode_train_access_3,392,Central St.
trip_unlinked,mode_train_access_3,393,Chicago OTC-UPN
trip_unlinked,mode_train_access_3,394,Clybourn
trip_unlinked,mode_train_access_3,395,Evanston (Davis St.)
trip_unlinked,mode_train_access_3,396,Fort Sheridan
trip_unlinked,mode_train_access_3,397,Glencoe
trip_unlinked,mode_train_access_3,398,Great Lakes
trip_unlinked,mode_train_access_3,399,Highland Park
trip_unlinked,mode_train_access_3,400,Highwood
trip_unlinked,mode_train_access_3,401,Hubbard Woods
trip_unlinked,mode_train_access_3,402,Indian Hill
trip_unlinked,mode_train_access_3,403,Kenilworth
trip_unlinked,mode_train_access_3,404,Kenosha
trip_unlinked,mode_train_access_3,405,Lake Bluff
trip_unlinked,mode_train_access_3,406,Lake Forest.
trip_unlinked,mode_train_access_3,407,Main St.
trip_unlinked,mode_train_access_3,408,North Chicago
trip_unlinked,mode_train_access_3,409,Ravenswood
trip_unlinked,mode_train_access_3,410,Ravinia
trip_unlinked,mode_train_access_3,411,Ravinia Park
trip_unlinked,mode_train_access_3,412,Rogers Park
trip_unlinked,mode_train_access_3,413,Waukegan
trip_unlinked,mode_train_access_3,414,Wilmette
trip_unlinked,mode_train_access_3,415,Winnetka
trip_unlinked,mode_train_access_3,416,Winthrop Harbor
trip_unlinked,mode_train_access_3,417,Zion
trip_unlinked,mode_train_access_3,418,Arlington Heights
trip_unlinked,mode_train_access_3,419,Arlington Park
trip_unlinked,mode_train_access_3,420,Barrington
trip_unlinked,mode_train_access_3,421,Cary
trip_unlinked,mode_train_access_3,422,Chicago OTC-UPNW
trip_unlinked,mode_train_access_3,424,Crystal Lake
trip_unlinked,mode_train_access_3,426,Dee Road
trip_unlinked,mode_train_access_3,427,Des Plaines
trip_unlinked,mode_train_access_3,428,Edison Park
trip_unlinked,mode_train_access_3,429,Fox River Grove
trip_unlinked,mode_train_access_3,430,Gladstone Park
trip_unlinked,mode_train_access_3,431,Harvard
trip_unlinked,mode_train_access_3,432,Irving Park
trip_unlinked,mode_train_access_3,434,McHenry
trip_unlinked,mode_train_access_3,435,Mt. Prospect
trip_unlinked,mode_train_access_3,436,Norwood Park
trip_unlinked,mode_train_access_3,437,Palatine
trip_unlinked,mode_train_access_3,438,Park Ridge
trip_unlinked,mode_train_access_3,439,Pingree Road
trip_unlinked,mode_train_access_3,440,Woodstock
trip_unlinked,mode_train_access_3,441,Bellwood
trip_unlinked,mode_train_access_3,442,Berkeley
trip_unlinked,mode_train_access_3,443,Chicago OTC-UPW
trip_unlinked,mode_train_access_3,444,College Ave
trip_unlinked,mode_train_access_3,445,Elburn
trip_unlinked,mode_train_access_3,446,Elmhurst
trip_unlinked,mode_train_access_3,447,Geneva
trip_unlinked,mode_train_access_3,448,Glen Ellyn
trip_unlinked,mode_train_access_3,449,Kedzie
trip_unlinked,mode_train_access_3,450,La Fox
trip_unlinked,mode_train_access_3,451,Lombard
trip_unlinked,mode_train_access_3,452,Maywood
trip_unlinked,mode_train_access_3,453,Melrose Park
trip_unlinked,mode_train_access_3,454,Oak Park
trip_unlinked,mode_train_access_3,455,River Forest
trip_unlinked,mode_train_access_3,456,Villa Park
trip_unlinked,mode_train_access_3,457,West Chicago
trip_unlinked,mode_train_access_3,458,Wheaton
trip_unlinked,mode_train_access_3,459,Winfield
trip_unlinked,mode_train_access_3,460,11th St. (Michigan City)
trip_unlinked,mode_train_access_3,461,57th St.
trip_unlinked,mode_train_access_3,463,Beverly Shores
trip_unlinked,mode_train_access_3,464,Carroll Ave. (Michigan City)
trip_unlinked,mode_train_access_3,465,Dune Park
trip_unlinked,mode_train_access_3,466,East Chicago
trip_unlinked,mode_train_access_3,467,Gary Metro Center
trip_unlinked,mode_train_access_3,468,Gary/Chicago Airport
trip_unlinked,mode_train_access_3,469,Hammond
trip_unlinked,mode_train_access_3,470,Hegewisch
trip_unlinked,mode_train_access_3,471,Hudson Lake
trip_unlinked,mode_train_access_3,473,Millennium Station-NICTD
trip_unlinked,mode_train_access_3,474,Miller
trip_unlinked,mode_train_access_3,476,Portage/Ogden Dunes
trip_unlinked,mode_train_access_3,477,South Bend Airport
trip_unlinked,mode_train_access_3,479,Damen-Green
trip_unlinked,mode_train_access_3,995,Missing Response
trip_unlinked,mode_train_egress_3,21,Addison-Blue
trip_unlinked,mode_train_egress_3,22,Austin-Blue
trip_unlinked,mode_train_egress_3,23,Belmont-Blue
trip_unlinked,mode_train_egress_3,24,California-O'Hare
trip_unlinked,mode_train_egress_3,25,Chicago-Blue
trip_unlinked,mode_train_egress_3,26,Cicero-Forest Park
trip_unlinked,mode_train_egress_3,27,Clark/Lake (Subway)
trip_unlinked,mode_train_egress_3,28,Clinton-Blue
trip_unlinked,mode_train_egress_3,29,Cumberland
trip_unlinked,mode_train_egress_3,30,Damen-O'Hare
trip_unlinked,mode_train_egress_3,31,Division
trip_unlinked,mode_train_egress_3,32,Forest Park
trip_unlinked,mode_train_egress_3,33,Grand-Blue
trip_unlinked,mode_train_egress_3,34,Harlem-Forest Park
trip_unlinked,mode_train_egress_3,35,Harlem-O'Hare
trip_unlinked,mode_train_egress_3,36,Illinois Medical District
trip_unlinked,mode_train_egress_3,37,Irving Park-Blue
trip_unlinked,mode_train_egress_3,38,Jackson-Blue
trip_unlinked,mode_train_egress_3,39,Jefferson Park
trip_unlinked,mode_train_egress_3,40,Kedzie-Homan
trip_unlinked,mode_train_egress_3,41,LaSalle
trip_unlinked,mode_train_egress_3,42,Logan Square
trip_unlinked,mode_train_egress_3,43,Monroe-Blue
trip_unlinked,mode_train_egress_3,44,Montrose-Blue
trip_unlinked,mode_train_egress_3,45,O'Hare
trip_unlinked,mode_train_egress_3,46,Oak Park-Blue
trip_unlinked,mode_train_egress_3,47,Pulaski-Forest Park
trip_unlinked,mode_train_egress_3,48,Racine
trip_unlinked,mode_train_egress_3,49,Rosemont
trip_unlinked,mode_train_egress_3,50,UIC-Halsted
trip_unlinked,mode_train_egress_3,51,Washington-Blue
trip_unlinked,mode_train_egress_3,52,Western-Forest Park
trip_unlinked,mode_train_egress_3,53,Western-O'Hare
trip_unlinked,mode_train_egress_3,54,Adams/Wabash-Brown
trip_unlinked,mode_train_egress_3,55,Addison-Brown
trip_unlinked,mode_train_egress_3,56,Armitage-Brown
trip_unlinked,mode_train_egress_3,57,Belmont-Brown
trip_unlinked,mode_train_egress_3,58,Chicago-Brown
trip_unlinked,mode_train_egress_3,59,Clark/Lake (Elevated)-Brown
trip_unlinked,mode_train_egress_3,60,Damen-Brown
trip_unlinked,mode_train_egress_3,61,Diversey-Brown
trip_unlinked,mode_train_egress_3,62,Francisco
trip_unlinked,mode_train_egress_3,63,Fullerton-Brown
trip_unlinked,mode_train_egress_3,64,Harold Washington Library-Brown
trip_unlinked,mode_train_egress_3,65,Irving Park-Brown
trip_unlinked,mode_train_egress_3,66,Kedzie-Brown
trip_unlinked,mode_train_egress_3,67,Kimball
trip_unlinked,mode_train_egress_3,68,LaSalle/Van Buren-Brown
trip_unlinked,mode_train_egress_3,69,Merchandise Mart-Brown
trip_unlinked,mode_train_egress_3,70,Montrose-Brown
trip_unlinked,mode_train_egress_3,71,Paulina
trip_unlinked,mode_train_egress_3,72,Quincy-Brown
trip_unlinked,mode_train_egress_3,73,Rockwell
trip_unlinked,mode_train_egress_3,74,Sedgwick-Brown
trip_unlinked,mode_train_egress_3,75,Southport
trip_unlinked,mode_train_egress_3,76,State/Lake-Brown
trip_unlinked,mode_train_egress_3,77,Washington/Wabash-Brown
trip_unlinked,mode_train_egress_3,78,Washington/Wells-Brown
trip_unlinked,mode_train_egress_3,79,Wellington-Brown
trip_unlinked,mode_train_egress_3,80,Western-Brown
trip_unlinked,mode_train_egress_3,81,35-Bronzeville-IIT
trip_unlinked,mode_train_egress_3,82,43rd
trip_unlinked,mode_train_egress_3,83,47th-Green
trip_unlinked,mode_train_egress_3,84,51st
trip_unlinked,mode_train_egress_3,85,Adams/Wabash-Green
trip_unlinked,mode_train_egress_3,86,Ashland-Lake-Green
trip_unlinked,mode_train_egress_3,87,Ashland/63rd
trip_unlinked,mode_train_egress_3,88,Austin-Green
trip_unlinked,mode_train_egress_3,89,California-Green
trip_unlinked,mode_train_egress_3,90,Central-Green
trip_unlinked,mode_train_egress_3,91,Cermak-McCormick Place
trip_unlinked,mode_train_egress_3,92,Cicero-Green
trip_unlinked,mode_train_egress_3,93,Clark/Lake (Elevated)-Green
trip_unlinked,mode_train_egress_3,94,Clinton-Green
trip_unlinked,mode_train_egress_3,95,Conservatory
trip_unlinked,mode_train_egress_3,96,East 63rd-Cottage Grove
trip_unlinked,mode_train_egress_3,97,Garfield-Green
trip_unlinked,mode_train_egress_3,98,Halsted-Green
trip_unlinked,mode_train_egress_3,99,Harlem-Green
trip_unlinked,mode_train_egress_3,100,Indiana
trip_unlinked,mode_train_egress_3,101,Kedzie-Green
trip_unlinked,mode_train_egress_3,102,King Drive
trip_unlinked,mode_train_egress_3,103,Laramie
trip_unlinked,mode_train_egress_3,104,Morgan-Green
trip_unlinked,mode_train_egress_3,105,Oak Park-Green
trip_unlinked,mode_train_egress_3,106,Pulaski-Green
trip_unlinked,mode_train_egress_3,107,Ridgeland
trip_unlinked,mode_train_egress_3,108,Roosevelt (Elevated)-Green
trip_unlinked,mode_train_egress_3,109,State/Lake-Green
trip_unlinked,mode_train_egress_3,110,Washington/Wabash-Green
trip_unlinked,mode_train_egress_3,111,35th/Archer
trip_unlinked,mode_train_egress_3,112,Adams/Wabash-Orange
trip_unlinked,mode_train_egress_3,113,Ashland-Orange
trip_unlinked,mode_train_egress_3,114,Clark/Lake (Elevated)-Orange
trip_unlinked,mode_train_egress_3,115,Halsted-Orange
trip_unlinked,mode_train_egress_3,116,Harold Washington Library-Orange
trip_unlinked,mode_train_egress_3,117,Kedzie-Orange
trip_unlinked,mode_train_egress_3,118,LaSalle/Van Buren-Orange
trip_unlinked,mode_train_egress_3,119,Midway
trip_unlinked,mode_train_egress_3,120,Pulaski-Orange
trip_unlinked,mode_train_egress_3,121,Quincy-Orange
trip_unlinked,mode_train_egress_3,122,Roosevelt (Elevated)-Orange
trip_unlinked,mode_train_egress_3,123,State/Lake-Orange
trip_unlinked,mode_train_egress_3,124,Washington/Wabash-Orange
trip_unlinked,mode_train_egress_3,125,Washington/Wells-Orange
trip_unlinked,mode_train_egress_3,126,Western-Orange
trip_unlinked,mode_train_egress_3,127,Adams/Wabash-Purple
trip_unlinked,mode_train_egress_3,128,Armitage-Purple
trip_unlinked,mode_train_egress_3,129,Belmont-Purple
trip_unlinked,mode_train_egress_3,130,Central-Purple
trip_unlinked,mode_train_egress_3,131,Chicago-Purple
trip_unlinked,mode_train_egress_3,132,Clark/Lake (Elevated)-Purple
trip_unlinked,mode_train_egress_3,133,Davis
trip_unlinked,mode_train_egress_3,134,Dempster
trip_unlinked,mode_train_egress_3,135,Diversey-Purple
trip_unlinked,mode_train_egress_3,136,Foster
trip_unlinked,mode_train_egress_3,137,Fullerton-Purple
trip_unlinked,mode_train_egress_3,138,Harold Washington Library-Purple
trip_unlinked,mode_train_egress_3,139,Howard-Purple
trip_unlinked,mode_train_egress_3,140,LaSalle/Van Buren-Purple
trip_unlinked,mode_train_egress_3,141,Linden
trip_unlinked,mode_train_egress_3,142,Main
trip_unlinked,mode_train_egress_3,143,Merchandise Mart-Purple
trip_unlinked,mode_train_egress_3,144,Noyes
trip_unlinked,mode_train_egress_3,145,Quincy-Purple
trip_unlinked,mode_train_egress_3,146,Sedgwick-Purple
trip_unlinked,mode_train_egress_3,147,South Boulevard
trip_unlinked,mode_train_egress_3,148,State/Lake-Purple
trip_unlinked,mode_train_egress_3,149,Washington/Wabash-Purple
trip_unlinked,mode_train_egress_3,150,Washington/Wells-Purple
trip_unlinked,mode_train_egress_3,151,Wellington-Purple
trip_unlinked,mode_train_egress_3,152,Wilson-North Outer
trip_unlinked,mode_train_egress_3,153,Wilson-South Outer
trip_unlinked,mode_train_egress_3,154,18th
trip_unlinked,mode_train_egress_3,155,54th/Cermak
trip_unlinked,mode_train_egress_3,156,Adams/Wabash-Pink
trip_unlinked,mode_train_egress_3,157,Ashland-Lake-Pink
trip_unlinked,mode_train_egress_3,158,California-Cermak
trip_unlinked,mode_train_egress_3,159,Central Park
trip_unlinked,mode_train_egress_3,160,Cicero-Cermak
trip_unlinked,mode_train_egress_3,161,Clark/Lake (Elevated)-Pink
trip_unlinked,mode_train_egress_3,162,Clinton-Pink
trip_unlinked,mode_train_egress_3,163,Damen-Cermak
trip_unlinked,mode_train_egress_3,164,Harold Washington Library
trip_unlinked,mode_train_egress_3,165,Kedzie-Cermak
trip_unlinked,mode_train_egress_3,166,Kostner
trip_unlinked,mode_train_egress_3,167,LaSalle/Van Buren-Pink
trip_unlinked,mode_train_egress_3,168,Morgan-Pink
trip_unlinked,mode_train_egress_3,169,Polk
trip_unlinked,mode_train_egress_3,170,Pulaski-Cermak
trip_unlinked,mode_train_egress_3,171,Quincy-Pink
trip_unlinked,mode_train_egress_3,172,State/Lake-Pink
trip_unlinked,mode_train_egress_3,173,Washington/Wabash-Pink
trip_unlinked,mode_train_egress_3,174,Washington/Wells-Pink
trip_unlinked,mode_train_egress_3,175,Western-Cermak
trip_unlinked,mode_train_egress_3,176,47th-Red
trip_unlinked,mode_train_egress_3,177,63rd
trip_unlinked,mode_train_egress_3,178,69th
trip_unlinked,mode_train_egress_3,179,79th
trip_unlinked,mode_train_egress_3,180,87th
trip_unlinked,mode_train_egress_3,181,95th
trip_unlinked,mode_train_egress_3,182,Addison-Red
trip_unlinked,mode_train_egress_3,183,Argyle
trip_unlinked,mode_train_egress_3,184,Belmont-Red
trip_unlinked,mode_train_egress_3,185,Bryn Mawr
trip_unlinked,mode_train_egress_3,186,Cermak-Chinatown
trip_unlinked,mode_train_egress_3,187,Chicago-Red
trip_unlinked,mode_train_egress_3,188,Clark/Division
trip_unlinked,mode_train_egress_3,189,Fullerton-Red
trip_unlinked,mode_train_egress_3,190,Garfield-Red
trip_unlinked,mode_train_egress_3,191,Grand-Red
trip_unlinked,mode_train_egress_3,192,Granville
trip_unlinked,mode_train_egress_3,193,Harrison
trip_unlinked,mode_train_egress_3,194,Howard-Red
trip_unlinked,mode_train_egress_3,195,Jackson-Red
trip_unlinked,mode_train_egress_3,196,Jarvis
trip_unlinked,mode_train_egress_3,197,Lake
trip_unlinked,mode_train_egress_3,198,Loyola
trip_unlinked,mode_train_egress_3,199,Monroe-Red
trip_unlinked,mode_train_egress_3,200,Morse
trip_unlinked,mode_train_egress_3,201,North/Clybourn
trip_unlinked,mode_train_egress_3,202,Roosevelt (Subway)
trip_unlinked,mode_train_egress_3,203,Sheridan
trip_unlinked,mode_train_egress_3,204,Sox-35th
trip_unlinked,mode_train_egress_3,205,Thorndale
trip_unlinked,mode_train_egress_3,206,Wilson-North Inner
trip_unlinked,mode_train_egress_3,207,Wilson-South Inner
trip_unlinked,mode_train_egress_3,208,Dempster-Skokie
trip_unlinked,mode_train_egress_3,209,Howard-Yellow
trip_unlinked,mode_train_egress_3,210,Oakton-Skokie
trip_unlinked,mode_train_egress_3,211,Aurora
trip_unlinked,mode_train_egress_3,212,Belmont
trip_unlinked,mode_train_egress_3,213,Berwyn
trip_unlinked,mode_train_egress_3,214,Brookfield
trip_unlinked,mode_train_egress_3,215,Chicago Union Station-BNSF
trip_unlinked,mode_train_egress_3,216,Cicero
trip_unlinked,mode_train_egress_3,217,Clarendon Hills
trip_unlinked,mode_train_egress_3,218,Congress Park
trip_unlinked,mode_train_egress_3,219,Downers Grove
trip_unlinked,mode_train_egress_3,220,Fairview Ave.
trip_unlinked,mode_train_egress_3,221,Halsted Street
trip_unlinked,mode_train_egress_3,222,Harlem Ave.
trip_unlinked,mode_train_egress_3,223,Highlands
trip_unlinked,mode_train_egress_3,224,Hinsdale
trip_unlinked,mode_train_egress_3,225,Hollywood
trip_unlinked,mode_train_egress_3,226,LaGrange Road
trip_unlinked,mode_train_egress_3,227,Lavergne
trip_unlinked,mode_train_egress_3,228,Lisle
trip_unlinked,mode_train_egress_3,229,Naperville
trip_unlinked,mode_train_egress_3,230,Riverside
trip_unlinked,mode_train_egress_3,231,Route 59
trip_unlinked,mode_train_egress_3,232,Stone Ave.
trip_unlinked,mode_train_egress_3,233,West Hinsdale
trip_unlinked,mode_train_egress_3,234,Western Avenue
trip_unlinked,mode_train_egress_3,235,Western Springs
trip_unlinked,mode_train_egress_3,236,Westmont
trip_unlinked,mode_train_egress_3,239,Lemont
trip_unlinked,mode_train_egress_3,240,Lockport
trip_unlinked,mode_train_egress_3,241,Romeoville
trip_unlinked,mode_train_egress_3,242,Summit
trip_unlinked,mode_train_egress_3,243,Willow Springs
trip_unlinked,mode_train_egress_3,244,Chicago Union Station-MN
trip_unlinked,mode_train_egress_3,245,Deerfield
trip_unlinked,mode_train_egress_3,246,Edgebrook
trip_unlinked,mode_train_egress_3,247,Forest Glen
trip_unlinked,mode_train_egress_3,248,Fox Lake
trip_unlinked,mode_train_egress_3,249,Glen/N. Glenview
trip_unlinked,mode_train_egress_3,250,Glenview
trip_unlinked,mode_train_egress_3,251,Golf
trip_unlinked,mode_train_egress_3,252,Grayland
trip_unlinked,mode_train_egress_3,253,Grayslake
trip_unlinked,mode_train_egress_3,254,Healy
trip_unlinked,mode_train_egress_3,255,Ingleside
trip_unlinked,mode_train_egress_3,256,Lake Forest
trip_unlinked,mode_train_egress_3,257,Lake-Cook
trip_unlinked,mode_train_egress_3,258,Libertyville
trip_unlinked,mode_train_egress_3,259,Long Lake
trip_unlinked,mode_train_egress_3,260,Mayfair
trip_unlinked,mode_train_egress_3,261,Morton Grove
trip_unlinked,mode_train_egress_3,262,Northbrook
trip_unlinked,mode_train_egress_3,263,Prairie Crossing
trip_unlinked,mode_train_egress_3,264,Round Lake
trip_unlinked,mode_train_egress_3,265,Western Ave
trip_unlinked,mode_train_egress_3,266,Bartlett
trip_unlinked,mode_train_egress_3,267,Bensenville
trip_unlinked,mode_train_egress_3,268,Big Timber
trip_unlinked,mode_train_egress_3,269,Chicago Union Station-MW
trip_unlinked,mode_train_egress_3,270,Elgin
trip_unlinked,mode_train_egress_3,271,Elmwood Park
trip_unlinked,mode_train_egress_3,272,Franklin Park
trip_unlinked,mode_train_egress_3,273,Galewood
trip_unlinked,mode_train_egress_3,274,Grand/Cicero
trip_unlinked,mode_train_egress_3,275,Hanover Park
trip_unlinked,mode_train_egress_3,276,Hanson Park
trip_unlinked,mode_train_egress_3,277,Itasca
trip_unlinked,mode_train_egress_3,278,Mannheim
trip_unlinked,mode_train_egress_3,279,Mars
trip_unlinked,mode_train_egress_3,280,Medinah
trip_unlinked,mode_train_egress_3,281,Mont Clare
trip_unlinked,mode_train_egress_3,282,National St
trip_unlinked,mode_train_egress_3,284,Roselle
trip_unlinked,mode_train_egress_3,285,Schaumburg
trip_unlinked,mode_train_egress_3,287,Wood Dale
trip_unlinked,mode_train_egress_3,288,107th St.
trip_unlinked,mode_train_egress_3,289,111th St. (Pullman)
trip_unlinked,mode_train_egress_3,290,18th St.
trip_unlinked,mode_train_egress_3,291,211th St.
trip_unlinked,mode_train_egress_3,292,27th St.
trip_unlinked,mode_train_egress_3,293,47th St. (Kenwood)
trip_unlinked,mode_train_egress_3,294,51st/53rd St. (Hyde Park)
trip_unlinked,mode_train_egress_3,295,55th - 56th - 57th St.
trip_unlinked,mode_train_egress_3,296,59th St. (U. of Chicago)
trip_unlinked,mode_train_egress_3,297,63rd St.
trip_unlinked,mode_train_egress_3,298,75th St. (Grand Crossing)
trip_unlinked,mode_train_egress_3,299,83rd St.
trip_unlinked,mode_train_egress_3,300,83rd St. (Avalon Park)
trip_unlinked,mode_train_egress_3,301,87th St.
trip_unlinked,mode_train_egress_3,302,87th St. (Woodruff)
trip_unlinked,mode_train_egress_3,303,91st St.
trip_unlinked,mode_train_egress_3,304,95th St.
trip_unlinked,mode_train_egress_3,305,Ashland
trip_unlinked,mode_train_egress_3,306,Blue Island
trip_unlinked,mode_train_egress_3,308,Burr Oak
trip_unlinked,mode_train_egress_3,309,Calumet
trip_unlinked,mode_train_egress_3,310,Cheltenham (79th St.)
trip_unlinked,mode_train_egress_3,311,Flossmoor
trip_unlinked,mode_train_egress_3,312,Harvey
trip_unlinked,mode_train_egress_3,313,Hazel Crest
trip_unlinked,mode_train_egress_3,314,Homewood
trip_unlinked,mode_train_egress_3,315,Ivanhoe
trip_unlinked,mode_train_egress_3,316,Kensington
trip_unlinked,mode_train_egress_3,317,Matteson
trip_unlinked,mode_train_egress_3,319,Millennium Station-ME
trip_unlinked,mode_train_egress_3,320,Museum Campus/11th St.
trip_unlinked,mode_train_egress_3,321,Olympia Fields
trip_unlinked,mode_train_egress_3,323,Richton Park
trip_unlinked,mode_train_egress_3,324,Riverdale
trip_unlinked,mode_train_egress_3,325,South Chicago (93rd)
trip_unlinked,mode_train_egress_3,326,South Shore
trip_unlinked,mode_train_egress_3,327,State St.
trip_unlinked,mode_train_egress_3,328,Stewart Ridge
trip_unlinked,mode_train_egress_3,329,Stony Island
trip_unlinked,mode_train_egress_3,330,University Park
trip_unlinked,mode_train_egress_3,331,Van Buren St.
trip_unlinked,mode_train_egress_3,332,West Pullman
trip_unlinked,mode_train_egress_3,333,Windsor Park
trip_unlinked,mode_train_egress_3,334,Antioch
trip_unlinked,mode_train_egress_3,335,Buffalo Grove
trip_unlinked,mode_train_egress_3,336,Chicago Union Station-NCS
trip_unlinked,mode_train_egress_3,337,Franklin Pk
trip_unlinked,mode_train_egress_3,338,Lake Villa
trip_unlinked,mode_train_egress_3,339,Mundelein
trip_unlinked,mode_train_egress_3,340,OHare Transfer
trip_unlinked,mode_train_egress_3,341,Prairie Crossing.
trip_unlinked,mode_train_egress_3,342,Prairie View
trip_unlinked,mode_train_egress_3,343,Prospect Hts
trip_unlinked,mode_train_egress_3,346,Round Lake Beach
trip_unlinked,mode_train_egress_3,347,Schiller Park
trip_unlinked,mode_train_egress_3,348,Vernon Hills
trip_unlinked,mode_train_egress_3,349,Washington St (Grayslake)
trip_unlinked,mode_train_egress_3,351,Wheeling
trip_unlinked,mode_train_egress_3,352,103rd St. - Beverly Hills
trip_unlinked,mode_train_egress_3,353,103rd St.-Washington Hts.
trip_unlinked,mode_train_egress_3,354,107th St. - Beverly Hills
trip_unlinked,mode_train_egress_3,355,111th St. - Morgan Park
trip_unlinked,mode_train_egress_3,356,115th St. - Morgan Park
trip_unlinked,mode_train_egress_3,357,119th St.
trip_unlinked,mode_train_egress_3,358,123rd St.
trip_unlinked,mode_train_egress_3,359,35th St. - Lou Jones
trip_unlinked,mode_train_egress_3,360,91st St. - Beverly Hills
trip_unlinked,mode_train_egress_3,361,95th St. - Beverly Hills
trip_unlinked,mode_train_egress_3,362,95th St.-Longwood
trip_unlinked,mode_train_egress_3,363,99th St. - Beverly Hills
trip_unlinked,mode_train_egress_3,364,Blue Island-Vermont
trip_unlinked,mode_train_egress_3,365,Brainerd
trip_unlinked,mode_train_egress_3,366,Gresham
trip_unlinked,mode_train_egress_3,367,Hickory Creek
trip_unlinked,mode_train_egress_3,368,Joliet
trip_unlinked,mode_train_egress_3,369,LaSalle Street
trip_unlinked,mode_train_egress_3,370,Midlothian
trip_unlinked,mode_train_egress_3,371,Mokena
trip_unlinked,mode_train_egress_3,372,New Lenox
trip_unlinked,mode_train_egress_3,373,Oak Forest
trip_unlinked,mode_train_egress_3,374,Prairie St.
trip_unlinked,mode_train_egress_3,375,Robbins
trip_unlinked,mode_train_egress_3,376,Tinley Park
trip_unlinked,mode_train_egress_3,377,Tinley-80th
trip_unlinked,mode_train_egress_3,378,Ashburn
trip_unlinked,mode_train_egress_3,379,Chicago Ridge
trip_unlinked,mode_train_egress_3,380,Chicago Union Station-SS
trip_unlinked,mode_train_egress_3,381,Laraway Road
trip_unlinked,mode_train_egress_3,382,Manhattan
trip_unlinked,mode_train_egress_3,383,Oak Lawn Patriot
trip_unlinked,mode_train_egress_3,384,Orland Park 143rd
trip_unlinked,mode_train_egress_3,385,Orland Park 153rd
trip_unlinked,mode_train_egress_3,386,Orland Park 179th
trip_unlinked,mode_train_egress_3,387,Palos Heights
trip_unlinked,mode_train_egress_3,388,Palos Park
trip_unlinked,mode_train_egress_3,389,Worth
trip_unlinked,mode_train_egress_3,390,Wrightwood
trip_unlinked,mode_train_egress_3,391,Braeside
trip_unlinked,mode_train_egress_3,392,Central St.
trip_unlinked,mode_train_egress_3,393,Chicago OTC-UPN
trip_unlinked,mode_train_egress_3,394,Clybourn
trip_unlinked,mode_train_egress_3,395,Evanston (Davis St.)
trip_unlinked,mode_train_egress_3,396,Fort Sheridan
trip_unlinked,mode_train_egress_3,397,Glencoe
trip_unlinked,mode_train_egress_3,398,Great Lakes
trip_unlinked,mode_train_egress_3,399,Highland Park
trip_unlinked,mode_train_egress_3,400,Highwood
trip_unlinked,mode_train_egress_3,401,Hubbard Woods
trip_unlinked,mode_train_egress_3,402,Indian Hill
trip_unlinked,mode_train_egress_3,403,Kenilworth
trip_unlinked,mode_train_egress_3,404,Kenosha
trip_unlinked,mode_train_egress_3,405,Lake Bluff
trip_unlinked,mode_train_egress_3,406,Lake Forest.
trip_unlinked,mode_train_egress_3,407,Main St.
trip_unlinked,mode_train_egress_3,408,North Chicago
trip_unlinked,mode_train_egress_3,409,Ravenswood
trip_unlinked,mode_train_egress_3,410,Ravinia
trip_unlinked,mode_train_egress_3,411,Ravinia Park
trip_unlinked,mode_train_egress_3,412,Rogers Park
trip_unlinked,mode_train_egress_3,413,Waukegan
trip_unlinked,mode_train_egress_3,414,Wilmette
trip_unlinked,mode_train_egress_3,415,Winnetka
trip_unlinked,mode_train_egress_3,416,Winthrop Harbor
trip_unlinked,mode_train_egress_3,417,Zion
trip_unlinked,mode_train_egress_3,418,Arlington Heights
trip_unlinked,mode_train_egress_3,419,Arlington Park
trip_unlinked,mode_train_egress_3,420,Barrington
trip_unlinked,mode_train_egress_3,421,Cary
trip_unlinked,mode_train_egress_3,422,Chicago OTC-UPNW
trip_unlinked,mode_train_egress_3,424,Crystal Lake
trip_unlinked,mode_train_egress_3,426,Dee Road
trip_unlinked,mode_train_egress_3,427,Des Plaines
trip_unlinked,mode_train_egress_3,428,Edison Park
trip_unlinked,mode_train_egress_3,429,Fox River Grove
trip_unlinked,mode_train_egress_3,430,Gladstone Park
trip_unlinked,mode_train_egress_3,431,Harvard
trip_unlinked,mode_train_egress_3,432,Irving Park
trip_unlinked,mode_train_egress_3,434,McHenry
trip_unlinked,mode_train_egress_3,435,Mt. Prospect
trip_unlinked,mode_train_egress_3,436,Norwood Park
trip_unlinked,mode_train_egress_3,437,Palatine
trip_unlinked,mode_train_egress_3,438,Park Ridge
trip_unlinked,mode_train_egress_3,439,Pingree Road
trip_unlinked,mode_train_egress_3,440,Woodstock
trip_unlinked,mode_train_egress_3,441,Bellwood
trip_unlinked,mode_train_egress_3,442,Berkeley
trip_unlinked,mode_train_egress_3,443,Chicago OTC-UPW
trip_unlinked,mode_train_egress_3,444,College Ave
trip_unlinked,mode_train_egress_3,445,Elburn
trip_unlinked,mode_train_egress_3,446,Elmhurst
trip_unlinked,mode_train_egress_3,447,Geneva
trip_unlinked,mode_train_egress_3,448,Glen Ellyn
trip_unlinked,mode_train_egress_3,449,Kedzie
trip_unlinked,mode_train_egress_3,450,La Fox
trip_unlinked,mode_train_egress_3,451,Lombard
trip_unlinked,mode_train_egress_3,452,Maywood
trip_unlinked,mode_train_egress_3,453,Melrose Park
trip_unlinked,mode_train_egress_3,454,Oak Park
trip_unlinked,mode_train_egress_3,455,River Forest
trip_unlinked,mode_train_egress_3,456,Villa Park
trip_unlinked,mode_train_egress_3,457,West Chicago
trip_unlinked,mode_train_egress_3,458,Wheaton
trip_unlinked,mode_train_egress_3,459,Winfield
trip_unlinked,mode_train_egress_3,460,11th St. (Michigan City)
trip_unlinked,mode_train_egress_3,461,57th St.
trip_unlinked,mode_train_egress_3,463,Beverly Shores
trip_unlinked,mode_train_egress_3,464,Carroll Ave. (Michigan City)
trip_unlinked,mode_train_egress_3,465,Dune Park
trip_unlinked,mode_train_egress_3,466,East Chicago
trip_unlinked,mode_train_egress_3,467,Gary Metro Center
trip_unlinked,mode_train_egress_3,468,Gary/Chicago Airport
trip_unlinked,mode_train_egress_3,469,Hammond
trip_unlinked,mode_train_egress_3,470,Hegewisch
trip_unlinked,mode_train_egress_3,471,Hudson Lake
trip_unlinked,mode_train_egress_3,473,Millennium Station-NICTD
trip_unlinked,mode_train_egress_3,474,Miller
trip_unlinked,mode_train_egress_3,476,Portage/Ogden Dunes
trip_unlinked,mode_train_egress_3,477,South Bend Airport
trip_unlinked,mode_train_egress_3,479,Damen-Green
trip_unlinked,mode_train_egress_3,995,Missing Response
trip_unlinked,transit_type_3,1,Free (no cost at all)
trip_unlinked,transit_type_3,2,1-day pass
trip_unlinked,transit_type_3,4,Don't know
trip_unlinked,transit_type_3,6,Used a transfer from a previous transit trip
trip_unlinked,transit_type_3,7,Single ride ticket
trip_unlinked,transit_type_3,8,3-day pass
trip_unlinked,transit_type_3,9,7-day pass
trip_unlinked,transit_type_3,10,Day Pass 5-Pack
trip_unlinked,transit_type_3,11,30-day or monthly pass
trip_unlinked,transit_type_3,995,Missing Response
trip_unlinked,mode_transit_4,1,CTA bus
trip_unlinked,mode_transit_4,2,PACE bus
trip_unlinked,mode_transit_4,4,Dial-a-Ride
trip_unlinked,mode_transit_4,5,Call-n-Ride
trip_unlinked,mode_transit_4,6,Paratransit
trip_unlinked,mode_transit_4,7,CTA 'L' train
trip_unlinked,mode_transit_4,8,METRA commuter rail
trip_unlinked,mode_transit_4,9,NICTD train
trip_unlinked,mode_transit_4,10,Another type of train
trip_unlinked,mode_transit_4,11,"Intercity bus (e.g., Greyhound)"
trip_unlinked,mode_transit_4,12,"Intercity rail (e.g., Amtrak)"
trip_unlinked,mode_transit_4,13,Other bus
trip_unlinked,mode_transit_4,14,Other rail
trip_unlinked,mode_transit_4,995,Missing Response
trip_unlinked,mode_transit_route_4,1,CTA Bus
trip_unlinked,mode_transit_route_4,2,PACE bus
trip_unlinked,mode_transit_route_4,3,CTA 'L' train
trip_unlinked,mode_transit_route_4,4,METRA commuter rail
trip_unlinked,mode_transit_route_4,5,Red Line
trip_unlinked,mode_transit_route_4,6,Purple Line
trip_unlinked,mode_transit_route_4,7,Yellow Line
trip_unlinked,mode_transit_route_4,8,Blue Line
trip_unlinked,mode_transit_route_4,9,Pink Line
trip_unlinked,mode_transit_route_4,10,Green Line
trip_unlinked,mode_transit_route_4,11,Orange Line
trip_unlinked,mode_transit_route_4,12,Brown Line
trip_unlinked,mode_transit_route_4,13,Burlington Northern
trip_unlinked,mode_transit_route_4,14,Heritage Corrdior
trip_unlinked,mode_transit_route_4,15,Milwaukee North
trip_unlinked,mode_transit_route_4,16,Milwaukee West
trip_unlinked,mode_transit_route_4,17,Metra Electric
trip_unlinked,mode_transit_route_4,18,North Central Service
trip_unlinked,mode_transit_route_4,19,Rock Island
trip_unlinked,mode_transit_route_4,20,Southwest Service
trip_unlinked,mode_transit_route_4,21,Union Pacific North
trip_unlinked,mode_transit_route_4,22,Union Pacific Northwest
trip_unlinked,mode_transit_route_4,23,Union Pacific West
trip_unlinked,mode_transit_route_4,24,1 - Bronzeville/Union Station
trip_unlinked,mode_transit_route_4,25,2 - Hyde Park Express
trip_unlinked,mode_transit_route_4,26,3 - King Drive
trip_unlinked,mode_transit_route_4,27,4 - Cottage Grove
trip_unlinked,mode_transit_route_4,28,X4 - Cottage Grove Express
trip_unlinked,mode_transit_route_4,29,5 - South Shore Night Bus
trip_unlinked,mode_transit_route_4,30,6 - Jackson Park Express
trip_unlinked,mode_transit_route_4,31,7 - Harrison
trip_unlinked,mode_transit_route_4,32,8 - Halsted
trip_unlinked,mode_transit_route_4,33,8A - South Halsted
trip_unlinked,mode_transit_route_4,34,9 - Ashland
trip_unlinked,mode_transit_route_4,35,X9 - Ashland Express
trip_unlinked,mode_transit_route_4,36,11 - Lincoln
trip_unlinked,mode_transit_route_4,37,12 - Roosevelt
trip_unlinked,mode_transit_route_4,38,J14 - Jeffery Jump
trip_unlinked,mode_transit_route_4,39,15 - Jeffery Local
trip_unlinked,mode_transit_route_4,40,18 - 16th/18th
trip_unlinked,mode_transit_route_4,41,20 - Madison
trip_unlinked,mode_transit_route_4,42,21 - Cermak
trip_unlinked,mode_transit_route_4,43,22 - Clark
trip_unlinked,mode_transit_route_4,44,24 - Wentworth
trip_unlinked,mode_transit_route_4,45,26 - South Shore Express
trip_unlinked,mode_transit_route_4,46,28 - Stony Island
trip_unlinked,mode_transit_route_4,47,29 - State
trip_unlinked,mode_transit_route_4,48,31 - 31st
trip_unlinked,mode_transit_route_4,49,30 - South Chicago
trip_unlinked,mode_transit_route_4,50,34 - South Michigan
trip_unlinked,mode_transit_route_4,51,35 - 31st/35th
trip_unlinked,mode_transit_route_4,52,36 - Broadway
trip_unlinked,mode_transit_route_4,53,37 - Sedgwick
trip_unlinked,mode_transit_route_4,54,39 - Pershing
trip_unlinked,mode_transit_route_4,55,43 - 43rd
trip_unlinked,mode_transit_route_4,56,44 - Wallace/Racine
trip_unlinked,mode_transit_route_4,57,47 - 47th
trip_unlinked,mode_transit_route_4,58,48 - South Damen
trip_unlinked,mode_transit_route_4,59,49 - Western
trip_unlinked,mode_transit_route_4,60,49B - North Western
trip_unlinked,mode_transit_route_4,61,X49 - Western Express
trip_unlinked,mode_transit_route_4,62,50 - Damen
trip_unlinked,mode_transit_route_4,63,51 - 51st
trip_unlinked,mode_transit_route_4,64,52 - Kedzie
trip_unlinked,mode_transit_route_4,65,52A - South Kedzie
trip_unlinked,mode_transit_route_4,66,53 - Pulaski
trip_unlinked,mode_transit_route_4,67,53A - South Pulaski
trip_unlinked,mode_transit_route_4,68,54 - Cicero
trip_unlinked,mode_transit_route_4,69,54A - North Cicero/Skokie Blvd.
trip_unlinked,mode_transit_route_4,70,54B - South Cicero
trip_unlinked,mode_transit_route_4,71,55 - Garfield
trip_unlinked,mode_transit_route_4,72,55A - 55th/Austin
trip_unlinked,mode_transit_route_4,73,55N - 55th/Narragansett
trip_unlinked,mode_transit_route_4,74,56 - Milwaukee
trip_unlinked,mode_transit_route_4,75,57 - Laramie
trip_unlinked,mode_transit_route_4,76,59 - 59th/61st
trip_unlinked,mode_transit_route_4,77,60 - Blue Island/26th
trip_unlinked,mode_transit_route_4,78,62 - Archer
trip_unlinked,mode_transit_route_4,79,62H - Archer/Harlem
trip_unlinked,mode_transit_route_4,80,63 - 63rd
trip_unlinked,mode_transit_route_4,81,63W - West 63rd
trip_unlinked,mode_transit_route_4,82,65 - Grand
trip_unlinked,mode_transit_route_4,83,66 - Chicago
trip_unlinked,mode_transit_route_4,84,67 - 67th/69th/71st
trip_unlinked,mode_transit_route_4,85,68 - Northwest Highway
trip_unlinked,mode_transit_route_4,86,70 - Division
trip_unlinked,mode_transit_route_4,87,71 - 71st/South Shore
trip_unlinked,mode_transit_route_4,88,72 - North
trip_unlinked,mode_transit_route_4,89,73 - Armitage
trip_unlinked,mode_transit_route_4,90,74 - Fullerton
trip_unlinked,mode_transit_route_4,91,75 - 74th/75th
trip_unlinked,mode_transit_route_4,92,76 - Diversey
trip_unlinked,mode_transit_route_4,93,77 - Belmont
trip_unlinked,mode_transit_route_4,94,78 - Montrose
trip_unlinked,mode_transit_route_4,95,79 - 79th
trip_unlinked,mode_transit_route_4,96,80 - Irving Park
trip_unlinked,mode_transit_route_4,97,81 - Lawrence
trip_unlinked,mode_transit_route_4,98,81W - West Lawrence
trip_unlinked,mode_transit_route_4,99,82 - Kimball/Homan
trip_unlinked,mode_transit_route_4,100,84 - Peterson
trip_unlinked,mode_transit_route_4,101,95 - 95th
trip_unlinked,mode_transit_route_4,102,85 - Central
trip_unlinked,mode_transit_route_4,103,85A - North Central
trip_unlinked,mode_transit_route_4,104,86 - Narragansett/Ridgeland
trip_unlinked,mode_transit_route_4,105,87 - 87th
trip_unlinked,mode_transit_route_4,106,88 - Higgins
trip_unlinked,mode_transit_route_4,107,90 - Harlem
trip_unlinked,mode_transit_route_4,108,91 - Austin
trip_unlinked,mode_transit_route_4,109,92 - Foster
trip_unlinked,mode_transit_route_4,110,93 - California/Dodge
trip_unlinked,mode_transit_route_4,111,94 - California
trip_unlinked,mode_transit_route_4,112,96 - Lunt
trip_unlinked,mode_transit_route_4,113,97 - Skokie
trip_unlinked,mode_transit_route_4,114,100 - Jeffery Manor Express
trip_unlinked,mode_transit_route_4,115,103 - West 103rd
trip_unlinked,mode_transit_route_4,116,106 - East 103rd
trip_unlinked,mode_transit_route_4,117,108 - Halsted/95th
trip_unlinked,mode_transit_route_4,118,111 - 111th/King Drive
trip_unlinked,mode_transit_route_4,119,111A - Pullman Shuttle
trip_unlinked,mode_transit_route_4,120,112 - Vincennes/111th
trip_unlinked,mode_transit_route_4,121,115 - Pullman/115th
trip_unlinked,mode_transit_route_4,122,119 - Michigan/119th
trip_unlinked,mode_transit_route_4,123,120 - Ogilvie/Streeterville Express
trip_unlinked,mode_transit_route_4,124,121 - Union/Streeterville Express
trip_unlinked,mode_transit_route_4,125,124 - Navy Pier
trip_unlinked,mode_transit_route_4,126,125 - Water Tower Express
trip_unlinked,mode_transit_route_4,127,126 - Jackson
trip_unlinked,mode_transit_route_4,128,134 - Stockton/LaSalle Express
trip_unlinked,mode_transit_route_4,129,135 - Clarendon/LaSalle Express
trip_unlinked,mode_transit_route_4,130,136 - Sheridan/LaSalle Express
trip_unlinked,mode_transit_route_4,131,143 - Stockton/Michigan Express
trip_unlinked,mode_transit_route_4,132,146 - Inner Lake Shore/Michigan Express
trip_unlinked,mode_transit_route_4,133,147 - Outer DuSable Lake Shore Express
trip_unlinked,mode_transit_route_4,134,148 - Clarendon/Michigan Express
trip_unlinked,mode_transit_route_4,135,151 - Sheridan
trip_unlinked,mode_transit_route_4,136,152 - Addison
trip_unlinked,mode_transit_route_4,137,155 - Devon
trip_unlinked,mode_transit_route_4,138,156 - LaSalle
trip_unlinked,mode_transit_route_4,139,157 - Streeterville/Taylor
trip_unlinked,mode_transit_route_4,140,165 - West 65th
trip_unlinked,mode_transit_route_4,141,169 - 69th/UPS Express
trip_unlinked,mode_transit_route_4,142,171 - U. of Chicago/Hyde Park
trip_unlinked,mode_transit_route_4,143,172 - U. of Chicago/Kenwood
trip_unlinked,mode_transit_route_4,144,192 - University of Chicago Hospitals Express
trip_unlinked,mode_transit_route_4,145,201 - Central/Ridge
trip_unlinked,mode_transit_route_4,146,206 - Evanston Circulator
trip_unlinked,mode_transit_route_4,147,100 - Pulse Milwaukee Line
trip_unlinked,mode_transit_route_4,148,101 - Pulse Dempster Line
trip_unlinked,mode_transit_route_4,149,208 - Golf Road
trip_unlinked,mode_transit_route_4,150,209 - Busse Highway
trip_unlinked,mode_transit_route_4,151,210 - Lincoln Avenue
trip_unlinked,mode_transit_route_4,152,213 - Green Bay Road
trip_unlinked,mode_transit_route_4,153,215 - Crawford-Howard
trip_unlinked,mode_transit_route_4,154,221 - Wolf Road
trip_unlinked,mode_transit_route_4,155,223 - Elk Grove - Rosemont CTA Station
trip_unlinked,mode_transit_route_4,156,225 - Central - Howard
trip_unlinked,mode_transit_route_4,157,226 - Oakton Street
trip_unlinked,mode_transit_route_4,158,230 - South Des Plaines
trip_unlinked,mode_transit_route_4,159,234 - Wheeling - Des Plaines
trip_unlinked,mode_transit_route_4,160,240 - Dee Road
trip_unlinked,mode_transit_route_4,161,241 - Greenwood - Talcott
trip_unlinked,mode_transit_route_4,162,250 - Dempster Street
trip_unlinked,mode_transit_route_4,163,270 - Milwaukee Avenue
trip_unlinked,mode_transit_route_4,164,272 - Milwaukee Avenue North
trip_unlinked,mode_transit_route_4,165,290 - Touhy Avenue
trip_unlinked,mode_transit_route_4,166,301 - Roosevelt Road
trip_unlinked,mode_transit_route_4,167,302 - Ogden - Stanley
trip_unlinked,mode_transit_route_4,168,303 - Forest Park - Rosemont
trip_unlinked,mode_transit_route_4,169,305 - East Roosevelt
trip_unlinked,mode_transit_route_4,170,307 - Harlem
trip_unlinked,mode_transit_route_4,171,308 - Medical Center
trip_unlinked,mode_transit_route_4,172,309 - Lake Street
trip_unlinked,mode_transit_route_4,173,310 - West Madison - Hillside
trip_unlinked,mode_transit_route_4,174,311 - Oak Park Avenue
trip_unlinked,mode_transit_route_4,175,313 - St. Charles Rd.
trip_unlinked,mode_transit_route_4,176,314 - Ridgeland Avenue
trip_unlinked,mode_transit_route_4,177,315 - Austin Boulevard
trip_unlinked,mode_transit_route_4,178,316 - Laramie Avenue
trip_unlinked,mode_transit_route_4,179,317 - Westchester
trip_unlinked,mode_transit_route_4,180,318 - West North Avenue
trip_unlinked,mode_transit_route_4,181,319 - Grand Avenue
trip_unlinked,mode_transit_route_4,182,322 - Cermak Road - 22nd St.
trip_unlinked,mode_transit_route_4,183,330 - Mannheim - LaGrange Roads
trip_unlinked,mode_transit_route_4,184,331 - Cumberland - 5th Avenue
trip_unlinked,mode_transit_route_4,185,332 - River Road - York Road
trip_unlinked,mode_transit_route_4,186,348 - Harvey - Riverdale - Blue Island
trip_unlinked,mode_transit_route_4,187,349 - South Western
trip_unlinked,mode_transit_route_4,188,350 - Sibley
trip_unlinked,mode_transit_route_4,189,352 - Halsted
trip_unlinked,mode_transit_route_4,190,353 - 95th/Dan Ryan CTA-Calumet City-Homewood Limited
trip_unlinked,mode_transit_route_4,191,354 - Harvey - Oak Forest Loop
trip_unlinked,mode_transit_route_4,192,356 - Harvey - Homewood - Tinley Park
trip_unlinked,mode_transit_route_4,193,357 - Lincoln Highway
trip_unlinked,mode_transit_route_4,194,358 - Torrence
trip_unlinked,mode_transit_route_4,195,359 - Robbins - South Kedzie Avenue
trip_unlinked,mode_transit_route_4,196,360 - Harvey-Amazon Monee
trip_unlinked,mode_transit_route_4,197,361 - Harvey - Laraway Crossings Express
trip_unlinked,mode_transit_route_4,198,364 - 159th Street
trip_unlinked,mode_transit_route_4,199,366 - Park Forest - Chicago Heights
trip_unlinked,mode_transit_route_4,200,367 - University Park - Park Forest
trip_unlinked,mode_transit_route_4,201,379 - Midway - Orland Park
trip_unlinked,mode_transit_route_4,202,381 - 95th Street
trip_unlinked,mode_transit_route_4,203,383 - South Cicero
trip_unlinked,mode_transit_route_4,204,384 - Narragansett - Ridgeland
trip_unlinked,mode_transit_route_4,205,385 - 87th / 111th / 127th
trip_unlinked,mode_transit_route_4,206,386 - South Harlem
trip_unlinked,mode_transit_route_4,207,390 - Midway CTA - UPS Hodgkins Limited
trip_unlinked,mode_transit_route_4,208,392 - Green Line Cicero CTA - UPS Hodgkins Limited
trip_unlinked,mode_transit_route_4,209,395 - 95th/Dan Ryan CTA - UPS Hodgkins Limited
trip_unlinked,mode_transit_route_4,210,410 - East Niles Local
trip_unlinked,mode_transit_route_4,211,411 - West Niles Local
trip_unlinked,mode_transit_route_4,212,412 - Niles North Circulator
trip_unlinked,mode_transit_route_4,213,421 - Wilmette Avenue
trip_unlinked,mode_transit_route_4,214,422 - Linden CTA/Glenview/Northbrook Court
trip_unlinked,mode_transit_route_4,215,423 - Linden CTA - The Glen - Harlem L CTA
trip_unlinked,mode_transit_route_4,216,471 - Highland Park-Northbrook Court
trip_unlinked,mode_transit_route_4,217,472 - Highland Park - Highwood
trip_unlinked,mode_transit_route_4,218,501 - West Jefferson
trip_unlinked,mode_transit_route_4,219,504 - South Joliet
trip_unlinked,mode_transit_route_4,220,505 - West Joliet Loop
trip_unlinked,mode_transit_route_4,221,507 - Plainfield
trip_unlinked,mode_transit_route_4,222,508 - East Joliet
trip_unlinked,mode_transit_route_4,223,509 - Joliet-Fairmont
trip_unlinked,mode_transit_route_4,224,511 - Joliet- Elwood -Centerpoint
trip_unlinked,mode_transit_route_4,225,512 - Joliet - Centerpoint
trip_unlinked,mode_transit_route_4,226,524 - West Aurora
trip_unlinked,mode_transit_route_4,227,530 - West Galena - Naperville
trip_unlinked,mode_transit_route_4,228,533 - Northeast Aurora
trip_unlinked,mode_transit_route_4,229,540 - Farnsworth Avenue
trip_unlinked,mode_transit_route_4,230,541 - Northeast Elgin
trip_unlinked,mode_transit_route_4,231,542 - Bluff City
trip_unlinked,mode_transit_route_4,232,543 - Dundee-Carpentersville
trip_unlinked,mode_transit_route_4,233,546 - Orange-Walnut
trip_unlinked,mode_transit_route_4,234,547 - Wing Park
trip_unlinked,mode_transit_route_4,235,548 - Highland
trip_unlinked,mode_transit_route_4,236,549 - South Randall
trip_unlinked,mode_transit_route_4,237,550 - Elgin Transportation Center - Crystal Lake
trip_unlinked,mode_transit_route_4,238,552 - North State - Spring Hill Mall
trip_unlinked,mode_transit_route_4,239,554 - Elgin - Woodfield
trip_unlinked,mode_transit_route_4,240,559 - Illinois Route 59
trip_unlinked,mode_transit_route_4,241,561 - Castlecrest via McAree
trip_unlinked,mode_transit_route_4,242,562 - Gurnee via Sunset
trip_unlinked,mode_transit_route_4,243,563 - Great Lakes Naval Station
trip_unlinked,mode_transit_route_4,244,564 - Jackson / 14th
trip_unlinked,mode_transit_route_4,245,565 - Grand Avenue
trip_unlinked,mode_transit_route_4,246,566 - McAree - Keller
trip_unlinked,mode_transit_route_4,247,568 - Belvidere
trip_unlinked,mode_transit_route_4,248,569 - Lewis
trip_unlinked,mode_transit_route_4,249,570 - Fox Lake - CLC
trip_unlinked,mode_transit_route_4,250,571 - Zion
trip_unlinked,mode_transit_route_4,251,572 - Washington
trip_unlinked,mode_transit_route_4,252,573 - Green Bay Road
trip_unlinked,mode_transit_route_4,253,574 - CLC - Hawthorn Mall
trip_unlinked,mode_transit_route_4,254,591 - Wheaton - Winfield On Demand
trip_unlinked,mode_transit_route_4,255,600 - Rosemont - Schaumburg Express
trip_unlinked,mode_transit_route_4,256,603 - Elgin Terminal - Rosemont Express
trip_unlinked,mode_transit_route_4,257,604 - Wheeling - Schaumburg
trip_unlinked,mode_transit_route_4,258,605 - I-90/Randall Rd. Station - Rosemont Express
trip_unlinked,mode_transit_route_4,259,606 - Rosemont - Schaumburg Limited
trip_unlinked,mode_transit_route_4,260,607 - I-90/Randall Rd. Station - Schaumburg Express
trip_unlinked,mode_transit_route_4,261,626 - Skokie - Buffalo Grove Limited
trip_unlinked,mode_transit_route_4,262,697 - Northwest Transportation Center - Harper College
trip_unlinked,mode_transit_route_4,263,711 - Wheaton-Addison
trip_unlinked,mode_transit_route_4,264,714 - College of DuPage-Naperville-Wheaton Connector
trip_unlinked,mode_transit_route_4,265,715 - Central DuPage
trip_unlinked,mode_transit_route_4,266,722 - Ogden Avenue
trip_unlinked,mode_transit_route_4,267,755 - Plainfield - West Loop Express
trip_unlinked,mode_transit_route_4,268,801 - Elgin-Geneva
trip_unlinked,mode_transit_route_4,269,802 - Aurora - Geneva via Lake Street
trip_unlinked,mode_transit_route_4,270,803 - Carpentersville Local
trip_unlinked,mode_transit_route_4,271,806 - Crystal Lake-Fox Lake
trip_unlinked,mode_transit_route_4,272,807 - Woodstock-McHenry
trip_unlinked,mode_transit_route_4,273,808 - Crystal Lake-Harvard
trip_unlinked,mode_transit_route_4,274,811 - Rosemont Entertainment Circulator
trip_unlinked,mode_transit_route_4,275,832 - Joliet - Orland Park
trip_unlinked,mode_transit_route_4,276,834 - Joliet - Downers Grove
trip_unlinked,mode_transit_route_4,277,850 - North Bolingbrook - East Loop Express
trip_unlinked,mode_transit_route_4,278,855 - Plainfield-East Loop Express
trip_unlinked,mode_transit_route_4,279,890 - Chicago Heights - UPS Hodgkins Limited
trip_unlinked,mode_transit_route_4,280,905 - Schaumburg Trolley
trip_unlinked,mode_transit_route_4,995,Missing Response
trip_unlinked,mode_train_access_4,21,Addison-Blue
trip_unlinked,mode_train_access_4,22,Austin-Blue
trip_unlinked,mode_train_access_4,23,Belmont-Blue
trip_unlinked,mode_train_access_4,24,California-O'Hare
trip_unlinked,mode_train_access_4,25,Chicago-Blue
trip_unlinked,mode_train_access_4,26,Cicero-Forest Park
trip_unlinked,mode_train_access_4,27,Clark/Lake (Subway)
trip_unlinked,mode_train_access_4,28,Clinton-Blue
trip_unlinked,mode_train_access_4,29,Cumberland
trip_unlinked,mode_train_access_4,30,Damen-O'Hare
trip_unlinked,mode_train_access_4,31,Division
trip_unlinked,mode_train_access_4,32,Forest Park
trip_unlinked,mode_train_access_4,33,Grand-Blue
trip_unlinked,mode_train_access_4,34,Harlem-Forest Park
trip_unlinked,mode_train_access_4,35,Harlem-O'Hare
trip_unlinked,mode_train_access_4,36,Illinois Medical District
trip_unlinked,mode_train_access_4,37,Irving Park-Blue
trip_unlinked,mode_train_access_4,38,Jackson-Blue
trip_unlinked,mode_train_access_4,39,Jefferson Park
trip_unlinked,mode_train_access_4,40,Kedzie-Homan
trip_unlinked,mode_train_access_4,41,LaSalle
trip_unlinked,mode_train_access_4,42,Logan Square
trip_unlinked,mode_train_access_4,43,Monroe-Blue
trip_unlinked,mode_train_access_4,44,Montrose-Blue
trip_unlinked,mode_train_access_4,45,O'Hare
trip_unlinked,mode_train_access_4,46,Oak Park-Blue
trip_unlinked,mode_train_access_4,47,Pulaski-Forest Park
trip_unlinked,mode_train_access_4,48,Racine
trip_unlinked,mode_train_access_4,49,Rosemont
trip_unlinked,mode_train_access_4,50,UIC-Halsted
trip_unlinked,mode_train_access_4,51,Washington-Blue
trip_unlinked,mode_train_access_4,52,Western-Forest Park
trip_unlinked,mode_train_access_4,53,Western-O'Hare
trip_unlinked,mode_train_access_4,54,Adams/Wabash-Brown
trip_unlinked,mode_train_access_4,55,Addison-Brown
trip_unlinked,mode_train_access_4,56,Armitage-Brown
trip_unlinked,mode_train_access_4,57,Belmont-Brown
trip_unlinked,mode_train_access_4,58,Chicago-Brown
trip_unlinked,mode_train_access_4,59,Clark/Lake (Elevated)-Brown
trip_unlinked,mode_train_access_4,60,Damen-Brown
trip_unlinked,mode_train_access_4,61,Diversey-Brown
trip_unlinked,mode_train_access_4,62,Francisco
trip_unlinked,mode_train_access_4,63,Fullerton-Brown
trip_unlinked,mode_train_access_4,64,Harold Washington Library-Brown
trip_unlinked,mode_train_access_4,65,Irving Park-Brown
trip_unlinked,mode_train_access_4,66,Kedzie-Brown
trip_unlinked,mode_train_access_4,67,Kimball
trip_unlinked,mode_train_access_4,68,LaSalle/Van Buren-Brown
trip_unlinked,mode_train_access_4,69,Merchandise Mart-Brown
trip_unlinked,mode_train_access_4,70,Montrose-Brown
trip_unlinked,mode_train_access_4,71,Paulina
trip_unlinked,mode_train_access_4,72,Quincy-Brown
trip_unlinked,mode_train_access_4,73,Rockwell
trip_unlinked,mode_train_access_4,74,Sedgwick-Brown
trip_unlinked,mode_train_access_4,75,Southport
trip_unlinked,mode_train_access_4,76,State/Lake-Brown
trip_unlinked,mode_train_access_4,77,Washington/Wabash-Brown
trip_unlinked,mode_train_access_4,78,Washington/Wells-Brown
trip_unlinked,mode_train_access_4,79,Wellington-Brown
trip_unlinked,mode_train_access_4,80,Western-Brown
trip_unlinked,mode_train_access_4,81,35-Bronzeville-IIT
trip_unlinked,mode_train_access_4,82,43rd
trip_unlinked,mode_train_access_4,83,47th-Green
trip_unlinked,mode_train_access_4,84,51st
trip_unlinked,mode_train_access_4,85,Adams/Wabash-Green
trip_unlinked,mode_train_access_4,86,Ashland-Lake-Green
trip_unlinked,mode_train_access_4,87,Ashland/63rd
trip_unlinked,mode_train_access_4,88,Austin-Green
trip_unlinked,mode_train_access_4,89,California-Green
trip_unlinked,mode_train_access_4,90,Central-Green
trip_unlinked,mode_train_access_4,91,Cermak-McCormick Place
trip_unlinked,mode_train_access_4,92,Cicero-Green
trip_unlinked,mode_train_access_4,93,Clark/Lake (Elevated)-Green
trip_unlinked,mode_train_access_4,94,Clinton-Green
trip_unlinked,mode_train_access_4,95,Conservatory
trip_unlinked,mode_train_access_4,96,East 63rd-Cottage Grove
trip_unlinked,mode_train_access_4,97,Garfield-Green
trip_unlinked,mode_train_access_4,98,Halsted-Green
trip_unlinked,mode_train_access_4,99,Harlem-Green
trip_unlinked,mode_train_access_4,100,Indiana
trip_unlinked,mode_train_access_4,101,Kedzie-Green
trip_unlinked,mode_train_access_4,102,King Drive
trip_unlinked,mode_train_access_4,103,Laramie
trip_unlinked,mode_train_access_4,104,Morgan-Green
trip_unlinked,mode_train_access_4,105,Oak Park-Green
trip_unlinked,mode_train_access_4,106,Pulaski-Green
trip_unlinked,mode_train_access_4,107,Ridgeland
trip_unlinked,mode_train_access_4,108,Roosevelt (Elevated)-Green
trip_unlinked,mode_train_access_4,109,State/Lake-Green
trip_unlinked,mode_train_access_4,110,Washington/Wabash-Green
trip_unlinked,mode_train_access_4,111,35th/Archer
trip_unlinked,mode_train_access_4,112,Adams/Wabash-Orange
trip_unlinked,mode_train_access_4,113,Ashland-Orange
trip_unlinked,mode_train_access_4,114,Clark/Lake (Elevated)-Orange
trip_unlinked,mode_train_access_4,115,Halsted-Orange
trip_unlinked,mode_train_access_4,116,Harold Washington Library-Orange
trip_unlinked,mode_train_access_4,117,Kedzie-Orange
trip_unlinked,mode_train_access_4,118,LaSalle/Van Buren-Orange
trip_unlinked,mode_train_access_4,119,Midway
trip_unlinked,mode_train_access_4,120,Pulaski-Orange
trip_unlinked,mode_train_access_4,121,Quincy-Orange
trip_unlinked,mode_train_access_4,122,Roosevelt (Elevated)-Orange
trip_unlinked,mode_train_access_4,123,State/Lake-Orange
trip_unlinked,mode_train_access_4,124,Washington/Wabash-Orange
trip_unlinked,mode_train_access_4,125,Washington/Wells-Orange
trip_unlinked,mode_train_access_4,126,Western-Orange
trip_unlinked,mode_train_access_4,127,Adams/Wabash-Purple
trip_unlinked,mode_train_access_4,128,Armitage-Purple
trip_unlinked,mode_train_access_4,129,Belmont-Purple
trip_unlinked,mode_train_access_4,130,Central-Purple
trip_unlinked,mode_train_access_4,131,Chicago-Purple
trip_unlinked,mode_train_access_4,132,Clark/Lake (Elevated)-Purple
trip_unlinked,mode_train_access_4,133,Davis
trip_unlinked,mode_train_access_4,134,Dempster
trip_unlinked,mode_train_access_4,135,Diversey-Purple
trip_unlinked,mode_train_access_4,136,Foster
trip_unlinked,mode_train_access_4,137,Fullerton-Purple
trip_unlinked,mode_train_access_4,138,Harold Washington Library-Purple
trip_unlinked,mode_train_access_4,139,Howard-Purple
trip_unlinked,mode_train_access_4,140,LaSalle/Van Buren-Purple
trip_unlinked,mode_train_access_4,141,Linden
trip_unlinked,mode_train_access_4,142,Main
trip_unlinked,mode_train_access_4,143,Merchandise Mart-Purple
trip_unlinked,mode_train_access_4,144,Noyes
trip_unlinked,mode_train_access_4,145,Quincy-Purple
trip_unlinked,mode_train_access_4,146,Sedgwick-Purple
trip_unlinked,mode_train_access_4,147,South Boulevard
trip_unlinked,mode_train_access_4,148,State/Lake-Purple
trip_unlinked,mode_train_access_4,149,Washington/Wabash-Purple
trip_unlinked,mode_train_access_4,150,Washington/Wells-Purple
trip_unlinked,mode_train_access_4,151,Wellington-Purple
trip_unlinked,mode_train_access_4,152,Wilson-North Outer
trip_unlinked,mode_train_access_4,153,Wilson-South Outer
trip_unlinked,mode_train_access_4,154,18th
trip_unlinked,mode_train_access_4,155,54th/Cermak
trip_unlinked,mode_train_access_4,156,Adams/Wabash-Pink
trip_unlinked,mode_train_access_4,157,Ashland-Lake-Pink
trip_unlinked,mode_train_access_4,158,California-Cermak
trip_unlinked,mode_train_access_4,159,Central Park
trip_unlinked,mode_train_access_4,160,Cicero-Cermak
trip_unlinked,mode_train_access_4,161,Clark/Lake (Elevated)-Pink
trip_unlinked,mode_train_access_4,162,Clinton-Pink
trip_unlinked,mode_train_access_4,163,Damen-Cermak
trip_unlinked,mode_train_access_4,164,Harold Washington Library
trip_unlinked,mode_train_access_4,165,Kedzie-Cermak
trip_unlinked,mode_train_access_4,166,Kostner
trip_unlinked,mode_train_access_4,167,LaSalle/Van Buren-Pink
trip_unlinked,mode_train_access_4,168,Morgan-Pink
trip_unlinked,mode_train_access_4,169,Polk
trip_unlinked,mode_train_access_4,170,Pulaski-Cermak
trip_unlinked,mode_train_access_4,171,Quincy-Pink
trip_unlinked,mode_train_access_4,172,State/Lake-Pink
trip_unlinked,mode_train_access_4,173,Washington/Wabash-Pink
trip_unlinked,mode_train_access_4,174,Washington/Wells-Pink
trip_unlinked,mode_train_access_4,175,Western-Cermak
trip_unlinked,mode_train_access_4,176,47th-Red
trip_unlinked,mode_train_access_4,177,63rd
trip_unlinked,mode_train_access_4,178,69th
trip_unlinked,mode_train_access_4,179,79th
trip_unlinked,mode_train_access_4,180,87th
trip_unlinked,mode_train_access_4,181,95th
trip_unlinked,mode_train_access_4,182,Addison-Red
trip_unlinked,mode_train_access_4,183,Argyle
trip_unlinked,mode_train_access_4,184,Belmont-Red
trip_unlinked,mode_train_access_4,185,Bryn Mawr
trip_unlinked,mode_train_access_4,186,Cermak-Chinatown
trip_unlinked,mode_train_access_4,187,Chicago-Red
trip_unlinked,mode_train_access_4,188,Clark/Division
trip_unlinked,mode_train_access_4,189,Fullerton-Red
trip_unlinked,mode_train_access_4,190,Garfield-Red
trip_unlinked,mode_train_access_4,191,Grand-Red
trip_unlinked,mode_train_access_4,192,Granville
trip_unlinked,mode_train_access_4,193,Harrison
trip_unlinked,mode_train_access_4,194,Howard-Red
trip_unlinked,mode_train_access_4,195,Jackson-Red
trip_unlinked,mode_train_access_4,196,Jarvis
trip_unlinked,mode_train_access_4,197,Lake
trip_unlinked,mode_train_access_4,198,Loyola
trip_unlinked,mode_train_access_4,199,Monroe-Red
trip_unlinked,mode_train_access_4,200,Morse
trip_unlinked,mode_train_access_4,201,North/Clybourn
trip_unlinked,mode_train_access_4,202,Roosevelt (Subway)
trip_unlinked,mode_train_access_4,203,Sheridan
trip_unlinked,mode_train_access_4,204,Sox-35th
trip_unlinked,mode_train_access_4,205,Thorndale
trip_unlinked,mode_train_access_4,206,Wilson-North Inner
trip_unlinked,mode_train_access_4,207,Wilson-South Inner
trip_unlinked,mode_train_access_4,208,Dempster-Skokie
trip_unlinked,mode_train_access_4,209,Howard-Yellow
trip_unlinked,mode_train_access_4,210,Oakton-Skokie
trip_unlinked,mode_train_access_4,211,Aurora
trip_unlinked,mode_train_access_4,212,Belmont
trip_unlinked,mode_train_access_4,213,Berwyn
trip_unlinked,mode_train_access_4,214,Brookfield
trip_unlinked,mode_train_access_4,215,Chicago Union Station-BNSF
trip_unlinked,mode_train_access_4,216,Cicero
trip_unlinked,mode_train_access_4,217,Clarendon Hills
trip_unlinked,mode_train_access_4,218,Congress Park
trip_unlinked,mode_train_access_4,219,Downers Grove
trip_unlinked,mode_train_access_4,220,Fairview Ave.
trip_unlinked,mode_train_access_4,221,Halsted Street
trip_unlinked,mode_train_access_4,222,Harlem Ave.
trip_unlinked,mode_train_access_4,223,Highlands
trip_unlinked,mode_train_access_4,224,Hinsdale
trip_unlinked,mode_train_access_4,225,Hollywood
trip_unlinked,mode_train_access_4,226,LaGrange Road
trip_unlinked,mode_train_access_4,227,Lavergne
trip_unlinked,mode_train_access_4,228,Lisle
trip_unlinked,mode_train_access_4,229,Naperville
trip_unlinked,mode_train_access_4,230,Riverside
trip_unlinked,mode_train_access_4,231,Route 59
trip_unlinked,mode_train_access_4,232,Stone Ave.
trip_unlinked,mode_train_access_4,233,West Hinsdale
trip_unlinked,mode_train_access_4,234,Western Avenue
trip_unlinked,mode_train_access_4,235,Western Springs
trip_unlinked,mode_train_access_4,236,Westmont
trip_unlinked,mode_train_access_4,239,Lemont
trip_unlinked,mode_train_access_4,240,Lockport
trip_unlinked,mode_train_access_4,241,Romeoville
trip_unlinked,mode_train_access_4,242,Summit
trip_unlinked,mode_train_access_4,243,Willow Springs
trip_unlinked,mode_train_access_4,244,Chicago Union Station-MN
trip_unlinked,mode_train_access_4,245,Deerfield
trip_unlinked,mode_train_access_4,246,Edgebrook
trip_unlinked,mode_train_access_4,247,Forest Glen
trip_unlinked,mode_train_access_4,248,Fox Lake
trip_unlinked,mode_train_access_4,249,Glen/N. Glenview
trip_unlinked,mode_train_access_4,250,Glenview
trip_unlinked,mode_train_access_4,251,Golf
trip_unlinked,mode_train_access_4,252,Grayland
trip_unlinked,mode_train_access_4,253,Grayslake
trip_unlinked,mode_train_access_4,254,Healy
trip_unlinked,mode_train_access_4,255,Ingleside
trip_unlinked,mode_train_access_4,256,Lake Forest
trip_unlinked,mode_train_access_4,257,Lake-Cook
trip_unlinked,mode_train_access_4,258,Libertyville
trip_unlinked,mode_train_access_4,259,Long Lake
trip_unlinked,mode_train_access_4,260,Mayfair
trip_unlinked,mode_train_access_4,261,Morton Grove
trip_unlinked,mode_train_access_4,262,Northbrook
trip_unlinked,mode_train_access_4,263,Prairie Crossing
trip_unlinked,mode_train_access_4,264,Round Lake
trip_unlinked,mode_train_access_4,265,Western Ave
trip_unlinked,mode_train_access_4,266,Bartlett
trip_unlinked,mode_train_access_4,267,Bensenville
trip_unlinked,mode_train_access_4,268,Big Timber
trip_unlinked,mode_train_access_4,269,Chicago Union Station-MW
trip_unlinked,mode_train_access_4,270,Elgin
trip_unlinked,mode_train_access_4,271,Elmwood Park
trip_unlinked,mode_train_access_4,272,Franklin Park
trip_unlinked,mode_train_access_4,273,Galewood
trip_unlinked,mode_train_access_4,274,Grand/Cicero
trip_unlinked,mode_train_access_4,275,Hanover Park
trip_unlinked,mode_train_access_4,276,Hanson Park
trip_unlinked,mode_train_access_4,277,Itasca
trip_unlinked,mode_train_access_4,278,Mannheim
trip_unlinked,mode_train_access_4,279,Mars
trip_unlinked,mode_train_access_4,280,Medinah
trip_unlinked,mode_train_access_4,281,Mont Clare
trip_unlinked,mode_train_access_4,282,National St
trip_unlinked,mode_train_access_4,284,Roselle
trip_unlinked,mode_train_access_4,285,Schaumburg
trip_unlinked,mode_train_access_4,287,Wood Dale
trip_unlinked,mode_train_access_4,288,107th St.
trip_unlinked,mode_train_access_4,289,111th St. (Pullman)
trip_unlinked,mode_train_access_4,290,18th St.
trip_unlinked,mode_train_access_4,291,211th St.
trip_unlinked,mode_train_access_4,292,27th St.
trip_unlinked,mode_train_access_4,293,47th St. (Kenwood)
trip_unlinked,mode_train_access_4,294,51st/53rd St. (Hyde Park)
trip_unlinked,mode_train_access_4,295,55th - 56th - 57th St.
trip_unlinked,mode_train_access_4,296,59th St. (U. of Chicago)
trip_unlinked,mode_train_access_4,297,63rd St.
trip_unlinked,mode_train_access_4,298,75th St. (Grand Crossing)
trip_unlinked,mode_train_access_4,299,83rd St.
trip_unlinked,mode_train_access_4,300,83rd St. (Avalon Park)
trip_unlinked,mode_train_access_4,301,87th St.
trip_unlinked,mode_train_access_4,302,87th St. (Woodruff)
trip_unlinked,mode_train_access_4,303,91st St.
trip_unlinked,mode_train_access_4,304,95th St.
trip_unlinked,mode_train_access_4,305,Ashland
trip_unlinked,mode_train_access_4,306,Blue Island
trip_unlinked,mode_train_access_4,308,Burr Oak
trip_unlinked,mode_train_access_4,309,Calumet
trip_unlinked,mode_train_access_4,310,Cheltenham (79th St.)
trip_unlinked,mode_train_access_4,311,Flossmoor
trip_unlinked,mode_train_access_4,312,Harvey
trip_unlinked,mode_train_access_4,313,Hazel Crest
trip_unlinked,mode_train_access_4,314,Homewood
trip_unlinked,mode_train_access_4,315,Ivanhoe
trip_unlinked,mode_train_access_4,316,Kensington
trip_unlinked,mode_train_access_4,317,Matteson
trip_unlinked,mode_train_access_4,319,Millennium Station-ME
trip_unlinked,mode_train_access_4,320,Museum Campus/11th St.
trip_unlinked,mode_train_access_4,321,Olympia Fields
trip_unlinked,mode_train_access_4,323,Richton Park
trip_unlinked,mode_train_access_4,324,Riverdale
trip_unlinked,mode_train_access_4,325,South Chicago (93rd)
trip_unlinked,mode_train_access_4,326,South Shore
trip_unlinked,mode_train_access_4,327,State St.
trip_unlinked,mode_train_access_4,328,Stewart Ridge
trip_unlinked,mode_train_access_4,329,Stony Island
trip_unlinked,mode_train_access_4,330,University Park
trip_unlinked,mode_train_access_4,331,Van Buren St.
trip_unlinked,mode_train_access_4,332,West Pullman
trip_unlinked,mode_train_access_4,333,Windsor Park
trip_unlinked,mode_train_access_4,334,Antioch
trip_unlinked,mode_train_access_4,335,Buffalo Grove
trip_unlinked,mode_train_access_4,336,Chicago Union Station-NCS
trip_unlinked,mode_train_access_4,337,Franklin Pk
trip_unlinked,mode_train_access_4,338,Lake Villa
trip_unlinked,mode_train_access_4,339,Mundelein
trip_unlinked,mode_train_access_4,340,OHare Transfer
trip_unlinked,mode_train_access_4,341,Prairie Crossing.
trip_unlinked,mode_train_access_4,342,Prairie View
trip_unlinked,mode_train_access_4,343,Prospect Hts
trip_unlinked,mode_train_access_4,346,Round Lake Beach
trip_unlinked,mode_train_access_4,347,Schiller Park
trip_unlinked,mode_train_access_4,348,Vernon Hills
trip_unlinked,mode_train_access_4,349,Washington St (Grayslake)
trip_unlinked,mode_train_access_4,351,Wheeling
trip_unlinked,mode_train_access_4,352,103rd St. - Beverly Hills
trip_unlinked,mode_train_access_4,353,103rd St.-Washington Hts.
trip_unlinked,mode_train_access_4,354,107th St. - Beverly Hills
trip_unlinked,mode_train_access_4,355,111th St. - Morgan Park
trip_unlinked,mode_train_access_4,356,115th St. - Morgan Park
trip_unlinked,mode_train_access_4,357,119th St.
trip_unlinked,mode_train_access_4,358,123rd St.
trip_unlinked,mode_train_access_4,359,35th St. - Lou Jones
trip_unlinked,mode_train_access_4,360,91st St. - Beverly Hills
trip_unlinked,mode_train_access_4,361,95th St. - Beverly Hills
trip_unlinked,mode_train_access_4,362,95th St.-Longwood
trip_unlinked,mode_train_access_4,363,99th St. - Beverly Hills
trip_unlinked,mode_train_access_4,364,Blue Island-Vermont
trip_unlinked,mode_train_access_4,365,Brainerd
trip_unlinked,mode_train_access_4,366,Gresham
trip_unlinked,mode_train_access_4,367,Hickory Creek
trip_unlinked,mode_train_access_4,368,Joliet
trip_unlinked,mode_train_access_4,369,LaSalle Street
trip_unlinked,mode_train_access_4,370,Midlothian
trip_unlinked,mode_train_access_4,371,Mokena
trip_unlinked,mode_train_access_4,372,New Lenox
trip_unlinked,mode_train_access_4,373,Oak Forest
trip_unlinked,mode_train_access_4,374,Prairie St.
trip_unlinked,mode_train_access_4,375,Robbins
trip_unlinked,mode_train_access_4,376,Tinley Park
trip_unlinked,mode_train_access_4,377,Tinley-80th
trip_unlinked,mode_train_access_4,378,Ashburn
trip_unlinked,mode_train_access_4,379,Chicago Ridge
trip_unlinked,mode_train_access_4,380,Chicago Union Station-SS
trip_unlinked,mode_train_access_4,381,Laraway Road
trip_unlinked,mode_train_access_4,382,Manhattan
trip_unlinked,mode_train_access_4,383,Oak Lawn Patriot
trip_unlinked,mode_train_access_4,384,Orland Park 143rd
trip_unlinked,mode_train_access_4,385,Orland Park 153rd
trip_unlinked,mode_train_access_4,386,Orland Park 179th
trip_unlinked,mode_train_access_4,387,Palos Heights
trip_unlinked,mode_train_access_4,388,Palos Park
trip_unlinked,mode_train_access_4,389,Worth
trip_unlinked,mode_train_access_4,390,Wrightwood
trip_unlinked,mode_train_access_4,391,Braeside
trip_unlinked,mode_train_access_4,392,Central St.
trip_unlinked,mode_train_access_4,393,Chicago OTC-UPN
trip_unlinked,mode_train_access_4,394,Clybourn
trip_unlinked,mode_train_access_4,395,Evanston (Davis St.)
trip_unlinked,mode_train_access_4,396,Fort Sheridan
trip_unlinked,mode_train_access_4,397,Glencoe
trip_unlinked,mode_train_access_4,398,Great Lakes
trip_unlinked,mode_train_access_4,399,Highland Park
trip_unlinked,mode_train_access_4,400,Highwood
trip_unlinked,mode_train_access_4,401,Hubbard Woods
trip_unlinked,mode_train_access_4,402,Indian Hill
trip_unlinked,mode_train_access_4,403,Kenilworth
trip_unlinked,mode_train_access_4,404,Kenosha
trip_unlinked,mode_train_access_4,405,Lake Bluff
trip_unlinked,mode_train_access_4,406,Lake Forest.
trip_unlinked,mode_train_access_4,407,Main St.
trip_unlinked,mode_train_access_4,408,North Chicago
trip_unlinked,mode_train_access_4,409,Ravenswood
trip_unlinked,mode_train_access_4,410,Ravinia
trip_unlinked,mode_train_access_4,411,Ravinia Park
trip_unlinked,mode_train_access_4,412,Rogers Park
trip_unlinked,mode_train_access_4,413,Waukegan
trip_unlinked,mode_train_access_4,414,Wilmette
trip_unlinked,mode_train_access_4,415,Winnetka
trip_unlinked,mode_train_access_4,416,Winthrop Harbor
trip_unlinked,mode_train_access_4,417,Zion
trip_unlinked,mode_train_access_4,418,Arlington Heights
trip_unlinked,mode_train_access_4,419,Arlington Park
trip_unlinked,mode_train_access_4,420,Barrington
trip_unlinked,mode_train_access_4,421,Cary
trip_unlinked,mode_train_access_4,422,Chicago OTC-UPNW
trip_unlinked,mode_train_access_4,424,Crystal Lake
trip_unlinked,mode_train_access_4,426,Dee Road
trip_unlinked,mode_train_access_4,427,Des Plaines
trip_unlinked,mode_train_access_4,428,Edison Park
trip_unlinked,mode_train_access_4,429,Fox River Grove
trip_unlinked,mode_train_access_4,430,Gladstone Park
trip_unlinked,mode_train_access_4,431,Harvard
trip_unlinked,mode_train_access_4,432,Irving Park
trip_unlinked,mode_train_access_4,434,McHenry
trip_unlinked,mode_train_access_4,435,Mt. Prospect
trip_unlinked,mode_train_access_4,436,Norwood Park
trip_unlinked,mode_train_access_4,437,Palatine
trip_unlinked,mode_train_access_4,438,Park Ridge
trip_unlinked,mode_train_access_4,439,Pingree Road
trip_unlinked,mode_train_access_4,440,Woodstock
trip_unlinked,mode_train_access_4,441,Bellwood
trip_unlinked,mode_train_access_4,442,Berkeley
trip_unlinked,mode_train_access_4,443,Chicago OTC-UPW
trip_unlinked,mode_train_access_4,444,College Ave
trip_unlinked,mode_train_access_4,445,Elburn
trip_unlinked,mode_train_access_4,446,Elmhurst
trip_unlinked,mode_train_access_4,447,Geneva
trip_unlinked,mode_train_access_4,448,Glen Ellyn
trip_unlinked,mode_train_access_4,449,Kedzie
trip_unlinked,mode_train_access_4,450,La Fox
trip_unlinked,mode_train_access_4,451,Lombard
trip_unlinked,mode_train_access_4,452,Maywood
trip_unlinked,mode_train_access_4,453,Melrose Park
trip_unlinked,mode_train_access_4,454,Oak Park
trip_unlinked,mode_train_access_4,455,River Forest
trip_unlinked,mode_train_access_4,456,Villa Park
trip_unlinked,mode_train_access_4,457,West Chicago
trip_unlinked,mode_train_access_4,458,Wheaton
trip_unlinked,mode_train_access_4,459,Winfield
trip_unlinked,mode_train_access_4,460,11th St. (Michigan City)
trip_unlinked,mode_train_access_4,461,57th St.
trip_unlinked,mode_train_access_4,463,Beverly Shores
trip_unlinked,mode_train_access_4,464,Carroll Ave. (Michigan City)
trip_unlinked,mode_train_access_4,465,Dune Park
trip_unlinked,mode_train_access_4,466,East Chicago
trip_unlinked,mode_train_access_4,467,Gary Metro Center
trip_unlinked,mode_train_access_4,468,Gary/Chicago Airport
trip_unlinked,mode_train_access_4,469,Hammond
trip_unlinked,mode_train_access_4,470,Hegewisch
trip_unlinked,mode_train_access_4,471,Hudson Lake
trip_unlinked,mode_train_access_4,473,Millennium Station-NICTD
trip_unlinked,mode_train_access_4,474,Miller
trip_unlinked,mode_train_access_4,476,Portage/Ogden Dunes
trip_unlinked,mode_train_access_4,477,South Bend Airport
trip_unlinked,mode_train_access_4,479,Damen-Green
trip_unlinked,mode_train_access_4,995,Missing Response
trip_unlinked,mode_train_egress_4,21,Addison-Blue
trip_unlinked,mode_train_egress_4,22,Austin-Blue
trip_unlinked,mode_train_egress_4,23,Belmont-Blue
trip_unlinked,mode_train_egress_4,24,California-O'Hare
trip_unlinked,mode_train_egress_4,25,Chicago-Blue
trip_unlinked,mode_train_egress_4,26,Cicero-Forest Park
trip_unlinked,mode_train_egress_4,27,Clark/Lake (Subway)
trip_unlinked,mode_train_egress_4,28,Clinton-Blue
trip_unlinked,mode_train_egress_4,29,Cumberland
trip_unlinked,mode_train_egress_4,30,Damen-O'Hare
trip_unlinked,mode_train_egress_4,31,Division
trip_unlinked,mode_train_egress_4,32,Forest Park
trip_unlinked,mode_train_egress_4,33,Grand-Blue
trip_unlinked,mode_train_egress_4,34,Harlem-Forest Park
trip_unlinked,mode_train_egress_4,35,Harlem-O'Hare
trip_unlinked,mode_train_egress_4,36,Illinois Medical District
trip_unlinked,mode_train_egress_4,37,Irving Park-Blue
trip_unlinked,mode_train_egress_4,38,Jackson-Blue
trip_unlinked,mode_train_egress_4,39,Jefferson Park
trip_unlinked,mode_train_egress_4,40,Kedzie-Homan
trip_unlinked,mode_train_egress_4,41,LaSalle
trip_unlinked,mode_train_egress_4,42,Logan Square
trip_unlinked,mode_train_egress_4,43,Monroe-Blue
trip_unlinked,mode_train_egress_4,44,Montrose-Blue
trip_unlinked,mode_train_egress_4,45,O'Hare
trip_unlinked,mode_train_egress_4,46,Oak Park-Blue
trip_unlinked,mode_train_egress_4,47,Pulaski-Forest Park
trip_unlinked,mode_train_egress_4,48,Racine
trip_unlinked,mode_train_egress_4,49,Rosemont
trip_unlinked,mode_train_egress_4,50,UIC-Halsted
trip_unlinked,mode_train_egress_4,51,Washington-Blue
trip_unlinked,mode_train_egress_4,52,Western-Forest Park
trip_unlinked,mode_train_egress_4,53,Western-O'Hare
trip_unlinked,mode_train_egress_4,54,Adams/Wabash-Brown
trip_unlinked,mode_train_egress_4,55,Addison-Brown
trip_unlinked,mode_train_egress_4,56,Armitage-Brown
trip_unlinked,mode_train_egress_4,57,Belmont-Brown
trip_unlinked,mode_train_egress_4,58,Chicago-Brown
trip_unlinked,mode_train_egress_4,59,Clark/Lake (Elevated)-Brown
trip_unlinked,mode_train_egress_4,60,Damen-Brown
trip_unlinked,mode_train_egress_4,61,Diversey-Brown
trip_unlinked,mode_train_egress_4,62,Francisco
trip_unlinked,mode_train_egress_4,63,Fullerton-Brown
trip_unlinked,mode_train_egress_4,64,Harold Washington Library-Brown
trip_unlinked,mode_train_egress_4,65,Irving Park-Brown
trip_unlinked,mode_train_egress_4,66,Kedzie-Brown
trip_unlinked,mode_train_egress_4,67,Kimball
trip_unlinked,mode_train_egress_4,68,LaSalle/Van Buren-Brown
trip_unlinked,mode_train_egress_4,69,Merchandise Mart-Brown
trip_unlinked,mode_train_egress_4,70,Montrose-Brown
trip_unlinked,mode_train_egress_4,71,Paulina
trip_unlinked,mode_train_egress_4,72,Quincy-Brown
trip_unlinked,mode_train_egress_4,73,Rockwell
trip_unlinked,mode_train_egress_4,74,Sedgwick-Brown
trip_unlinked,mode_train_egress_4,75,Southport
trip_unlinked,mode_train_egress_4,76,State/Lake-Brown
trip_unlinked,mode_train_egress_4,77,Washington/Wabash-Brown
trip_unlinked,mode_train_egress_4,78,Washington/Wells-Brown
trip_unlinked,mode_train_egress_4,79,Wellington-Brown
trip_unlinked,mode_train_egress_4,80,Western-Brown
trip_unlinked,mode_train_egress_4,81,35-Bronzeville-IIT
trip_unlinked,mode_train_egress_4,82,43rd
trip_unlinked,mode_train_egress_4,83,47th-Green
trip_unlinked,mode_train_egress_4,84,51st
trip_unlinked,mode_train_egress_4,85,Adams/Wabash-Green
trip_unlinked,mode_train_egress_4,86,Ashland-Lake-Green
trip_unlinked,mode_train_egress_4,87,Ashland/63rd
trip_unlinked,mode_train_egress_4,88,Austin-Green
trip_unlinked,mode_train_egress_4,89,California-Green
trip_unlinked,mode_train_egress_4,90,Central-Green
trip_unlinked,mode_train_egress_4,91,Cermak-McCormick Place
trip_unlinked,mode_train_egress_4,92,Cicero-Green
trip_unlinked,mode_train_egress_4,93,Clark/Lake (Elevated)-Green
trip_unlinked,mode_train_egress_4,94,Clinton-Green
trip_unlinked,mode_train_egress_4,95,Conservatory
trip_unlinked,mode_train_egress_4,96,East 63rd-Cottage Grove
trip_unlinked,mode_train_egress_4,97,Garfield-Green
trip_unlinked,mode_train_egress_4,98,Halsted-Green
trip_unlinked,mode_train_egress_4,99,Harlem-Green
trip_unlinked,mode_train_egress_4,100,Indiana
trip_unlinked,mode_train_egress_4,101,Kedzie-Green
trip_unlinked,mode_train_egress_4,102,King Drive
trip_unlinked,mode_train_egress_4,103,Laramie
trip_unlinked,mode_train_egress_4,104,Morgan-Green
trip_unlinked,mode_train_egress_4,105,Oak Park-Green
trip_unlinked,mode_train_egress_4,106,Pulaski-Green
trip_unlinked,mode_train_egress_4,107,Ridgeland
trip_unlinked,mode_train_egress_4,108,Roosevelt (Elevated)-Green
trip_unlinked,mode_train_egress_4,109,State/Lake-Green
trip_unlinked,mode_train_egress_4,110,Washington/Wabash-Green
trip_unlinked,mode_train_egress_4,111,35th/Archer
trip_unlinked,mode_train_egress_4,112,Adams/Wabash-Orange
trip_unlinked,mode_train_egress_4,113,Ashland-Orange
trip_unlinked,mode_train_egress_4,114,Clark/Lake (Elevated)-Orange
trip_unlinked,mode_train_egress_4,115,Halsted-Orange
trip_unlinked,mode_train_egress_4,116,Harold Washington Library-Orange
trip_unlinked,mode_train_egress_4,117,Kedzie-Orange
trip_unlinked,mode_train_egress_4,118,LaSalle/Van Buren-Orange
trip_unlinked,mode_train_egress_4,119,Midway
trip_unlinked,mode_train_egress_4,120,Pulaski-Orange
trip_unlinked,mode_train_egress_4,121,Quincy-Orange
trip_unlinked,mode_train_egress_4,122,Roosevelt (Elevated)-Orange
trip_unlinked,mode_train_egress_4,123,State/Lake-Orange
trip_unlinked,mode_train_egress_4,124,Washington/Wabash-Orange
trip_unlinked,mode_train_egress_4,125,Washington/Wells-Orange
trip_unlinked,mode_train_egress_4,126,Western-Orange
trip_unlinked,mode_train_egress_4,127,Adams/Wabash-Purple
trip_unlinked,mode_train_egress_4,128,Armitage-Purple
trip_unlinked,mode_train_egress_4,129,Belmont-Purple
trip_unlinked,mode_train_egress_4,130,Central-Purple
trip_unlinked,mode_train_egress_4,131,Chicago-Purple
trip_unlinked,mode_train_egress_4,132,Clark/Lake (Elevated)-Purple
trip_unlinked,mode_train_egress_4,133,Davis
trip_unlinked,mode_train_egress_4,134,Dempster
trip_unlinked,mode_train_egress_4,135,Diversey-Purple
trip_unlinked,mode_train_egress_4,136,Foster
trip_unlinked,mode_train_egress_4,137,Fullerton-Purple
trip_unlinked,mode_train_egress_4,138,Harold Washington Library-Purple
trip_unlinked,mode_train_egress_4,139,Howard-Purple
trip_unlinked,mode_train_egress_4,140,LaSalle/Van Buren-Purple
trip_unlinked,mode_train_egress_4,141,Linden
trip_unlinked,mode_train_egress_4,142,Main
trip_unlinked,mode_train_egress_4,143,Merchandise Mart-Purple
trip_unlinked,mode_train_egress_4,144,Noyes
trip_unlinked,mode_train_egress_4,145,Quincy-Purple
trip_unlinked,mode_train_egress_4,146,Sedgwick-Purple
trip_unlinked,mode_train_egress_4,147,South Boulevard
trip_unlinked,mode_train_egress_4,148,State/Lake-Purple
trip_unlinked,mode_train_egress_4,149,Washington/Wabash-Purple
trip_unlinked,mode_train_egress_4,150,Washington/Wells-Purple
trip_unlinked,mode_train_egress_4,151,Wellington-Purple
trip_unlinked,mode_train_egress_4,152,Wilson-North Outer
trip_unlinked,mode_train_egress_4,153,Wilson-South Outer
trip_unlinked,mode_train_egress_4,154,18th
trip_unlinked,mode_train_egress_4,155,54th/Cermak
trip_unlinked,mode_train_egress_4,156,Adams/Wabash-Pink
trip_unlinked,mode_train_egress_4,157,Ashland-Lake-Pink
trip_unlinked,mode_train_egress_4,158,California-Cermak
trip_unlinked,mode_train_egress_4,159,Central Park
trip_unlinked,mode_train_egress_4,160,Cicero-Cermak
trip_unlinked,mode_train_egress_4,161,Clark/Lake (Elevated)-Pink
trip_unlinked,mode_train_egress_4,162,Clinton-Pink
trip_unlinked,mode_train_egress_4,163,Damen-Cermak
trip_unlinked,mode_train_egress_4,164,Harold Washington Library
trip_unlinked,mode_train_egress_4,165,Kedzie-Cermak
trip_unlinked,mode_train_egress_4,166,Kostner
trip_unlinked,mode_train_egress_4,167,LaSalle/Van Buren-Pink
trip_unlinked,mode_train_egress_4,168,Morgan-Pink
trip_unlinked,mode_train_egress_4,169,Polk
trip_unlinked,mode_train_egress_4,170,Pulaski-Cermak
trip_unlinked,mode_train_egress_4,171,Quincy-Pink
trip_unlinked,mode_train_egress_4,172,State/Lake-Pink
trip_unlinked,mode_train_egress_4,173,Washington/Wabash-Pink
trip_unlinked,mode_train_egress_4,174,Washington/Wells-Pink
trip_unlinked,mode_train_egress_4,175,Western-Cermak
trip_unlinked,mode_train_egress_4,176,47th-Red
trip_unlinked,mode_train_egress_4,177,63rd
trip_unlinked,mode_train_egress_4,178,69th
trip_unlinked,mode_train_egress_4,179,79th
trip_unlinked,mode_train_egress_4,180,87th
trip_unlinked,mode_train_egress_4,181,95th
trip_unlinked,mode_train_egress_4,182,Addison-Red
trip_unlinked,mode_train_egress_4,183,Argyle
trip_unlinked,mode_train_egress_4,184,Belmont-Red
trip_unlinked,mode_train_egress_4,185,Bryn Mawr
trip_unlinked,mode_train_egress_4,186,Cermak-Chinatown
trip_unlinked,mode_train_egress_4,187,Chicago-Red
trip_unlinked,mode_train_egress_4,188,Clark/Division
trip_unlinked,mode_train_egress_4,189,Fullerton-Red
trip_unlinked,mode_train_egress_4,190,Garfield-Red
trip_unlinked,mode_train_egress_4,191,Grand-Red
trip_unlinked,mode_train_egress_4,192,Granville
trip_unlinked,mode_train_egress_4,193,Harrison
trip_unlinked,mode_train_egress_4,194,Howard-Red
trip_unlinked,mode_train_egress_4,195,Jackson-Red
trip_unlinked,mode_train_egress_4,196,Jarvis
trip_unlinked,mode_train_egress_4,197,Lake
trip_unlinked,mode_train_egress_4,198,Loyola
trip_unlinked,mode_train_egress_4,199,Monroe-Red
trip_unlinked,mode_train_egress_4,200,Morse
trip_unlinked,mode_train_egress_4,201,North/Clybourn
trip_unlinked,mode_train_egress_4,202,Roosevelt (Subway)
trip_unlinked,mode_train_egress_4,203,Sheridan
trip_unlinked,mode_train_egress_4,204,Sox-35th
trip_unlinked,mode_train_egress_4,205,Thorndale
trip_unlinked,mode_train_egress_4,206,Wilson-North Inner
trip_unlinked,mode_train_egress_4,207,Wilson-South Inner
trip_unlinked,mode_train_egress_4,208,Dempster-Skokie
trip_unlinked,mode_train_egress_4,209,Howard-Yellow
trip_unlinked,mode_train_egress_4,210,Oakton-Skokie
trip_unlinked,mode_train_egress_4,211,Aurora
trip_unlinked,mode_train_egress_4,212,Belmont
trip_unlinked,mode_train_egress_4,213,Berwyn
trip_unlinked,mode_train_egress_4,214,Brookfield
trip_unlinked,mode_train_egress_4,215,Chicago Union Station-BNSF
trip_unlinked,mode_train_egress_4,216,Cicero
trip_unlinked,mode_train_egress_4,217,Clarendon Hills
trip_unlinked,mode_train_egress_4,218,Congress Park
trip_unlinked,mode_train_egress_4,219,Downers Grove
trip_unlinked,mode_train_egress_4,220,Fairview Ave.
trip_unlinked,mode_train_egress_4,221,Halsted Street
trip_unlinked,mode_train_egress_4,222,Harlem Ave.
trip_unlinked,mode_train_egress_4,223,Highlands
trip_unlinked,mode_train_egress_4,224,Hinsdale
trip_unlinked,mode_train_egress_4,225,Hollywood
trip_unlinked,mode_train_egress_4,226,LaGrange Road
trip_unlinked,mode_train_egress_4,227,Lavergne
trip_unlinked,mode_train_egress_4,228,Lisle
trip_unlinked,mode_train_egress_4,229,Naperville
trip_unlinked,mode_train_egress_4,230,Riverside
trip_unlinked,mode_train_egress_4,231,Route 59
trip_unlinked,mode_train_egress_4,232,Stone Ave.
trip_unlinked,mode_train_egress_4,233,West Hinsdale
trip_unlinked,mode_train_egress_4,234,Western Avenue
trip_unlinked,mode_train_egress_4,235,Western Springs
trip_unlinked,mode_train_egress_4,236,Westmont
trip_unlinked,mode_train_egress_4,239,Lemont
trip_unlinked,mode_train_egress_4,240,Lockport
trip_unlinked,mode_train_egress_4,241,Romeoville
trip_unlinked,mode_train_egress_4,242,Summit
trip_unlinked,mode_train_egress_4,243,Willow Springs
trip_unlinked,mode_train_egress_4,244,Chicago Union Station-MN
trip_unlinked,mode_train_egress_4,245,Deerfield
trip_unlinked,mode_train_egress_4,246,Edgebrook
trip_unlinked,mode_train_egress_4,247,Forest Glen
trip_unlinked,mode_train_egress_4,248,Fox Lake
trip_unlinked,mode_train_egress_4,249,Glen/N. Glenview
trip_unlinked,mode_train_egress_4,250,Glenview
trip_unlinked,mode_train_egress_4,251,Golf
trip_unlinked,mode_train_egress_4,252,Grayland
trip_unlinked,mode_train_egress_4,253,Grayslake
trip_unlinked,mode_train_egress_4,254,Healy
trip_unlinked,mode_train_egress_4,255,Ingleside
trip_unlinked,mode_train_egress_4,256,Lake Forest
trip_unlinked,mode_train_egress_4,257,Lake-Cook
trip_unlinked,mode_train_egress_4,258,Libertyville
trip_unlinked,mode_train_egress_4,259,Long Lake
trip_unlinked,mode_train_egress_4,260,Mayfair
trip_unlinked,mode_train_egress_4,261,Morton Grove
trip_unlinked,mode_train_egress_4,262,Northbrook
trip_unlinked,mode_train_egress_4,263,Prairie Crossing
trip_unlinked,mode_train_egress_4,264,Round Lake
trip_unlinked,mode_train_egress_4,265,Western Ave
trip_unlinked,mode_train_egress_4,266,Bartlett
trip_unlinked,mode_train_egress_4,267,Bensenville
trip_unlinked,mode_train_egress_4,268,Big Timber
trip_unlinked,mode_train_egress_4,269,Chicago Union Station-MW
trip_unlinked,mode_train_egress_4,270,Elgin
trip_unlinked,mode_train_egress_4,271,Elmwood Park
trip_unlinked,mode_train_egress_4,272,Franklin Park
trip_unlinked,mode_train_egress_4,273,Galewood
trip_unlinked,mode_train_egress_4,274,Grand/Cicero
trip_unlinked,mode_train_egress_4,275,Hanover Park
trip_unlinked,mode_train_egress_4,276,Hanson Park
trip_unlinked,mode_train_egress_4,277,Itasca
trip_unlinked,mode_train_egress_4,278,Mannheim
trip_unlinked,mode_train_egress_4,279,Mars
trip_unlinked,mode_train_egress_4,280,Medinah
trip_unlinked,mode_train_egress_4,281,Mont Clare
trip_unlinked,mode_train_egress_4,282,National St
trip_unlinked,mode_train_egress_4,284,Roselle
trip_unlinked,mode_train_egress_4,285,Schaumburg
trip_unlinked,mode_train_egress_4,287,Wood Dale
trip_unlinked,mode_train_egress_4,288,107th St.
trip_unlinked,mode_train_egress_4,289,111th St. (Pullman)
trip_unlinked,mode_train_egress_4,290,18th St.
trip_unlinked,mode_train_egress_4,291,211th St.
trip_unlinked,mode_train_egress_4,292,27th St.
trip_unlinked,mode_train_egress_4,293,47th St. (Kenwood)
trip_unlinked,mode_train_egress_4,294,51st/53rd St. (Hyde Park)
trip_unlinked,mode_train_egress_4,295,55th - 56th - 57th St.
trip_unlinked,mode_train_egress_4,296,59th St. (U. of Chicago)
trip_unlinked,mode_train_egress_4,297,63rd St.
trip_unlinked,mode_train_egress_4,298,75th St. (Grand Crossing)
trip_unlinked,mode_train_egress_4,299,83rd St.
trip_unlinked,mode_train_egress_4,300,83rd St. (Avalon Park)
trip_unlinked,mode_train_egress_4,301,87th St.
trip_unlinked,mode_train_egress_4,302,87th St. (Woodruff)
trip_unlinked,mode_train_egress_4,303,91st St.
trip_unlinked,mode_train_egress_4,304,95th St.
trip_unlinked,mode_train_egress_4,305,Ashland
trip_unlinked,mode_train_egress_4,306,Blue Island
trip_unlinked,mode_train_egress_4,308,Burr Oak
trip_unlinked,mode_train_egress_4,309,Calumet
trip_unlinked,mode_train_egress_4,310,Cheltenham (79th St.)
trip_unlinked,mode_train_egress_4,311,Flossmoor
trip_unlinked,mode_train_egress_4,312,Harvey
trip_unlinked,mode_train_egress_4,313,Hazel Crest
trip_unlinked,mode_train_egress_4,314,Homewood
trip_unlinked,mode_train_egress_4,315,Ivanhoe
trip_unlinked,mode_train_egress_4,316,Kensington
trip_unlinked,mode_train_egress_4,317,Matteson
trip_unlinked,mode_train_egress_4,319,Millennium Station-ME
trip_unlinked,mode_train_egress_4,320,Museum Campus/11th St.
trip_unlinked,mode_train_egress_4,321,Olympia Fields
trip_unlinked,mode_train_egress_4,323,Richton Park
trip_unlinked,mode_train_egress_4,324,Riverdale
trip_unlinked,mode_train_egress_4,325,South Chicago (93rd)
trip_unlinked,mode_train_egress_4,326,South Shore
trip_unlinked,mode_train_egress_4,327,State St.
trip_unlinked,mode_train_egress_4,328,Stewart Ridge
trip_unlinked,mode_train_egress_4,329,Stony Island
trip_unlinked,mode_train_egress_4,330,University Park
trip_unlinked,mode_train_egress_4,331,Van Buren St.
trip_unlinked,mode_train_egress_4,332,West Pullman
trip_unlinked,mode_train_egress_4,333,Windsor Park
trip_unlinked,mode_train_egress_4,334,Antioch
trip_unlinked,mode_train_egress_4,335,Buffalo Grove
trip_unlinked,mode_train_egress_4,336,Chicago Union Station-NCS
trip_unlinked,mode_train_egress_4,337,Franklin Pk
trip_unlinked,mode_train_egress_4,338,Lake Villa
trip_unlinked,mode_train_egress_4,339,Mundelein
trip_unlinked,mode_train_egress_4,340,OHare Transfer
trip_unlinked,mode_train_egress_4,341,Prairie Crossing.
trip_unlinked,mode_train_egress_4,342,Prairie View
trip_unlinked,mode_train_egress_4,343,Prospect Hts
trip_unlinked,mode_train_egress_4,346,Round Lake Beach
trip_unlinked,mode_train_egress_4,347,Schiller Park
trip_unlinked,mode_train_egress_4,348,Vernon Hills
trip_unlinked,mode_train_egress_4,349,Washington St (Grayslake)
trip_unlinked,mode_train_egress_4,351,Wheeling
trip_unlinked,mode_train_egress_4,352,103rd St. - Beverly Hills
trip_unlinked,mode_train_egress_4,353,103rd St.-Washington Hts.
trip_unlinked,mode_train_egress_4,354,107th St. - Beverly Hills
trip_unlinked,mode_train_egress_4,355,111th St. - Morgan Park
trip_unlinked,mode_train_egress_4,356,115th St. - Morgan Park
trip_unlinked,mode_train_egress_4,357,119th St.
trip_unlinked,mode_train_egress_4,358,123rd St.
trip_unlinked,mode_train_egress_4,359,35th St. - Lou Jones
trip_unlinked,mode_train_egress_4,360,91st St. - Beverly Hills
trip_unlinked,mode_train_egress_4,361,95th St. - Beverly Hills
trip_unlinked,mode_train_egress_4,362,95th St.-Longwood
trip_unlinked,mode_train_egress_4,363,99th St. - Beverly Hills
trip_unlinked,mode_train_egress_4,364,Blue Island-Vermont
trip_unlinked,mode_train_egress_4,365,Brainerd
trip_unlinked,mode_train_egress_4,366,Gresham
trip_unlinked,mode_train_egress_4,367,Hickory Creek
trip_unlinked,mode_train_egress_4,368,Joliet
trip_unlinked,mode_train_egress_4,369,LaSalle Street
trip_unlinked,mode_train_egress_4,370,Midlothian
trip_unlinked,mode_train_egress_4,371,Mokena
trip_unlinked,mode_train_egress_4,372,New Lenox
trip_unlinked,mode_train_egress_4,373,Oak Forest
trip_unlinked,mode_train_egress_4,374,Prairie St.
trip_unlinked,mode_train_egress_4,375,Robbins
trip_unlinked,mode_train_egress_4,376,Tinley Park
trip_unlinked,mode_train_egress_4,377,Tinley-80th
trip_unlinked,mode_train_egress_4,378,Ashburn
trip_unlinked,mode_train_egress_4,379,Chicago Ridge
trip_unlinked,mode_train_egress_4,380,Chicago Union Station-SS
trip_unlinked,mode_train_egress_4,381,Laraway Road
trip_unlinked,mode_train_egress_4,382,Manhattan
trip_unlinked,mode_train_egress_4,383,Oak Lawn Patriot
trip_unlinked,mode_train_egress_4,384,Orland Park 143rd
trip_unlinked,mode_train_egress_4,385,Orland Park 153rd
trip_unlinked,mode_train_egress_4,386,Orland Park 179th
trip_unlinked,mode_train_egress_4,387,Palos Heights
trip_unlinked,mode_train_egress_4,388,Palos Park
trip_unlinked,mode_train_egress_4,389,Worth
trip_unlinked,mode_train_egress_4,390,Wrightwood
trip_unlinked,mode_train_egress_4,391,Braeside
trip_unlinked,mode_train_egress_4,392,Central St.
trip_unlinked,mode_train_egress_4,393,Chicago OTC-UPN
trip_unlinked,mode_train_egress_4,394,Clybourn
trip_unlinked,mode_train_egress_4,395,Evanston (Davis St.)
trip_unlinked,mode_train_egress_4,396,Fort Sheridan
trip_unlinked,mode_train_egress_4,397,Glencoe
trip_unlinked,mode_train_egress_4,398,Great Lakes
trip_unlinked,mode_train_egress_4,399,Highland Park
trip_unlinked,mode_train_egress_4,400,Highwood
trip_unlinked,mode_train_egress_4,401,Hubbard Woods
trip_unlinked,mode_train_egress_4,402,Indian Hill
trip_unlinked,mode_train_egress_4,403,Kenilworth
trip_unlinked,mode_train_egress_4,404,Kenosha
trip_unlinked,mode_train_egress_4,405,Lake Bluff
trip_unlinked,mode_train_egress_4,406,Lake Forest.
trip_unlinked,mode_train_egress_4,407,Main St.
trip_unlinked,mode_train_egress_4,408,North Chicago
trip_unlinked,mode_train_egress_4,409,Ravenswood
trip_unlinked,mode_train_egress_4,410,Ravinia
trip_unlinked,mode_train_egress_4,411,Ravinia Park
trip_unlinked,mode_train_egress_4,412,Rogers Park
trip_unlinked,mode_train_egress_4,413,Waukegan
trip_unlinked,mode_train_egress_4,414,Wilmette
trip_unlinked,mode_train_egress_4,415,Winnetka
trip_unlinked,mode_train_egress_4,416,Winthrop Harbor
trip_unlinked,mode_train_egress_4,417,Zion
trip_unlinked,mode_train_egress_4,418,Arlington Heights
trip_unlinked,mode_train_egress_4,419,Arlington Park
trip_unlinked,mode_train_egress_4,420,Barrington
trip_unlinked,mode_train_egress_4,421,Cary
trip_unlinked,mode_train_egress_4,422,Chicago OTC-UPNW
trip_unlinked,mode_train_egress_4,424,Crystal Lake
trip_unlinked,mode_train_egress_4,426,Dee Road
trip_unlinked,mode_train_egress_4,427,Des Plaines
trip_unlinked,mode_train_egress_4,428,Edison Park
trip_unlinked,mode_train_egress_4,429,Fox River Grove
trip_unlinked,mode_train_egress_4,430,Gladstone Park
trip_unlinked,mode_train_egress_4,431,Harvard
trip_unlinked,mode_train_egress_4,432,Irving Park
trip_unlinked,mode_train_egress_4,434,McHenry
trip_unlinked,mode_train_egress_4,435,Mt. Prospect
trip_unlinked,mode_train_egress_4,436,Norwood Park
trip_unlinked,mode_train_egress_4,437,Palatine
trip_unlinked,mode_train_egress_4,438,Park Ridge
trip_unlinked,mode_train_egress_4,439,Pingree Road
trip_unlinked,mode_train_egress_4,440,Woodstock
trip_unlinked,mode_train_egress_4,441,Bellwood
trip_unlinked,mode_train_egress_4,442,Berkeley
trip_unlinked,mode_train_egress_4,443,Chicago OTC-UPW
trip_unlinked,mode_train_egress_4,444,College Ave
trip_unlinked,mode_train_egress_4,445,Elburn
trip_unlinked,mode_train_egress_4,446,Elmhurst
trip_unlinked,mode_train_egress_4,447,Geneva
trip_unlinked,mode_train_egress_4,448,Glen Ellyn
trip_unlinked,mode_train_egress_4,449,Kedzie
trip_unlinked,mode_train_egress_4,450,La Fox
trip_unlinked,mode_train_egress_4,451,Lombard
trip_unlinked,mode_train_egress_4,452,Maywood
trip_unlinked,mode_train_egress_4,453,Melrose Park
trip_unlinked,mode_train_egress_4,454,Oak Park
trip_unlinked,mode_train_egress_4,455,River Forest
trip_unlinked,mode_train_egress_4,456,Villa Park
trip_unlinked,mode_train_egress_4,457,West Chicago
trip_unlinked,mode_train_egress_4,458,Wheaton
trip_unlinked,mode_train_egress_4,459,Winfield
trip_unlinked,mode_train_egress_4,460,11th St. (Michigan City)
trip_unlinked,mode_train_egress_4,461,57th St.
trip_unlinked,mode_train_egress_4,463,Beverly Shores
trip_unlinked,mode_train_egress_4,464,Carroll Ave. (Michigan City)
trip_unlinked,mode_train_egress_4,465,Dune Park
trip_unlinked,mode_train_egress_4,466,East Chicago
trip_unlinked,mode_train_egress_4,467,Gary Metro Center
trip_unlinked,mode_train_egress_4,468,Gary/Chicago Airport
trip_unlinked,mode_train_egress_4,469,Hammond
trip_unlinked,mode_train_egress_4,470,Hegewisch
trip_unlinked,mode_train_egress_4,471,Hudson Lake
trip_unlinked,mode_train_egress_4,473,Millennium Station-NICTD
trip_unlinked,mode_train_egress_4,474,Miller
trip_unlinked,mode_train_egress_4,476,Portage/Ogden Dunes
trip_unlinked,mode_train_egress_4,477,South Bend Airport
trip_unlinked,mode_train_egress_4,479,Damen-Green
trip_unlinked,mode_train_egress_4,995,Missing Response
trip_unlinked,transit_type_4,1,Free (no cost at all)
trip_unlinked,transit_type_4,2,1-day pass
trip_unlinked,transit_type_4,4,Don't know
trip_unlinked,transit_type_4,6,Used a transfer from a previous transit trip
trip_unlinked,transit_type_4,7,Single ride ticket
trip_unlinked,transit_type_4,8,3-day pass
trip_unlinked,transit_type_4,9,7-day pass
trip_unlinked,transit_type_4,10,Day Pass 5-Pack
trip_unlinked,transit_type_4,11,30-day or monthly pass
trip_unlinked,transit_type_4,995,Missing Response
trip_unlinked,taxi_pay,1,Provided total taxi cost
trip_unlinked,taxi_pay,2,Don't know
trip_unlinked,taxi_pay,995,Missing response
trip_unlinked,transit_pay,1,Provided total transit cost
trip_unlinked,transit_pay,2,Don't know
trip_unlinked,transit_pay,995,Missing response
trip_unlinked,bike_park_location,1,"Inside house/apartment (includes garage, porch, storage area)"
trip_unlinked,bike_park_location,2,Bike rack
trip_unlinked,bike_park_location,3,Bike locker
trip_unlinked,bike_park_location,4,Secured bike room
trip_unlinked,bike_park_location,5,"Locked to other object (e.g., post, tree)"
trip_unlinked,bike_park_location,6,Bike-share designated docking station
trip_unlinked,bike_park_location,7,Unlocked on-street
trip_unlinked,bike_park_location,8,In a parking garage/lot
trip_unlinked,bike_park_location,10,Carried it with me
trip_unlinked,bike_park_location,995,Missing Response
trip_unlinked,bike_park_location,997,Other
trip_unlinked,scooter_park_location,1,"Inside house/apartment (includes garage, porch, storage area)"
trip_unlinked,scooter_park_location,2,Bike/scooter rack
trip_unlinked,scooter_park_location,3,Locker for bikes/scooters
trip_unlinked,scooter_park_location,4,Secured room
trip_unlinked,scooter_park_location,5,"Locked to other object (e.g., post, tree)"
trip_unlinked,scooter_park_location,6,Scooter-share designated docking station
trip_unlinked,scooter_park_location,7,Unlocked on-street
trip_unlinked,scooter_park_location,8,In a parking garage/lot
trip_unlinked,scooter_park_location,10,Carried it with me
trip_unlinked,scooter_park_location,995,Missing Response
trip_unlinked,scooter_park_location,997,Other
trip_unlinked,num_travelers,0,0 travelers
trip_unlinked,num_travelers,1,1 traveler
trip_unlinked,num_travelers,2,2 travelers
trip_unlinked,num_travelers,3,3 travelers
trip_unlinked,num_travelers,4,4 travelers
trip_unlinked,num_travelers,5,5+ travelers
trip_unlinked,num_travelers,995,Missing Response
trip_unlinked,num_hh_travelers,0,0 household travelers
trip_unlinked,num_hh_travelers,1,1 household traveler
trip_unlinked,num_hh_travelers,2,2 household travelers
trip_unlinked,num_hh_travelers,3,3 household travelers
trip_unlinked,num_hh_travelers,4,4 household travelers
trip_unlinked,num_hh_travelers,5,5 household travelers
trip_unlinked,num_hh_travelers,6,6 household travelers
trip_unlinked,num_hh_travelers,7,7+ household travelers
trip_unlinked,num_hh_travelers,995,Missing Response
trip_unlinked,num_non_hh_travelers,0,0 non-household travelers
trip_unlinked,num_non_hh_travelers,1,1 non-household traveler
trip_unlinked,num_non_hh_travelers,2,2 non-household travelers
trip_unlinked,num_non_hh_travelers,3,3 non-household travelers
trip_unlinked,num_non_hh_travelers,4,4 non-household travelers
trip_unlinked,num_non_hh_travelers,5,5+ non-household travelers
trip_unlinked,num_non_hh_travelers,995,Missing Response
trip_unlinked,hh_member_1,0,No
trip_unlinked,hh_member_1,1,Yes
trip_unlinked,hh_member_1,995,Missing Response
trip_unlinked,hh_member_2,0,No
trip_unlinked,hh_member_2,1,Yes
trip_unlinked,hh_member_2,995,Missing Response
trip_unlinked,hh_member_3,0,No
trip_unlinked,hh_member_3,1,Yes
trip_unlinked,hh_member_3,995,Missing Response
trip_unlinked,hh_member_4,0,No
trip_unlinked,hh_member_4,1,Yes
trip_unlinked,hh_member_4,995,Missing Response
trip_unlinked,hh_member_5,0,No
trip_unlinked,hh_member_5,1,Yes
trip_unlinked,hh_member_5,995,Missing Response
trip_unlinked,hh_member_6,0,No
trip_unlinked,hh_member_6,1,Yes
trip_unlinked,hh_member_6,995,Missing Response
trip_unlinked,hh_member_7,0,No
trip_unlinked,hh_member_7,1,Yes
trip_unlinked,hh_member_7,995,Missing Response
trip_unlinked,hh_member_8,0,No
trip_unlinked,hh_member_8,1,Yes
trip_unlinked,hh_member_8,995,Missing Response
trip_unlinked,hh_member_9,0,No
trip_unlinked,hh_member_9,1,Yes
trip_unlinked,hh_member_9,995,Missing Response
trip_unlinked,hh_member_10,0,No
trip_unlinked,hh_member_10,1,Yes
trip_unlinked,hh_member_10,995,Missing Response
trip_unlinked,driver,1,Driver
trip_unlinked,driver,2,Passenger
trip_unlinked,driver,3,Both (switched drivers during trip)
trip_unlinked,driver,995,Missing Response
trip_unlinked,o_purpose,-1,Not imputable
trip_unlinked,o_purpose,1,Went home
trip_unlinked,o_purpose,2,"Went to work, work-related, volunteer-related"
trip_unlinked,o_purpose,3,Attended school/class
trip_unlinked,o_purpose,4,"Appointment, shopping, or errands (e.g., gas, food, medical visit)"
trip_unlinked,o_purpose,5,"Dropped off, picked up, or accompanied another person"
trip_unlinked,o_purpose,7,"Social, leisure, religious, entertainment activity"
trip_unlinked,o_purpose,10,Went to primary workplace
trip_unlinked,o_purpose,11,"Went to work-related activity (e.g., meeting, delivery, worksite)"
trip_unlinked,o_purpose,13,Volunteering
trip_unlinked,o_purpose,14,Other work-related
trip_unlinked,o_purpose,21,Attend K-12 school
trip_unlinked,o_purpose,22,Attend college/university
trip_unlinked,o_purpose,23,"Attend other type of class (e.g., cooking class)"
trip_unlinked,o_purpose,24,"Attend other education-related activity (e.g., field trip)"
trip_unlinked,o_purpose,25,Attend vocational education class
trip_unlinked,o_purpose,26,Attend daycare or preschool
trip_unlinked,o_purpose,30,Grocery shopping
trip_unlinked,o_purpose,31,Got gas
trip_unlinked,o_purpose,32,"Other routine shopping (e.g., clothing)"
trip_unlinked,o_purpose,33,"Errand without appointment (e.g., post office, bank)"
trip_unlinked,o_purpose,34,"Health care visit (e.g., doctor, dentist) for self"
trip_unlinked,o_purpose,36,"Shopping for non-routine item(s) (e.g., furniture, car, applicance)"
trip_unlinked,o_purpose,37,"Errand with appointment (e.g., haircut)"
trip_unlinked,o_purpose,44,"Other activity only (e.g., attend meeting, pick-up or drop-off item)"
trip_unlinked,o_purpose,45,Pick someone up
trip_unlinked,o_purpose,46,Drop someone off
trip_unlinked,o_purpose,47,"Accompany someone only (e.g., go along for the ride)"
trip_unlinked,o_purpose,48,BOTH pick up AND drop off
trip_unlinked,o_purpose,50,"Dined out, got coffee, or take-out"
trip_unlinked,o_purpose,51,"Exercise or recreation (e.g., gym, jog, bike, walk dog)"
trip_unlinked,o_purpose,52,Visit friends or relatives in their home
trip_unlinked,o_purpose,53,"Leisure/entertainment/cultural (e.g., cinema, museum, park)"
trip_unlinked,o_purpose,54,Religious/civic/volunteer activity
trip_unlinked,o_purpose,56,"Family activity (e.g., watch child's game)"
trip_unlinked,o_purpose,60,"Changed or transferred mode (e.g., waited for bus or exited bus)"
trip_unlinked,o_purpose,61,Other type of errand
trip_unlinked,o_purpose,62,Other type of leisure activity
trip_unlinked,o_purpose,99,Other reason
trip_unlinked,o_purpose,102,Drive thru or take-out dining
trip_unlinked,o_purpose,103,Ate/dined out
trip_unlinked,o_purpose,104,"Drive-thru errands (e.g., ATM, dry cleaning, pharmacy)"
trip_unlinked,o_purpose,105,"Serviced a vehicle (e.g., regular maintenance)"
trip_unlinked,o_purpose,106,"Health care visit (e.g., doctor, dentist) for someone else"
trip_unlinked,o_purpose,150,"Went to another residence (e.g., someone else's home, second home)"
trip_unlinked,o_purpose,152,"Went to temporary lodging (e.g., hotel, vacation rental)"
trip_unlinked,o_purpose,995,Missing Response
trip_unlinked,o_purpose_reported,1,Went home
trip_unlinked,o_purpose_reported,2,"Went to work, work-related, volunteer-related"
trip_unlinked,o_purpose_reported,3,Attended school/class
trip_unlinked,o_purpose_reported,4,"Appointment, shopping, or errands (e.g., gas, food, medical visit)"
trip_unlinked,o_purpose_reported,5,"Dropped off, picked up, or accompanied another person"
trip_unlinked,o_purpose_reported,7,"Social, leisure, religious, entertainment activity"
trip_unlinked,o_purpose_reported,10,Went to primary workplace
trip_unlinked,o_purpose_reported,11,"Went to work-related activity (e.g., meeting, delivery, worksite)"
trip_unlinked,o_purpose_reported,13,Volunteering
trip_unlinked,o_purpose_reported,14,Other work-related
trip_unlinked,o_purpose_reported,21,Attend K-12 school
trip_unlinked,o_purpose_reported,22,Attend college/university
trip_unlinked,o_purpose_reported,23,"Attend other type of class (e.g., cooking class)"
trip_unlinked,o_purpose_reported,24,"Attend other education-related activity (e.g., field trip)"
trip_unlinked,o_purpose_reported,25,Attend vocational education class
trip_unlinked,o_purpose_reported,26,Attend daycare or preschool
trip_unlinked,o_purpose_reported,30,Grocery shopping
trip_unlinked,o_purpose_reported,31,Got gas
trip_unlinked,o_purpose_reported,32,"Other routine shopping (e.g., clothing)"
trip_unlinked,o_purpose_reported,33,"Errand without appointment (e.g., post office, bank)"
trip_unlinked,o_purpose_reported,34,"Health care visit (e.g., doctor, dentist) for self"
trip_unlinked,o_purpose_reported,36,"Shopping for non-routine item(s) (e.g., furniture, car, applicance)"
trip_unlinked,o_purpose_reported,37,"Errand with appointment (e.g., haircut)"
trip_unlinked,o_purpose_reported,44,"Other activity only (e.g., attend meeting, pick-up or drop-off item)"
trip_unlinked,o_purpose_reported,45,Pick someone up
trip_unlinked,o_purpose_reported,46,Drop someone off
trip_unlinked,o_purpose_reported,47,"Accompany someone only (e.g., go along for the ride)"
trip_unlinked,o_purpose_reported,48,BOTH pick up AND drop off
trip_unlinked,o_purpose_reported,50,"Dined out, got coffee, or take-out"
trip_unlinked,o_purpose_reported,51,"Exercise or recreation (e.g., gym, jog, bike, walk dog)"
trip_unlinked,o_purpose_reported,52,Visit friends or relatives in their home
trip_unlinked,o_purpose_reported,53,"Leisure/entertainment/cultural (e.g., cinema, museum, park)"
trip_unlinked,o_purpose_reported,54,Religious/civic/volunteer activity
trip_unlinked,o_purpose_reported,56,"Family activity (e.g., watch child's game)"
trip_unlinked,o_purpose_reported,60,"Changed or transferred mode (e.g., waited for bus or exited bus)"
trip_unlinked,o_purpose_reported,61,Other type of errand
trip_unlinked,o_purpose_reported,62,Other type of leisure activity
trip_unlinked,o_purpose_reported,99,Other reason
trip_unlinked,o_purpose_reported,102,Drive thru or take-out dining
trip_unlinked,o_purpose_reported,103,Ate/dined out
trip_unlinked,o_purpose_reported,104,"Drive-thru errands (e.g., ATM, dry cleaning, pharmacy)"
trip_unlinked,o_purpose_reported,105,"Serviced a vehicle (e.g., regular maintenance)"
trip_unlinked,o_purpose_reported,106,"Health care visit (e.g., doctor, dentist) for someone else"
trip_unlinked,o_purpose_reported,150,"Went to another residence (e.g., someone else's home, second home)"
trip_unlinked,o_purpose_reported,152,"Went to temporary lodging (e.g., hotel, vacation rental)"
trip_unlinked,o_purpose_reported,995,Missing Response
trip_unlinked,o_purpose_category,-1,Not imputable
trip_unlinked,o_purpose_category,1,Home
trip_unlinked,o_purpose_category,2,Work
trip_unlinked,o_purpose_category,3,Work related
trip_unlinked,o_purpose_category,4,School
trip_unlinked,o_purpose_category,5,School related
trip_unlinked,o_purpose_category,6,Escort
trip_unlinked,o_purpose_category,7,Shop
trip_unlinked,o_purpose_category,8,Meal
trip_unlinked,o_purpose_category,9,Social/recreational
trip_unlinked,o_purpose_category,10,Errand
trip_unlinked,o_purpose_category,11,Change mode
trip_unlinked,o_purpose_category,12,Overnight
trip_unlinked,o_purpose_category,13,Other
trip_unlinked,o_purpose_category,995,Missing Response
trip_unlinked,o_purpose_category_reported,1,Home
trip_unlinked,o_purpose_category_reported,2,Work
trip_unlinked,o_purpose_category_reported,3,Work related
trip_unlinked,o_purpose_category_reported,4,School
trip_unlinked,o_purpose_category_reported,5,School related
trip_unlinked,o_purpose_category_reported,6,Escort
trip_unlinked,o_purpose_category_reported,7,Shop
trip_unlinked,o_purpose_category_reported,8,Meal
trip_unlinked,o_purpose_category_reported,9,Social/recreational
trip_unlinked,o_purpose_category_reported,10,Errand
trip_unlinked,o_purpose_category_reported,11,Change mode
trip_unlinked,o_purpose_category_reported,12,Overnight
trip_unlinked,o_purpose_category_reported,13,Other
trip_unlinked,o_purpose_category_reported,995,Missing Response
trip_unlinked,d_purpose,-1,Not imputable
trip_unlinked,d_purpose,1,Went home
trip_unlinked,d_purpose,2,"Went to work, work-related, volunteer-related"
trip_unlinked,d_purpose,3,Attended school/class
trip_unlinked,d_purpose,4,"Appointment, shopping, or errands (e.g., gas, food, medical visit)"
trip_unlinked,d_purpose,5,"Dropped off, picked up, or accompanied another person"
trip_unlinked,d_purpose,7,"Social, leisure, religious, entertainment activity"
trip_unlinked,d_purpose,10,Went to primary workplace
trip_unlinked,d_purpose,11,"Went to work-related activity (e.g., meeting, delivery, worksite)"
trip_unlinked,d_purpose,13,Volunteering
trip_unlinked,d_purpose,14,Other work-related
trip_unlinked,d_purpose,21,Attend K-12 school
trip_unlinked,d_purpose,22,Attend college/university
trip_unlinked,d_purpose,23,"Attend other type of class (e.g., cooking class)"
trip_unlinked,d_purpose,24,"Attend other education-related activity (e.g., field trip)"
trip_unlinked,d_purpose,25,Attend vocational education class
trip_unlinked,d_purpose,26,Attend daycare or preschool
trip_unlinked,d_purpose,30,Grocery shopping
trip_unlinked,d_purpose,31,Got gas
trip_unlinked,d_purpose,32,"Other routine shopping (e.g., clothing)"
trip_unlinked,d_purpose,33,"Errand without appointment (e.g., post office, bank)"
trip_unlinked,d_purpose,34,"Health care visit (e.g., doctor, dentist) for self"
trip_unlinked,d_purpose,36,"Shopping for non-routine item(s) (e.g., furniture, car, applicance)"
trip_unlinked,d_purpose,37,"Errand with appointment (e.g., haircut)"
trip_unlinked,d_purpose,44,"Other activity only (e.g., attend meeting, pick-up or drop-off item)"
trip_unlinked,d_purpose,45,Pick someone up
trip_unlinked,d_purpose,46,Drop someone off
trip_unlinked,d_purpose,47,"Accompany someone only (e.g., go along for the ride)"
trip_unlinked,d_purpose,48,BOTH pick up AND drop off
trip_unlinked,d_purpose,50,"Dined out, got coffee, or take-out"
trip_unlinked,d_purpose,51,"Exercise or recreation (e.g., gym, jog, bike, walk dog)"
trip_unlinked,d_purpose,52,Visit friends or relatives in their home
trip_unlinked,d_purpose,53,"Leisure/entertainment/cultural (e.g., cinema, museum, park)"
trip_unlinked,d_purpose,54,Religious/civic/volunteer activity
trip_unlinked,d_purpose,56,"Family activity (e.g., watch child's game)"
trip_unlinked,d_purpose,60,"Changed or transferred mode (e.g., waited for bus or exited bus)"
trip_unlinked,d_purpose,61,Other type of errand
trip_unlinked,d_purpose,62,Other type of leisure activity
trip_unlinked,d_purpose,99,Other reason
trip_unlinked,d_purpose,102,Drive thru or take-out dining
trip_unlinked,d_purpose,103,Ate/dined out
trip_unlinked,d_purpose,104,"Drive-thru errands (e.g., ATM, dry cleaning, pharmacy)"
trip_unlinked,d_purpose,105,"Serviced a vehicle (e.g., regular maintenance)"
trip_unlinked,d_purpose,106,"Health care visit (e.g., doctor, dentist) for someone else"
trip_unlinked,d_purpose,150,"Went to another residence (e.g., someone else's home, second home)"
trip_unlinked,d_purpose,152,"Went to temporary lodging (e.g., hotel, vacation rental)"
trip_unlinked,d_purpose_reported,-1,Not imputable
trip_unlinked,d_purpose_reported,1,Went home
trip_unlinked,d_purpose_reported,2,"Went to work, work-related, volunteer-related"
trip_unlinked,d_purpose_reported,3,Attended school/class
trip_unlinked,d_purpose_reported,4,"Appointment, shopping, or errands (e.g., gas, food, medical visit)"
trip_unlinked,d_purpose_reported,5,"Dropped off, picked up, or accompanied another person"
trip_unlinked,d_purpose_reported,7,"Social, leisure, religious, entertainment activity"
trip_unlinked,d_purpose_reported,10,Went to primary workplace
trip_unlinked,d_purpose_reported,11,"Went to work-related activity (e.g., meeting, delivery, worksite)"
trip_unlinked,d_purpose_reported,13,Volunteering
trip_unlinked,d_purpose_reported,14,Other work-related
trip_unlinked,d_purpose_reported,21,Attend K-12 school
trip_unlinked,d_purpose_reported,22,Attend college/university
trip_unlinked,d_purpose_reported,23,"Attend other type of class (e.g., cooking class)"
trip_unlinked,d_purpose_reported,24,"Attend other education-related activity (e.g., field trip)"
trip_unlinked,d_purpose_reported,25,Attend vocational education class
trip_unlinked,d_purpose_reported,26,Attend daycare or preschool
trip_unlinked,d_purpose_reported,30,Grocery shopping
trip_unlinked,d_purpose_reported,31,Got gas
trip_unlinked,d_purpose_reported,32,"Other routine shopping (e.g., clothing)"
trip_unlinked,d_purpose_reported,33,"Errand without appointment (e.g., post office, bank)"
trip_unlinked,d_purpose_reported,34,"Health care visit (e.g., doctor, dentist) for self"
trip_unlinked,d_purpose_reported,36,"Shopping for non-routine item(s) (e.g., furniture, car, applicance)"
trip_unlinked,d_purpose_reported,37,"Errand with appointment (e.g., haircut)"
trip_unlinked,d_purpose_reported,44,"Other activity only (e.g., attend meeting, pick-up or drop-off item)"
trip_unlinked,d_purpose_reported,45,Pick someone up
trip_unlinked,d_purpose_reported,46,Drop someone off
trip_unlinked,d_purpose_reported,47,"Accompany someone only (e.g., go along for the ride)"
trip_unlinked,d_purpose_reported,48,BOTH pick up AND drop off
trip_unlinked,d_purpose_reported,50,"Dined out, got coffee, or take-out"
trip_unlinked,d_purpose_reported,51,"Exercise or recreation (e.g., gym, jog, bike, walk dog)"
trip_unlinked,d_purpose_reported,52,Visit friends or relatives in their home
trip_unlinked,d_purpose_reported,53,"Leisure/entertainment/cultural (e.g., cinema, museum, park)"
trip_unlinked,d_purpose_reported,54,Religious/civic/volunteer activity
trip_unlinked,d_purpose_reported,56,"Family activity (e.g., watch child's game)"
trip_unlinked,d_purpose_reported,60,"Changed or transferred mode (e.g., waited for bus or exited bus)"
trip_unlinked,d_purpose_reported,61,Other type of errand
trip_unlinked,d_purpose_reported,62,Other type of leisure activity
trip_unlinked,d_purpose_reported,99,Other reason
trip_unlinked,d_purpose_reported,102,Drive thru or take-out dining
trip_unlinked,d_purpose_reported,103,Ate/dined out
trip_unlinked,d_purpose_reported,104,"Drive-thru errands (e.g., ATM, dry cleaning, pharmacy)"
trip_unlinked,d_purpose_reported,105,"Serviced a vehicle (e.g., regular maintenance)"
trip_unlinked,d_purpose_reported,106,"Health care visit (e.g., doctor, dentist) for someone else"
trip_unlinked,d_purpose_reported,150,"Went to another residence (e.g., someone else's home, second home)"
trip_unlinked,d_purpose_reported,152,"Went to temporary lodging (e.g., hotel, vacation rental)"
trip_unlinked,d_purpose_reported,995,Missing Response
trip_unlinked,d_purpose_category,-1,Not imputable
trip_unlinked,d_purpose_category,1,Home
trip_unlinked,d_purpose_category,2,Work
trip_unlinked,d_purpose_category,3,Work related
trip_unlinked,d_purpose_category,4,School
trip_unlinked,d_purpose_category,5,School related
trip_unlinked,d_purpose_category,6,Escort
trip_unlinked,d_purpose_category,7,Shop
trip_unlinked,d_purpose_category,8,Meal
trip_unlinked,d_purpose_category,9,Social/recreational
trip_unlinked,d_purpose_category,10,Errand
trip_unlinked,d_purpose_category,11,Change mode
trip_unlinked,d_purpose_category,12,Overnight
trip_unlinked,d_purpose_category,13,Other
trip_unlinked,d_purpose_category,14,Loop
trip_unlinked,d_purpose_category,995,Missing Response
trip_unlinked,d_purpose_category_reported,-1,Not imputable
trip_unlinked,d_purpose_category_reported,1,Home
trip_unlinked,d_purpose_category_reported,2,Work
trip_unlinked,d_purpose_category_reported,3,Work related
trip_unlinked,d_purpose_category_reported,4,School
trip_unlinked,d_purpose_category_reported,5,School related
trip_unlinked,d_purpose_category_reported,6,Escort
trip_unlinked,d_purpose_category_reported,7,Shop
trip_unlinked,d_purpose_category_reported,8,Meal
trip_unlinked,d_purpose_category_reported,9,Social/recreational
trip_unlinked,d_purpose_category_reported,10,Errand
trip_unlinked,d_purpose_category_reported,11,Change mode
trip_unlinked,d_purpose_category_reported,12,Overnight
trip_unlinked,d_purpose_category_reported,13,Other
trip_unlinked,d_purpose_category_reported,995,Missing Response
trip_unlinked,ontime_imp,1,Not at all
trip_unlinked,ontime_imp,2,A little
trip_unlinked,ontime_imp,3,Somewhat
trip_unlinked,ontime_imp,4,Very
trip_unlinked,ontime_imp,5,Extremely
trip_unlinked,ontime_imp,995,Missing Response
trip_unlinked,ontime_imp_why_1,0,Not selected
trip_unlinked,ontime_imp_why_1,1,Selected
trip_unlinked,ontime_imp_why_1,995,Missing Response
trip_unlinked,ontime_imp_why_2,0,Not selected
trip_unlinked,ontime_imp_why_2,1,Selected
trip_unlinked,ontime_imp_why_2,995,Missing Response
trip_unlinked,ontime_imp_why_3,0,Not selected
trip_unlinked,ontime_imp_why_3,1,Selected
trip_unlinked,ontime_imp_why_3,995,Missing Response
trip_unlinked,ontime_imp_why_4,0,Not selected
trip_unlinked,ontime_imp_why_4,1,Selected
trip_unlinked,ontime_imp_why_4,995,Missing Response
trip_unlinked,ontime_imp_why_5,0,Not selected
trip_unlinked,ontime_imp_why_5,1,Selected
trip_unlinked,ontime_imp_why_5,995,Missing Response
trip_unlinked,ontime_imp_why_6,0,Not selected
trip_unlinked,ontime_imp_why_6,1,Selected
trip_unlinked,ontime_imp_why_6,995,Missing Response
trip_unlinked,ontime_imp_why_997,0,Not selected
trip_unlinked,ontime_imp_why_997,1,Selected
trip_unlinked,ontime_imp_why_997,995,Missing Response
trip_unlinked,ontime_imp_action_1,0,Not selected
trip_unlinked,ontime_imp_action_1,1,Selected
trip_unlinked,ontime_imp_action_1,995,Missing Response
trip_unlinked,ontime_imp_action_2,0,Not selected
trip_unlinked,ontime_imp_action_2,1,Selected
trip_unlinked,ontime_imp_action_2,995,Missing Response
trip_unlinked,ontime_imp_action_3,0,Not selected
trip_unlinked,ontime_imp_action_3,1,Selected
trip_unlinked,ontime_imp_action_3,995,Missing Response
trip_unlinked,ontime_imp_action_4,0,Not selected
trip_unlinked,ontime_imp_action_4,1,Selected
trip_unlinked,ontime_imp_action_4,995,Missing Response
trip_unlinked,ontime_imp_action_5,0,Not selected
trip_unlinked,ontime_imp_action_5,1,Selected
trip_unlinked,ontime_imp_action_5,995,Missing Response
trip_unlinked,ontime_imp_action_6,0,Not selected
trip_unlinked,ontime_imp_action_6,1,Selected
trip_unlinked,ontime_imp_action_6,995,Missing Response
trip_unlinked,first_leg,0,No
trip_unlinked,first_leg,1,Yes
trip_unlinked,first_leg,995,Missing Response
trip_unlinked,last_leg,0,No
trip_unlinked,last_leg,1,Yes
trip_unlinked,last_leg,995,Missing Response
trip_unlinked,is_transit_leg,0,No
trip_unlinked,is_transit_leg,1,Yes
trip_unlinked,is_transit_leg,995,Missing Response
trip_unlinked,is_transit,0,No
trip_unlinked,is_transit,1,Yes
trip_unlinked,is_transit,995,Missing Response
trip_unlinked,is_access,0,No
trip_unlinked,is_access,1,Yes
trip_unlinked,is_access,995,Missing Response
trip_unlinked,is_egress,0,No
trip_unlinked,is_egress,1,Yes
trip_unlinked,is_egress,995,Missing Response
trip_unlinked,has_access,0,No
trip_unlinked,has_access,1,Yes
trip_unlinked,has_access,995,Missing Response
trip_unlinked,has_synthetic_access,0,No
trip_unlinked,has_synthetic_access,1,Yes
trip_unlinked,has_synthetic_access,995,Missing Response
trip_unlinked,has_egress,0,No
trip_unlinked,has_egress,1,Yes
trip_unlinked,has_egress,995,Missing Response
trip_unlinked,has_synthetic_egress,0,No
trip_unlinked,has_synthetic_egress,1,Yes
trip_unlinked,has_synthetic_egress,995,Missing Response
trip_unlinked,transit_quality_flag,1,Synthetically generated access leg
trip_unlinked,transit_quality_flag,2,Synthetically generated egress leg
trip_unlinked,transit_quality_flag,3,Reported mode flagged during review
trip_unlinked,transit_quality_flag,4,Reported mode flagged during review for long-distance trip
trip_unlinked,transit_quality_flag,995,Missing Response
trip_unlinked,imputed_record_type,0,Reported
trip_unlinked,imputed_record_type,1,Nonproxy Imputation
trip_unlinked,imputed_record_type,2,School Imputation
trip_unlinked,imputed_joint_trip,0,Not an imputed joint trip
trip_unlinked,imputed_joint_trip,1,Imputed joint trip
trip_linked,linked_trip_mode,-1,Not imputable
trip_linked,linked_trip_mode,1,School bus
trip_linked,linked_trip_mode,2,Drive to ferry
trip_linked,linked_trip_mode,3,Drive to rail
trip_linked,linked_trip_mode,4,Drive to bus
trip_linked,linked_trip_mode,5,Walk to ferry
trip_linked,linked_trip_mode,6,Walk to rail
trip_linked,linked_trip_mode,7,Walk to bus
trip_linked,linked_trip_mode,8,HOV (3+ people)
trip_linked,linked_trip_mode,9,HOV (2 people)
trip_linked,linked_trip_mode,10,SOV
trip_linked,linked_trip_mode,11,Bike
trip_linked,linked_trip_mode,12,Micromobility
trip_linked,linked_trip_mode,13,Taxi
trip_linked,linked_trip_mode,14,TNC
trip_linked,linked_trip_mode,15,Walk
trip_linked,linked_trip_mode,16,Long distance mode
trip_linked,linked_trip_mode,17,Other
trip_linked,linked_trip_mode,18,Transit
trip_linked,outbound,0,Inbound towards home
trip_linked,outbound,1,Outbound away from home
trip_linked,joint_status,-1,Not imputable
trip_linked,joint_status,1,Not Joint
trip_linked,joint_status,2,Partially Joint
trip_linked,joint_status,3,Fully Joint
